timestamp,y_true,y_pred,true_category,pred_category
2019-01-01 02:00:00,8.355555555555556,2.307522773742676,Normal,Normal
2019-01-01 03:00:00,16.025000000000002,2.7113165855407715,Normal,Normal
2019-01-01 04:00:00,0.2357142857142857,4.185551166534424,Normal,Normal
2019-01-01 05:00:00,40.36851851851852,0.13712137937545776,Moderate,Normal
2019-01-01 06:00:00,65.67261904761904,0.9590306878089905,Moderate,Normal
2019-01-01 07:00:00,42.11666666666667,7.802485942840576,Moderate,Normal
2019-01-01 08:00:00,21.155208333333334,3.8915629386901855,Moderate,Normal
2019-01-01 09:00:00,54.75,5.487009525299072,Moderate,Normal
2019-01-01 10:00:00,59.89027777777778,5.13973331451416,Moderate,Normal
2019-01-01 11:00:00,155.15933333333334,9.103288650512695,Severe,Normal
2019-01-01 12:00:00,103.01597222222222,19.928138732910156,Severe,Normal
2019-01-01 13:00:00,219.9228395061728,42.31503677368164,Severe,Moderate
2019-01-01 14:00:00,117.71465517241379,57.15729522705078,Severe,Moderate
2019-01-01 15:00:00,148.46380208333335,32.09244155883789,Severe,Moderate
2019-01-01 16:00:00,176.79142156862744,72.66637420654297,Severe,Moderate
2019-01-01 17:00:00,170.32032520325203,91.14639282226562,Severe,Severe
2019-01-01 18:00:00,199.60448717948717,55.94060516357422,Severe,Moderate
2019-01-01 19:00:00,154.93536036036033,91.3585205078125,Severe,Severe
2019-01-01 20:00:00,161.7861111111111,34.019710540771484,Severe,Moderate
2019-01-01 21:00:00,188.52881944444448,112.81878662109375,Severe,Severe
2019-01-01 22:00:00,172.79166666666666,65.51068878173828,Severe,Moderate
2019-01-01 23:00:00,236.98314814814816,90.93309783935547,Severe,Severe
2019-01-02 00:00:00,325.3521739130435,6.421130180358887,Severe,Normal
2019-01-02 01:00:00,199.86999999999998,134.9343719482422,Severe,Severe
2019-01-02 02:00:00,95.4609375,36.49705123901367,Severe,Moderate
2019-01-02 03:00:00,52.65833333333333,55.317237854003906,Moderate,Moderate
2019-01-02 04:00:00,50.19117647058823,31.112775802612305,Moderate,Moderate
2019-01-02 05:00:00,1.601190476190476,11.69140338897705,Normal,Normal
2019-01-02 06:00:00,39.41184210526316,4.6210126876831055,Moderate,Normal
2019-01-02 07:00:00,43.126999999999995,24.743619918823242,Moderate,Moderate
2019-01-02 08:00:00,28.50482456140351,6.67013692855835,Moderate,Normal
2019-01-02 09:00:00,48.069444444444436,11.087815284729004,Moderate,Normal
2019-01-02 10:00:00,135.32738095238096,30.719640731811523,Severe,Moderate
2019-01-02 11:00:00,132.98416666666668,89.60637664794922,Severe,Moderate
2019-01-02 12:00:00,151.12020202020202,85.47869110107422,Severe,Moderate
2019-01-02 13:00:00,154.5847222222222,92.44144439697266,Severe,Severe
2019-01-02 14:00:00,93.16463963963963,81.37498474121094,Severe,Moderate
2019-01-02 15:00:00,192.43560606060603,106.85641479492188,Severe,Severe
2019-01-02 16:00:00,168.84407894736842,151.40145874023438,Severe,Severe
2019-01-02 17:00:00,179.2301282051282,146.6024627685547,Severe,Severe
2019-01-02 18:00:00,146.72947154471547,108.68233489990234,Severe,Severe
2019-01-02 19:00:00,166.82301587301586,115.59256744384766,Severe,Severe
2019-01-02 20:00:00,160.44186991869918,53.23863220214844,Severe,Moderate
2019-01-02 21:00:00,218.4132575757576,169.02484130859375,Severe,Severe
2019-01-02 22:00:00,187.2813953488372,176.229736328125,Severe,Severe
2019-01-02 23:00:00,255.67658730158732,211.2521209716797,Severe,Severe
2019-01-03 00:00:00,311.04097222222225,134.8193359375,Severe,Severe
2019-01-03 01:00:00,215.4958333333333,152.30894470214844,Severe,Severe
2019-01-03 02:00:00,91.87083333333332,58.88624572753906,Severe,Moderate
2019-01-03 03:00:00,7.011111111111112,3.648344039916992,Normal,Normal
2019-01-03 04:00:00,101.63888888888887,42.97501754760742,Severe,Moderate
2019-01-03 05:00:00,2.4107142857142856,7.538893699645996,Normal,Normal
2019-01-03 06:00:00,19.325,7.119997978210449,Normal,Normal
2019-01-03 07:00:00,42.86111111111111,35.234310150146484,Moderate,Moderate
2019-01-03 08:00:00,19.651851851851852,8.25567626953125,Normal,Normal
2019-01-03 09:00:00,30.325,24.14548683166504,Moderate,Moderate
2019-01-03 10:00:00,96.27675438596492,64.4521713256836,Severe,Moderate
2019-01-03 11:00:00,82.99294871794872,92.23213195800781,Moderate,Severe
2019-01-03 12:00:00,149.25681818181818,111.93879699707031,Severe,Severe
2019-01-03 13:00:00,145.4177419354839,65.13101959228516,Severe,Moderate
2019-01-03 14:00:00,84.99109195402298,47.315433502197266,Moderate,Moderate
2019-01-03 15:00:00,172.2827777777778,146.48992919921875,Severe,Severe
2019-01-03 16:00:00,211.63,144.66737365722656,Severe,Severe
2019-01-03 17:00:00,210.67342342342343,187.75721740722656,Severe,Severe
2019-01-03 18:00:00,174.49715447154472,131.37506103515625,Severe,Severe
2019-01-03 19:00:00,124.28525641025641,103.16209411621094,Severe,Severe
2019-01-03 20:00:00,159.81666666666666,139.32652282714844,Severe,Severe
2019-01-03 21:00:00,248.25021367521367,210.7721405029297,Severe,Severe
2019-01-03 22:00:00,207.9222222222222,166.5790252685547,Severe,Severe
2019-01-03 23:00:00,223.74671052631578,182.27687072753906,Severe,Severe
2019-01-04 00:00:00,213.81583333333333,175.1474609375,Severe,Severe
2019-01-04 01:00:00,262.5890625,217.54991149902344,Severe,Severe
2019-01-04 02:00:00,82.74208333333334,61.86185836791992,Moderate,Moderate
2019-01-04 03:00:00,26.945000000000004,5.185455799102783,Moderate,Normal
2019-01-04 04:00:00,111.88222222222223,54.95252227783203,Severe,Moderate
2019-01-04 05:00:00,28.468627450980392,2.758406639099121,Moderate,Normal
2019-01-04 06:00:00,31.440178571428568,12.465675354003906,Moderate,Normal
2019-01-04 07:00:00,53.73583333333333,23.109956741333008,Moderate,Moderate
2019-01-04 08:00:00,33.196875,8.909150123596191,Moderate,Normal
2019-01-04 09:00:00,32.21133333333333,22.608186721801758,Moderate,Moderate
2019-01-04 10:00:00,64.63333333333333,48.77964401245117,Moderate,Moderate
2019-01-04 11:00:00,139.3072580645161,110.11280822753906,Severe,Severe
2019-01-04 12:00:00,162.30782828282827,144.45834350585938,Severe,Severe
2019-01-04 13:00:00,124.30876068376067,103.94842529296875,Severe,Severe
2019-01-04 14:00:00,125.49485294117649,100.43671417236328,Severe,Severe
2019-01-04 15:00:00,165.60967741935485,139.44578552246094,Severe,Severe
2019-01-04 16:00:00,179.8279411764706,164.40806579589844,Severe,Severe
2019-01-04 17:00:00,173.04786324786326,140.02212524414062,Severe,Severe
2019-01-04 18:00:00,160.86666666666667,135.6954803466797,Severe,Severe
2019-01-04 19:00:00,150.05445736434106,123.97418975830078,Severe,Severe
2019-01-04 20:00:00,163.74806201550388,121.19979858398438,Severe,Severe
2019-01-04 21:00:00,208.22655038759692,195.53854370117188,Severe,Severe
2019-01-04 22:00:00,198.35181159420293,175.7107696533203,Severe,Severe
2019-01-04 23:00:00,236.00368217054267,201.37554931640625,Severe,Severe
2019-01-05 00:00:00,255.732,201.58584594726562,Severe,Severe
2019-01-05 01:00:00,206.07738095238093,196.95982360839844,Severe,Severe
2019-01-05 02:00:00,116.56354166666667,34.043216705322266,Severe,Moderate
2019-01-05 03:00:00,50.63717948717949,25.07440948486328,Moderate,Moderate
2019-01-05 04:00:00,57.45384615384615,32.507240295410156,Moderate,Moderate
2019-01-05 05:00:00,80.33888888888889,39.33979034423828,Moderate,Moderate
2019-01-05 06:00:00,12.005,4.986550807952881,Normal,Normal
2019-01-05 07:00:00,59.68717948717949,49.64018249511719,Moderate,Moderate
2019-01-05 08:00:00,10.079824561403507,7.215236663818359,Normal,Normal
2019-01-05 09:00:00,84.43044871794872,58.535888671875,Moderate,Moderate
2019-01-05 10:00:00,21.53271604938272,10.765999794006348,Moderate,Normal
2019-01-05 11:00:00,128.49194444444444,108.682861328125,Severe,Severe
2019-01-05 12:00:00,135.0854761904762,110.89684295654297,Severe,Severe
2019-01-05 13:00:00,135.05157657657657,115.53022003173828,Severe,Severe
2019-01-05 14:00:00,131.8074074074074,110.73040008544922,Severe,Severe
2019-01-05 15:00:00,173.1982323232323,131.55020141601562,Severe,Severe
2019-01-05 16:00:00,149.8546568627451,128.9779052734375,Severe,Severe
2019-01-05 17:00:00,195.93983739837398,185.92837524414062,Severe,Severe
2019-01-05 18:00:00,142.90894308943092,134.7299041748047,Severe,Severe
2019-01-05 19:00:00,118.79666666666668,114.74650573730469,Severe,Severe
2019-01-05 20:00:00,154.73049242424244,158.77098083496094,Severe,Severe
2019-01-05 21:00:00,215.15202702702703,174.74217224121094,Severe,Severe
2019-01-05 22:00:00,192.93423423423425,180.68795776367188,Severe,Severe
2019-01-05 23:00:00,257.8388157894737,232.21514892578125,Severe,Severe
2019-01-06 00:00:00,224.69444444444446,212.15447998046875,Severe,Severe
2019-01-06 01:00:00,336.02559523809526,172.16175842285156,Severe,Severe
2019-01-06 02:00:00,79.85043859649124,51.23556137084961,Moderate,Moderate
2019-01-06 03:00:00,15.394791666666666,3.517897367477417,Normal,Normal
2019-01-06 04:00:00,89.14102564102565,38.79209518432617,Moderate,Moderate
2019-01-06 05:00:00,23.099999999999998,23.39063262939453,Moderate,Moderate
2019-01-06 06:00:00,33.641269841269846,17.60108184814453,Moderate,Normal
2019-01-06 07:00:00,50.88586956521739,25.889995574951172,Moderate,Moderate
2019-01-06 08:00:00,9.751041666666666,8.88995361328125,Normal,Normal
2019-01-06 09:00:00,52.02833333333333,36.32571792602539,Moderate,Moderate
2019-01-06 10:00:00,82.63472222222222,55.7144889831543,Moderate,Moderate
2019-01-06 11:00:00,110.40641025641025,82.19815063476562,Severe,Moderate
2019-01-06 12:00:00,162.03482142857143,125.58586120605469,Severe,Severe
2019-01-06 13:00:00,157.42373737373737,129.2106170654297,Severe,Severe
2019-01-06 14:00:00,97.89885057471264,66.27021026611328,Severe,Moderate
2019-01-06 15:00:00,185.0654761904762,144.3236541748047,Severe,Severe
2019-01-06 16:00:00,164.13958333333332,158.12506103515625,Severe,Severe
2019-01-06 17:00:00,175.26854166666666,160.34494018554688,Severe,Severe
2019-01-06 18:00:00,202.65968992248062,173.74110412597656,Severe,Severe
2019-01-06 19:00:00,136.19710884353742,119.87106323242188,Severe,Severe
2019-01-06 20:00:00,131.0369318181818,110.72221374511719,Severe,Severe
2019-01-06 21:00:00,200.41065891472866,184.84153747558594,Severe,Severe
2019-01-06 22:00:00,215.74302325581394,195.82025146484375,Severe,Severe
2019-01-06 23:00:00,213.30878378378378,198.92918395996094,Severe,Severe
2019-01-07 00:00:00,291.4608695652174,222.43734741210938,Severe,Severe
2019-01-07 01:00:00,127.125,112.57913208007812,Severe,Severe
2019-01-07 02:00:00,121.48101851851851,59.37259292602539,Severe,Moderate
2019-01-07 03:00:00,109.96458333333334,24.423460006713867,Severe,Moderate
2019-01-07 04:00:00,77.12878787878789,57.968135833740234,Moderate,Moderate
2019-01-07 05:00:00,5.38859649122807,34.37480545043945,Normal,Moderate
2019-01-07 06:00:00,16.731250000000003,10.19037914276123,Normal,Normal
2019-01-07 07:00:00,52.74782608695652,34.239437103271484,Moderate,Moderate
2019-01-07 08:00:00,25.95714285714286,6.5583720207214355,Moderate,Normal
2019-01-07 09:00:00,63.736000000000004,34.08963394165039,Moderate,Moderate
2019-01-07 10:00:00,52.669333333333334,32.816768646240234,Moderate,Moderate
2019-01-07 11:00:00,96.96858974358973,83.55322265625,Severe,Moderate
2019-01-07 12:00:00,134.19489247311827,119.90852355957031,Severe,Severe
2019-01-07 13:00:00,150.27654320987654,113.01361846923828,Severe,Severe
2019-01-07 14:00:00,97.81937500000001,85.6714096069336,Severe,Moderate
2019-01-07 15:00:00,178.70106837606838,166.0382843017578,Severe,Severe
2019-01-07 16:00:00,177.0510752688172,163.91249084472656,Severe,Severe
2019-01-07 17:00:00,195.77916666666667,168.3445281982422,Severe,Severe
2019-01-07 18:00:00,136.1734649122807,120.26181030273438,Severe,Severe
2019-01-07 19:00:00,151.08541666666667,134.3137969970703,Severe,Severe
2019-01-07 20:00:00,163.80876068376068,161.51072692871094,Severe,Severe
2019-01-07 21:00:00,209.90796296296296,189.99900817871094,Severe,Severe
2019-01-07 22:00:00,200.79603174603173,195.6953887939453,Severe,Severe
2019-01-07 23:00:00,253.42950450450454,236.9429931640625,Severe,Severe
2019-01-08 00:00:00,301.3098484848485,205.61595153808594,Severe,Severe
2019-01-08 01:00:00,281.4351851851852,211.68511962890625,Severe,Severe
2019-01-08 02:00:00,66.34803921568627,90.3636474609375,Moderate,Severe
2019-01-08 03:00:00,55.34791666666667,49.88077163696289,Moderate,Moderate
2019-01-08 04:00:00,54.579166666666666,24.34600257873535,Moderate,Moderate
2019-01-08 05:00:00,45.12962962962963,6.88042688369751,Moderate,Normal
2019-01-08 06:00:00,51.339166666666664,21.849180221557617,Moderate,Moderate
2019-01-08 07:00:00,24.53297101449275,14.22935962677002,Moderate,Normal
2019-01-08 08:00:00,42.84166666666667,24.89474105834961,Moderate,Moderate
2019-01-08 09:00:00,25.50238095238095,24.1387882232666,Moderate,Moderate
2019-01-08 10:00:00,50.22430555555555,32.04036331176758,Moderate,Moderate
2019-01-08 11:00:00,121.0,99.85487365722656,Severe,Severe
2019-01-08 12:00:00,166.80277777777778,159.3444061279297,Severe,Severe
2019-01-08 13:00:00,134.51711711711712,123.98252868652344,Severe,Severe
2019-01-08 14:00:00,69.20269607843137,64.08255004882812,Moderate,Moderate
2019-01-08 15:00:00,195.21959459459458,182.8490753173828,Severe,Severe
2019-01-08 16:00:00,161.87426470588235,150.72543334960938,Severe,Severe
2019-01-08 17:00:00,185.20833333333334,170.99249267578125,Severe,Severe
2019-01-08 18:00:00,149.19108527131783,137.90382385253906,Severe,Severe
2019-01-08 19:00:00,102.68920454545452,92.00765228271484,Severe,Severe
2019-01-08 20:00:00,191.90235042735043,184.86651611328125,Severe,Severe
2019-01-08 21:00:00,192.59223484848488,174.21258544921875,Severe,Severe
2019-01-08 22:00:00,214.70182926829267,209.9634552001953,Severe,Severe
2019-01-08 23:00:00,261.61523809523806,227.53941345214844,Severe,Severe
2019-01-09 00:00:00,262.6212121212121,243.32594299316406,Severe,Severe
2019-01-09 01:00:00,225.10576923076923,118.11071014404297,Severe,Severe
2019-01-09 02:00:00,117.38903508771928,58.42578125,Severe,Moderate
2019-01-09 03:00:00,93.97222222222223,59.093448638916016,Severe,Moderate
2019-01-09 04:00:00,48.48888888888889,36.37602233886719,Moderate,Moderate
2019-01-09 05:00:00,45.748039215686276,23.24691390991211,Moderate,Moderate
2019-01-09 06:00:00,15.056159420289855,12.320367813110352,Normal,Normal
2019-01-09 07:00:00,37.71666666666666,36.21520233154297,Moderate,Moderate
2019-01-09 08:00:00,30.456578947368417,15.771319389343262,Moderate,Normal
2019-01-09 09:00:00,44.43782051282051,28.24555206298828,Moderate,Moderate
2019-01-09 10:00:00,49.159469696969694,38.33277893066406,Moderate,Moderate
2019-01-09 11:00:00,118.45252525252525,95.40547180175781,Severe,Severe
2019-01-09 12:00:00,161.4821428571429,159.41586303710938,Severe,Severe
2019-01-09 13:00:00,137.73076923076923,114.36773681640625,Severe,Severe
2019-01-09 14:00:00,136.2778455284553,120.23365783691406,Severe,Severe
2019-01-09 15:00:00,190.34250000000003,157.12611389160156,Severe,Severe
2019-01-09 16:00:00,153.70918803418803,134.12759399414062,Severe,Severe
2019-01-09 17:00:00,169.0857142857143,158.92605590820312,Severe,Severe
2019-01-09 18:00:00,163.59594594594594,157.54641723632812,Severe,Severe
2019-01-09 19:00:00,129.67791666666668,114.8214340209961,Severe,Severe
2019-01-09 20:00:00,141.4962765957447,129.990966796875,Severe,Severe
2019-01-09 21:00:00,204.45435606060607,196.58482360839844,Severe,Severe
2019-01-09 22:00:00,198.36356589147283,186.71405029296875,Severe,Severe
2019-01-09 23:00:00,259.27280701754387,244.75706481933594,Severe,Severe
2019-01-10 00:00:00,304.84117647058827,218.22030639648438,Severe,Severe
2019-01-10 01:00:00,205.71428571428572,147.1033935546875,Severe,Severe
2019-01-10 02:00:00,88.50595238095238,67.37290954589844,Moderate,Moderate
2019-01-10 03:00:00,54.51190476190476,95.59818267822266,Moderate,Severe
2019-01-10 04:00:00,73.30777777777779,32.046546936035156,Moderate,Moderate
2019-01-10 05:00:00,28.071428571428573,18.36384391784668,Moderate,Normal
2019-01-10 06:00:00,3.6736666666666666,2.5974326133728027,Normal,Normal
2019-01-10 07:00:00,34.79047619047619,29.91678237915039,Moderate,Moderate
2019-01-10 08:00:00,31.116287878787883,18.293941497802734,Moderate,Normal
2019-01-10 09:00:00,57.42936507936508,49.81836700439453,Moderate,Moderate
2019-01-10 10:00:00,49.27572463768116,30.74020004272461,Moderate,Moderate
2019-01-10 11:00:00,136.77055555555555,113.81262969970703,Severe,Severe
2019-01-10 12:00:00,136.07156862745097,112.4328842163086,Severe,Severe
2019-01-10 13:00:00,166.04558823529413,157.35748291015625,Severe,Severe
2019-01-10 14:00:00,98.8011574074074,83.59651947021484,Severe,Moderate
2019-01-10 15:00:00,167.2777777777778,144.5008087158203,Severe,Severe
2019-01-10 16:00:00,164.361036036036,146.916259765625,Severe,Severe
2019-01-10 17:00:00,199.09512195121954,181.78060913085938,Severe,Severe
2019-01-10 18:00:00,155.7498015873016,144.26202392578125,Severe,Severe
2019-01-10 19:00:00,119.78048780487805,117.57719421386719,Severe,Severe
2019-01-10 20:00:00,165.63297872340425,168.65838623046875,Severe,Severe
2019-01-10 21:00:00,207.81124031007755,202.85598754882812,Severe,Severe
2019-01-10 22:00:00,209.0059829059829,204.78680419921875,Severe,Severe
2019-01-10 23:00:00,269.8752525252525,262.0605163574219,Severe,Severe
2019-01-11 00:00:00,248.40873015873015,205.0722198486328,Severe,Severe
2019-01-11 01:00:00,171.4102564102564,150.41334533691406,Severe,Severe
2019-01-11 02:00:00,107.92063492063491,58.69818878173828,Severe,Moderate
2019-01-11 03:00:00,14.247222222222222,27.92066192626953,Normal,Moderate
2019-01-11 04:00:00,52.86458333333333,63.922447204589844,Moderate,Moderate
2019-01-11 05:00:00,4.758333333333334,14.187602043151855,Normal,Normal
2019-01-11 06:00:00,27.796825396825398,16.44476890563965,Moderate,Normal
2019-01-11 07:00:00,40.46909722222222,34.3026237487793,Moderate,Moderate
2019-01-11 08:00:00,10.885507246376813,6.9345903396606445,Normal,Normal
2019-01-11 09:00:00,65.715,62.56494903564453,Moderate,Moderate
2019-01-11 10:00:00,51.812698412698424,36.52128982543945,Moderate,Moderate
2019-01-11 11:00:00,114.25545977011494,105.04757690429688,Severe,Severe
2019-01-11 12:00:00,109.48101851851852,87.52286529541016,Severe,Moderate
2019-01-11 13:00:00,133.53696581196584,132.45504760742188,Severe,Severe
2019-01-11 14:00:00,136.91261904761902,126.23444366455078,Severe,Severe
2019-01-11 15:00:00,159.02361111111114,146.178466796875,Severe,Severe
2019-01-11 16:00:00,149.3872685185185,144.82904052734375,Severe,Severe
2019-01-11 17:00:00,198.01666666666668,189.01596069335938,Severe,Severe
2019-01-11 18:00:00,176.96646825396826,159.9750213623047,Severe,Severe
2019-01-11 19:00:00,136.22632575757575,127.32084655761719,Severe,Severe
2019-01-11 20:00:00,169.39365942028985,152.58786010742188,Severe,Severe
2019-01-11 21:00:00,169.2612847222222,145.58082580566406,Severe,Severe
2019-01-11 22:00:00,221.43488372093026,209.34461975097656,Severe,Severe
2019-01-11 23:00:00,267.3923423423423,259.148681640625,Severe,Severe
2019-01-12 00:00:00,256.54393939393935,129.11692810058594,Severe,Severe
2019-01-12 01:00:00,146.20166666666665,75.18846130371094,Severe,Moderate
2019-01-12 02:00:00,109.16029411764706,63.206443786621094,Severe,Moderate
2019-01-12 03:00:00,56.10611111111112,25.138166427612305,Moderate,Moderate
2019-01-12 04:00:00,59.324999999999996,66.57804870605469,Moderate,Moderate
2019-01-12 05:00:00,8.098958333333334,2.4021427631378174,Normal,Normal
2019-01-12 06:00:00,13.765625,3.7708070278167725,Normal,Normal
2019-01-12 07:00:00,40.76893939393939,34.3976936340332,Moderate,Moderate
2019-01-12 08:00:00,17.127,8.223998069763184,Normal,Normal
2019-01-12 09:00:00,77.63846153846154,43.83259963989258,Moderate,Moderate
2019-01-12 10:00:00,65.8094696969697,27.818012237548828,Moderate,Moderate
2019-01-12 11:00:00,106.54609374999998,82.17723083496094,Severe,Moderate
2019-01-12 12:00:00,150.66416666666663,114.6816177368164,Severe,Severe
2019-01-12 13:00:00,168.36068376068377,147.73426818847656,Severe,Severe
2019-01-12 14:00:00,129.17927350427354,115.42597198486328,Severe,Severe
2019-01-12 15:00:00,150.96416666666667,128.1182098388672,Severe,Severe
2019-01-12 16:00:00,186.38541666666666,171.8835906982422,Severe,Severe
2019-01-12 17:00:00,164.9650900900901,146.86849975585938,Severe,Severe
2019-01-12 18:00:00,189.95467479674795,171.73651123046875,Severe,Severe
2019-01-12 19:00:00,122.63876811594203,98.09730529785156,Severe,Severe
2019-01-12 20:00:00,161.4151515151515,147.79803466796875,Severe,Severe
2019-01-12 21:00:00,217.14041666666668,185.14303588867188,Severe,Severe
2019-01-12 22:00:00,191.2408914728682,185.61277770996094,Severe,Severe
2019-01-12 23:00:00,248.79529914529914,234.8642120361328,Severe,Severe
2019-01-13 00:00:00,270.3974358974359,147.354248046875,Severe,Severe
2019-01-13 01:00:00,196.47564102564104,154.52574157714844,Severe,Severe
2019-01-13 02:00:00,87.68715277777778,64.55191802978516,Moderate,Moderate
2019-01-13 03:00:00,10.942307692307692,44.78224563598633,Normal,Moderate
2019-01-13 04:00:00,41.90208333333334,8.437504768371582,Moderate,Normal
2019-01-13 05:00:00,82.15312499999999,22.110065460205078,Moderate,Moderate
2019-01-13 06:00:00,33.125347222222224,17.059232711791992,Moderate,Normal
2019-01-13 07:00:00,57.814236111111114,32.27897262573242,Moderate,Moderate
2019-01-13 08:00:00,17.97948717948718,15.390176773071289,Normal,Normal
2019-01-13 09:00:00,51.708333333333336,47.886199951171875,Moderate,Moderate
2019-01-13 10:00:00,68.1025641025641,74.87492370605469,Moderate,Moderate
2019-01-13 11:00:00,97.74933333333333,68.16336822509766,Severe,Moderate
2019-01-13 12:00:00,181.45860215053762,150.52133178710938,Severe,Severe
2019-01-13 13:00:00,133.36021505376343,118.49470520019531,Severe,Severe
2019-01-13 14:00:00,105.48428571428572,99.14152526855469,Severe,Severe
2019-01-13 15:00:00,169.51789215686273,163.3214111328125,Severe,Severe
2019-01-13 16:00:00,171.57357723577235,174.7793731689453,Severe,Severe
2019-01-13 17:00:00,185.27809523809523,155.92947387695312,Severe,Severe
2019-01-13 18:00:00,134.61304347826086,126.43397521972656,Severe,Severe
2019-01-13 19:00:00,133.6438888888889,128.77447509765625,Severe,Severe
2019-01-13 20:00:00,128.97609649122808,123.65467071533203,Severe,Severe
2019-01-13 21:00:00,216.29356060606062,202.7451171875,Severe,Severe
2019-01-13 22:00:00,197.74543650793652,182.56385803222656,Severe,Severe
2019-01-13 23:00:00,296.15416666666664,288.806884765625,Severe,Severe
2019-01-14 00:00:00,291.41491228070174,207.60238647460938,Severe,Severe
2019-01-14 01:00:00,185.55333333333334,133.74142456054688,Severe,Severe
2019-01-14 02:00:00,146.11499999999998,100.24060821533203,Severe,Severe
2019-01-14 03:00:00,104.7404761904762,37.64013671875,Severe,Moderate
2019-01-14 04:00:00,39.001666666666665,37.75739288330078,Moderate,Moderate
2019-01-14 05:00:00,60.983333333333334,17.07620620727539,Moderate,Normal
2019-01-14 06:00:00,28.947756410256414,12.504144668579102,Moderate,Normal
2019-01-14 07:00:00,35.025,27.651458740234375,Moderate,Moderate
2019-01-14 08:00:00,34.38722222222222,31.089433670043945,Moderate,Moderate
2019-01-14 09:00:00,58.30530303030303,42.10360336303711,Moderate,Moderate
2019-01-14 10:00:00,32.083333333333336,32.152488708496094,Moderate,Moderate
2019-01-14 11:00:00,131.19296875,112.09133911132812,Severe,Severe
2019-01-14 12:00:00,174.35292792792796,136.35433959960938,Severe,Severe
2019-01-14 13:00:00,117.94970238095236,102.22687530517578,Severe,Severe
2019-01-14 14:00:00,115.42047619047621,95.51692962646484,Severe,Severe
2019-01-14 15:00:00,175.72521929824563,144.14724731445312,Severe,Severe
2019-01-14 16:00:00,197.42142857142858,180.47251892089844,Severe,Severe
2019-01-14 17:00:00,162.12083333333334,158.47898864746094,Severe,Severe
2019-01-14 18:00:00,135.08674242424243,119.76819610595703,Severe,Severe
2019-01-14 19:00:00,158.09146825396826,153.96755981445312,Severe,Severe
2019-01-14 20:00:00,125.53948412698412,125.461181640625,Severe,Severe
2019-01-14 21:00:00,212.70535714285714,202.7548370361328,Severe,Severe
2019-01-14 22:00:00,225.15038759689924,221.48643493652344,Severe,Severe
2019-01-14 23:00:00,256.72199074074075,255.51071166992188,Severe,Severe
2019-01-15 00:00:00,265.17013888888886,217.3275604248047,Severe,Severe
2019-01-15 01:00:00,217.37666666666664,157.64764404296875,Severe,Severe
2019-01-15 02:00:00,138.40364583333331,75.06556701660156,Severe,Moderate
2019-01-15 03:00:00,55.7952380952381,50.706478118896484,Moderate,Moderate
2019-01-15 04:00:00,58.49111111111111,26.66697120666504,Moderate,Moderate
2019-01-15 05:00:00,49.6125,10.858222007751465,Moderate,Normal
2019-01-15 06:00:00,39.029807692307685,21.616981506347656,Moderate,Moderate
2019-01-15 07:00:00,48.79826388888889,28.820411682128906,Moderate,Moderate
2019-01-15 08:00:00,21.277083333333334,18.45793342590332,Moderate,Normal
2019-01-15 09:00:00,53.10111111111111,49.67137908935547,Moderate,Moderate
2019-01-15 10:00:00,51.00588235294117,25.454837799072266,Moderate,Moderate
2019-01-15 11:00:00,95.31766666666667,72.57627868652344,Severe,Moderate
2019-01-15 12:00:00,155.54999999999998,126.0671615600586,Severe,Severe
2019-01-15 13:00:00,200.67557471264365,181.48255920410156,Severe,Severe
2019-01-15 14:00:00,112.48156565656568,87.22737121582031,Severe,Moderate
2019-01-15 15:00:00,135.8410087719298,121.25939178466797,Severe,Severe
2019-01-15 16:00:00,163.27604166666666,140.5236053466797,Severe,Severe
2019-01-15 17:00:00,189.33373015873016,178.7635040283203,Severe,Severe
2019-01-15 18:00:00,155.96185185185186,139.3653106689453,Severe,Severe
2019-01-15 19:00:00,142.24796296296296,129.66957092285156,Severe,Severe
2019-01-15 20:00:00,171.09583333333333,162.13609313964844,Severe,Severe
2019-01-15 21:00:00,191.17351851851853,176.28025817871094,Severe,Severe
2019-01-15 22:00:00,206.37594696969697,201.77694702148438,Severe,Severe
2019-01-15 23:00:00,253.55416666666665,224.13455200195312,Severe,Severe
2019-01-16 00:00:00,282.4433333333334,237.0824432373047,Severe,Severe
2019-01-16 01:00:00,198.03589743589743,164.38768005371094,Severe,Severe
2019-01-16 02:00:00,99.80657894736842,84.8641586303711,Severe,Moderate
2019-01-16 03:00:00,38.55166666666666,24.341609954833984,Moderate,Moderate
2019-01-16 04:00:00,35.6051282051282,6.4869537353515625,Moderate,Normal
2019-01-16 05:00:00,71.39761904761905,42.81848907470703,Moderate,Moderate
2019-01-16 06:00:00,12.786111111111111,3.5911853313446045,Normal,Normal
2019-01-16 07:00:00,36.77633333333333,26.211036682128906,Moderate,Moderate
2019-01-16 08:00:00,6.733854166666667,10.114385604858398,Normal,Normal
2019-01-16 09:00:00,46.909375,42.43316650390625,Moderate,Moderate
2019-01-16 10:00:00,109.13154761904762,100.9977035522461,Severe,Severe
2019-01-16 11:00:00,115.65217391304348,75.91356658935547,Severe,Moderate
2019-01-16 12:00:00,152.0253086419753,119.89488983154297,Severe,Severe
2019-01-16 13:00:00,148.28815789473683,119.91620635986328,Severe,Severe
2019-01-16 14:00:00,157.2046052631579,123.33612823486328,Severe,Severe
2019-01-16 15:00:00,152.46171171171173,130.1132049560547,Severe,Severe
2019-01-16 16:00:00,179.1533783783784,150.5301971435547,Severe,Severe
2019-01-16 17:00:00,189.77333333333334,172.29116821289062,Severe,Severe
2019-01-16 18:00:00,191.82916666666665,171.56576538085938,Severe,Severe
2019-01-16 19:00:00,114.99796296296296,106.03272247314453,Severe,Severe
2019-01-16 20:00:00,179.3575925925926,160.1499786376953,Severe,Severe
2019-01-16 21:00:00,169.3585185185185,145.58607482910156,Severe,Severe
2019-01-16 22:00:00,228.28981481481483,214.26808166503906,Severe,Severe
2019-01-16 23:00:00,225.20752032520326,218.05096435546875,Severe,Severe
2019-01-17 00:00:00,248.3236111111111,218.9628448486328,Severe,Severe
2019-01-17 01:00:00,200.0,148.71279907226562,Severe,Severe
2019-01-17 02:00:00,90.14305555555556,67.0948486328125,Severe,Moderate
2019-01-17 03:00:00,43.61666666666666,36.34294891357422,Moderate,Moderate
2019-01-17 04:00:00,49.604166666666664,29.21453094482422,Moderate,Moderate
2019-01-17 05:00:00,57.363095238095234,2.4953112602233887,Moderate,Normal
2019-01-17 06:00:00,14.398809523809527,12.647626876831055,Normal,Normal
2019-01-17 07:00:00,62.62884615384615,43.72410583496094,Moderate,Moderate
2019-01-17 08:00:00,16.234166666666667,11.991766929626465,Normal,Normal
2019-01-17 09:00:00,71.5439393939394,49.726539611816406,Moderate,Moderate
2019-01-17 10:00:00,40.199691358024694,27.547269821166992,Moderate,Moderate
2019-01-17 11:00:00,112.83200000000001,88.651611328125,Severe,Moderate
2019-01-17 12:00:00,163.80454545454546,147.62973022460938,Severe,Severe
2019-01-17 13:00:00,159.70759803921572,143.214599609375,Severe,Severe
2019-01-17 14:00:00,100.83229166666668,80.4484634399414,Severe,Moderate
2019-01-17 15:00:00,142.90370370370368,121.59178161621094,Severe,Severe
2019-01-17 16:00:00,183.76008771929824,176.04751586914062,Severe,Severe
2019-01-17 17:00:00,214.67792792792795,199.353759765625,Severe,Severe
2019-01-17 18:00:00,136.01589147286822,122.7841796875,Severe,Severe
2019-01-17 19:00:00,122.55251937984495,118.74930572509766,Severe,Severe
2019-01-17 20:00:00,129.02708333333334,112.2093734741211,Severe,Severe
2019-01-17 21:00:00,226.04562500000003,217.94790649414062,Severe,Severe
2019-01-17 22:00:00,219.37125850340135,192.91986083984375,Severe,Severe
2019-01-17 23:00:00,239.2709523809524,225.57070922851562,Severe,Severe
2019-01-18 00:00:00,239.85606060606062,214.72853088378906,Severe,Severe
2019-01-18 01:00:00,228.30625,156.2017059326172,Severe,Severe
2019-01-18 02:00:00,101.28079710144928,54.20487594604492,Severe,Moderate
2019-01-18 03:00:00,50.603125000000006,45.265663146972656,Moderate,Moderate
2019-01-18 04:00:00,1.0402777777777776,1.5352168083190918,Normal,Normal
2019-01-18 05:00:00,7.004444444444445,4.0168657302856445,Normal,Normal
2019-01-18 06:00:00,37.68514492753623,18.66984748840332,Moderate,Normal
2019-01-18 07:00:00,38.94444444444444,24.480628967285156,Moderate,Moderate
2019-01-18 08:00:00,24.557142857142853,11.254063606262207,Moderate,Normal
2019-01-18 09:00:00,70.23235294117647,54.537899017333984,Moderate,Moderate
2019-01-18 10:00:00,76.68245614035088,44.607730865478516,Moderate,Moderate
2019-01-18 11:00:00,124.63333333333333,110.47435760498047,Severe,Severe
2019-01-18 12:00:00,146.48189655172416,122.81690216064453,Severe,Severe
2019-01-18 13:00:00,121.75944444444444,93.34062194824219,Severe,Severe
2019-01-18 14:00:00,161.42161458333334,123.32237243652344,Severe,Severe
2019-01-18 15:00:00,162.0363425925926,127.57071685791016,Severe,Severe
2019-01-18 16:00:00,228.55698924731183,179.04208374023438,Severe,Severe
2019-01-18 17:00:00,175.06581196581195,152.77146911621094,Severe,Severe
2019-01-18 18:00:00,167.45645833333333,134.03311157226562,Severe,Severe
2019-01-18 19:00:00,222.79893162393162,179.118408203125,Severe,Severe
2019-01-18 20:00:00,170.08177083333337,143.18177795410156,Severe,Severe
2019-01-18 21:00:00,204.11645833333336,156.75064086914062,Severe,Severe
2019-01-18 22:00:00,249.99791666666667,226.5652313232422,Severe,Severe
2019-01-18 23:00:00,224.22441860465116,207.12234497070312,Severe,Severe
2019-01-19 00:00:00,263.9611111111111,212.00360107421875,Severe,Severe
2019-01-19 01:00:00,220.39692982456137,154.07614135742188,Severe,Severe
2019-01-19 02:00:00,104.21777777777778,51.794132232666016,Severe,Moderate
2019-01-19 03:00:00,23.101190476190478,30.97866439819336,Moderate,Moderate
2019-01-19 04:00:00,92.67407407407407,49.95952224731445,Severe,Moderate
2019-01-19 05:00:00,82.36359649122807,19.564847946166992,Moderate,Normal
2019-01-19 06:00:00,17.98640350877193,15.250406265258789,Normal,Normal
2019-01-19 07:00:00,45.78641975308642,36.12488555908203,Moderate,Moderate
2019-01-19 08:00:00,26.624652777777783,16.223825454711914,Moderate,Normal
2019-01-19 09:00:00,29.609333333333336,24.081584930419922,Moderate,Moderate
2019-01-19 10:00:00,57.69233333333334,34.515892028808594,Moderate,Moderate
2019-01-19 11:00:00,154.36666666666667,139.1046905517578,Severe,Severe
2019-01-19 12:00:00,157.56848958333333,135.64788818359375,Severe,Severe
2019-01-19 13:00:00,139.9069105691057,107.93836975097656,Severe,Severe
2019-01-19 14:00:00,117.34729166666666,108.62553405761719,Severe,Severe
2019-01-19 15:00:00,180.20156250000002,133.583251953125,Severe,Severe
2019-01-19 16:00:00,164.7318376068376,158.42874145507812,Severe,Severe
2019-01-19 17:00:00,227.37238095238095,219.30885314941406,Severe,Severe
2019-01-19 18:00:00,145.94424603174605,134.12330627441406,Severe,Severe
2019-01-19 19:00:00,160.0580808080808,147.98948669433594,Severe,Severe
2019-01-19 20:00:00,153.1376893939394,139.12075805664062,Severe,Severe
2019-01-19 21:00:00,180.37400793650795,162.49462890625,Severe,Severe
2019-01-19 22:00:00,237.88257575757578,213.49594116210938,Severe,Severe
2019-01-19 23:00:00,183.93859649122808,169.0364227294922,Severe,Severe
2019-01-20 00:00:00,266.1090277777778,237.72174072265625,Severe,Severe
2019-01-20 01:00:00,260.3725490196079,202.11627197265625,Severe,Severe
2019-01-20 02:00:00,82.92458333333335,74.93738555908203,Moderate,Moderate
2019-01-20 03:00:00,27.6025,7.885290622711182,Moderate,Normal
2019-01-20 04:00:00,74.4515625,59.790382385253906,Moderate,Moderate
2019-01-20 05:00:00,51.12450980392157,32.85121154785156,Moderate,Moderate
2019-01-20 06:00:00,18.50357142857143,20.201967239379883,Normal,Moderate
2019-01-20 07:00:00,39.8231884057971,23.87720489501953,Moderate,Moderate
2019-01-20 08:00:00,36.18518518518519,18.15318489074707,Moderate,Normal
2019-01-20 09:00:00,48.29166666666666,37.230899810791016,Moderate,Moderate
2019-01-20 10:00:00,70.16805555555555,52.7281608581543,Moderate,Moderate
2019-01-20 11:00:00,124.78875000000001,108.67579650878906,Severe,Severe
2019-01-20 12:00:00,127.59821428571429,113.09119415283203,Severe,Severe
2019-01-20 13:00:00,144.91973684210527,128.94834899902344,Severe,Severe
2019-01-20 14:00:00,126.17731481481484,107.73400115966797,Severe,Severe
2019-01-20 15:00:00,150.49699074074073,142.21351623535156,Severe,Severe
2019-01-20 16:00:00,185.34935897435898,163.2029571533203,Severe,Severe
2019-01-20 17:00:00,183.1965811965812,169.06993103027344,Severe,Severe
2019-01-20 18:00:00,192.49204545454543,180.5023956298828,Severe,Severe
2019-01-20 19:00:00,126.84424603174602,121.2958984375,Severe,Severe
2019-01-20 20:00:00,167.83768115942027,147.6130828857422,Severe,Severe
2019-01-20 21:00:00,201.9698148148148,197.6001739501953,Severe,Severe
2019-01-20 22:00:00,224.1034090909091,223.08895874023438,Severe,Severe
2019-01-20 23:00:00,255.87296747967483,225.70970153808594,Severe,Severe
2019-01-21 00:00:00,292.8239130434782,280.2364196777344,Severe,Severe
2019-01-21 01:00:00,244.07000000000002,212.25975036621094,Severe,Severe
2019-01-21 02:00:00,89.2861111111111,29.296661376953125,Moderate,Moderate
2019-01-21 03:00:00,70.63571428571429,27.066011428833008,Moderate,Moderate
2019-01-21 04:00:00,78.10490196078432,55.260894775390625,Moderate,Moderate
2019-01-21 05:00:00,32.875757575757575,23.723255157470703,Moderate,Moderate
2019-01-21 06:00:00,15.854807692307693,13.602538108825684,Normal,Normal
2019-01-21 07:00:00,21.58452380952381,20.819915771484375,Moderate,Moderate
2019-01-21 08:00:00,9.716203703703705,4.982608795166016,Normal,Normal
2019-01-21 09:00:00,68.4420634920635,55.05736541748047,Moderate,Moderate
2019-01-21 10:00:00,60.06521739130435,39.205772399902344,Moderate,Moderate
2019-01-21 11:00:00,113.24464285714285,95.02528381347656,Severe,Severe
2019-01-21 12:00:00,128.2631313131313,110.84444427490234,Severe,Severe
2019-01-21 13:00:00,141.12526041666666,133.98419189453125,Severe,Severe
2019-01-21 14:00:00,120.14065656565657,111.84203338623047,Severe,Severe
2019-01-21 15:00:00,177.98671875,151.62948608398438,Severe,Severe
2019-01-21 16:00:00,210.69656862745097,190.28985595703125,Severe,Severe
2019-01-21 17:00:00,190.56734234234236,182.1372528076172,Severe,Severe
2019-01-21 18:00:00,167.7797619047619,157.5396270751953,Severe,Severe
2019-01-21 19:00:00,152.88670634920635,142.05514526367188,Severe,Severe
2019-01-21 20:00:00,143.64039855072465,134.29774475097656,Severe,Severe
2019-01-21 21:00:00,181.85717054263566,179.03900146484375,Severe,Severe
2019-01-21 22:00:00,210.1530797101449,202.19163513183594,Severe,Severe
2019-01-21 23:00:00,235.0317204301075,231.54629516601562,Severe,Severe
2019-01-22 00:00:00,332.73333333333335,234.9439697265625,Severe,Severe
2019-01-22 01:00:00,242.31507936507938,153.14942932128906,Severe,Severe
2019-01-22 02:00:00,73.97777777777777,55.67234420776367,Moderate,Moderate
2019-01-22 03:00:00,103.20714285714287,62.07356643676758,Severe,Moderate
2019-01-22 04:00:00,45.18846153846154,40.33161926269531,Moderate,Moderate
2019-01-22 05:00:00,44.12280701754387,35.95024108886719,Moderate,Moderate
2019-01-22 06:00:00,42.073484848484846,15.615804672241211,Moderate,Normal
2019-01-22 07:00:00,34.34649122807018,19.487314224243164,Moderate,Normal
2019-01-22 08:00:00,14.500362318840581,6.00308084487915,Normal,Normal
2019-01-22 09:00:00,42.71904761904762,31.043283462524414,Moderate,Moderate
2019-01-22 10:00:00,74.72420634920636,55.567962646484375,Moderate,Moderate
2019-01-22 11:00:00,104.67473118279571,87.25265502929688,Severe,Moderate
2019-01-22 12:00:00,129.7209595959596,123.14928436279297,Severe,Severe
2019-01-22 13:00:00,160.64019607843136,116.61445617675781,Severe,Severe
2019-01-22 14:00:00,76.1752688172043,59.600215911865234,Moderate,Moderate
2019-01-22 15:00:00,139.80130208333333,138.6236572265625,Severe,Severe
2019-01-22 16:00:00,187.10353535353534,169.88137817382812,Severe,Severe
2019-01-22 17:00:00,175.2072916666667,149.5821075439453,Severe,Severe
2019-01-22 18:00:00,150.47112403100775,118.44865417480469,Severe,Severe
2019-01-22 19:00:00,169.72259259259258,157.52923583984375,Severe,Severe
2019-01-22 20:00:00,158.80630081300816,145.47390747070312,Severe,Severe
2019-01-22 21:00:00,170.21479166666668,160.64364624023438,Severe,Severe
2019-01-22 22:00:00,204.1414772727273,195.89022827148438,Severe,Severe
2019-01-22 23:00:00,241.6113247863248,220.96707153320312,Severe,Severe
2019-01-23 00:00:00,261.392,222.07427978515625,Severe,Severe
2019-01-23 01:00:00,198.50055555555554,164.19827270507812,Severe,Severe
2019-01-23 02:00:00,63.774537037037035,37.23649597167969,Moderate,Moderate
2019-01-23 03:00:00,120.0,34.332908630371094,Severe,Moderate
2019-01-23 04:00:00,54.29907407407407,27.85077667236328,Moderate,Moderate
2019-01-23 05:00:00,12.372222222222222,3.2562904357910156,Normal,Normal
2019-01-23 06:00:00,31.25055555555555,17.130918502807617,Moderate,Normal
2019-01-23 07:00:00,43.784375000000004,12.774758338928223,Moderate,Normal
2019-01-23 08:00:00,10.185964912280701,6.8033318519592285,Normal,Normal
2019-01-23 09:00:00,61.04615384615385,41.617637634277344,Moderate,Moderate
2019-01-23 10:00:00,41.91825396825397,24.275522232055664,Moderate,Moderate
2019-01-23 11:00:00,118.37426470588237,113.61817169189453,Severe,Severe
2019-01-23 12:00:00,167.02435897435896,143.09066772460938,Severe,Severe
2019-01-23 13:00:00,124.8088095238095,116.8255844116211,Severe,Severe
2019-01-23 14:00:00,124.32680180180182,97.7447738647461,Severe,Severe
2019-01-23 15:00:00,169.59444444444443,165.26629638671875,Severe,Severe
2019-01-23 16:00:00,161.44436274509803,140.48316955566406,Severe,Severe
2019-01-23 17:00:00,173.8441287878788,159.9979705810547,Severe,Severe
2019-01-23 18:00:00,182.9758547008547,155.02590942382812,Severe,Severe
2019-01-23 19:00:00,148.34223484848485,126.89879608154297,Severe,Severe
2019-01-23 20:00:00,113.86401515151515,108.09416961669922,Severe,Severe
2019-01-23 21:00:00,211.46976744186048,197.1537322998047,Severe,Severe
2019-01-23 22:00:00,197.12043650793652,185.6544952392578,Severe,Severe
2019-01-23 23:00:00,232.39458333333332,209.31954956054688,Severe,Severe
2019-01-24 00:00:00,297.8904761904762,227.1587371826172,Severe,Severe
2019-01-24 01:00:00,248.77760416666666,216.824951171875,Severe,Severe
2019-01-24 02:00:00,71.45265151515152,55.08833312988281,Moderate,Moderate
2019-01-24 03:00:00,6.516666666666666,2.8350937366485596,Normal,Normal
2019-01-24 04:00:00,52.84166666666666,37.1433219909668,Moderate,Moderate
2019-01-24 05:00:00,40.855000000000004,39.80217742919922,Moderate,Moderate
2019-01-24 06:00:00,29.508333333333336,15.522392272949219,Moderate,Normal
2019-01-24 07:00:00,24.189880952380953,15.346945762634277,Moderate,Normal
2019-01-24 08:00:00,20.569907407407406,10.68642520904541,Moderate,Normal
2019-01-24 09:00:00,49.83257575757575,43.17372131347656,Moderate,Moderate
2019-01-24 10:00:00,57.4875,51.54844284057617,Moderate,Moderate
2019-01-24 11:00:00,122.00591397849463,104.38899230957031,Severe,Severe
2019-01-24 12:00:00,141.51029411764705,111.343505859375,Severe,Severe
2019-01-24 13:00:00,135.62005208333335,123.03887176513672,Severe,Severe
2019-01-24 14:00:00,87.31600877192982,84.53108978271484,Moderate,Moderate
2019-01-24 15:00:00,158.90188172043014,145.51780700683594,Severe,Severe
2019-01-24 16:00:00,188.37719298245614,187.33387756347656,Severe,Severe
2019-01-24 17:00:00,182.722149122807,170.9192352294922,Severe,Severe
2019-01-24 18:00:00,151.24291666666667,144.0220489501953,Severe,Severe
2019-01-24 19:00:00,124.27499999999999,118.18160247802734,Severe,Severe
2019-01-24 20:00:00,149.5329365079365,138.78070068359375,Severe,Severe
2019-01-24 21:00:00,202.55949612403103,195.5748291015625,Severe,Severe
2019-01-24 22:00:00,196.71260683760684,178.56640625,Severe,Severe
2019-01-24 23:00:00,247.11036036036043,236.83348083496094,Severe,Severe
2019-01-25 00:00:00,319.49027777777775,260.4197998046875,Severe,Severe
2019-01-25 01:00:00,209.04117647058825,166.1304473876953,Severe,Severe
2019-01-25 02:00:00,79.66291666666666,46.524940490722656,Moderate,Moderate
2019-01-25 03:00:00,64.10277777777777,47.98701858520508,Moderate,Moderate
2019-01-25 04:00:00,69.78157894736842,39.67485427856445,Moderate,Moderate
2019-01-25 05:00:00,24.626470588235293,7.902771949768066,Moderate,Normal
2019-01-25 06:00:00,48.9388888888889,14.626655578613281,Moderate,Normal
2019-01-25 07:00:00,25.947619047619046,13.259248733520508,Moderate,Normal
2019-01-25 08:00:00,41.19454022988506,19.111610412597656,Moderate,Normal
2019-01-25 09:00:00,51.642857142857146,46.938167572021484,Moderate,Moderate
2019-01-25 10:00:00,74.47006172839507,59.82646560668945,Moderate,Moderate
2019-01-25 11:00:00,141.14568965517242,120.6267318725586,Severe,Severe
2019-01-25 12:00:00,124.66989247311827,109.3161849975586,Severe,Severe
2019-01-25 13:00:00,131.9481981981982,125.36516571044922,Severe,Severe
2019-01-25 14:00:00,115.32400793650797,87.05760955810547,Severe,Moderate
2019-01-25 15:00:00,176.97853535353536,162.8884735107422,Severe,Severe
2019-01-25 16:00:00,188.29358974358973,179.13082885742188,Severe,Severe
2019-01-25 17:00:00,182.643125,162.1725616455078,Severe,Severe
2019-01-25 18:00:00,164.8918650793651,148.2230682373047,Severe,Severe
2019-01-25 19:00:00,138.9539855072464,127.94387817382812,Severe,Severe
2019-01-25 20:00:00,157.36286231884057,140.66519165039062,Severe,Severe
2019-01-25 21:00:00,181.66468253968253,170.9619140625,Severe,Severe
2019-01-25 22:00:00,196.7008130081301,187.6899871826172,Severe,Severe
2019-01-25 23:00:00,237.20685185185184,221.53683471679688,Severe,Severe
2019-01-26 00:00:00,244.4613333333333,223.01345825195312,Severe,Severe
2019-01-26 01:00:00,282.9059523809524,179.2742462158203,Severe,Severe
2019-01-26 02:00:00,61.96124999999999,30.27754783630371,Moderate,Moderate
2019-01-26 03:00:00,77.87166666666667,22.46547508239746,Moderate,Moderate
2019-01-26 04:00:00,66.61785714285715,42.4532470703125,Moderate,Moderate
2019-01-26 05:00:00,45.83518518518518,35.02287673950195,Moderate,Moderate
2019-01-26 06:00:00,19.72916666666667,16.749942779541016,Normal,Normal
2019-01-26 07:00:00,29.09848484848485,21.155765533447266,Moderate,Moderate
2019-01-26 08:00:00,13.394047619047617,8.928669929504395,Normal,Normal
2019-01-26 10:00:00,66.38141025641026,53.21274185180664,Moderate,Moderate
2019-01-26 11:00:00,92.11472222222223,83.46009063720703,Severe,Moderate
2019-01-26 12:00:00,168.09112903225807,143.92471313476562,Severe,Severe
2019-01-26 13:00:00,104.21200980392156,95.1915283203125,Severe,Severe
2019-01-26 14:00:00,108.625,103.72288513183594,Severe,Severe
2019-01-26 15:00:00,169.78571428571428,171.66415405273438,Severe,Severe
2019-01-26 16:00:00,188.36867816091953,185.12063598632812,Severe,Severe
2019-01-26 17:00:00,193.92944444444444,185.62132263183594,Severe,Severe
2019-01-26 18:00:00,148.8170542635659,147.46295166015625,Severe,Severe
2019-01-26 19:00:00,101.28696581196583,101.7425765991211,Severe,Severe
2019-01-26 20:00:00,143.08844696969697,134.0862274169922,Severe,Severe
2019-01-26 21:00:00,220.47162698412697,210.5869903564453,Severe,Severe
2019-01-26 22:00:00,182.03166666666667,168.76292419433594,Severe,Severe
2019-01-26 23:00:00,254.62058823529412,223.3540802001953,Severe,Severe
2019-01-27 00:00:00,265.6195652173913,247.31417846679688,Severe,Severe
2019-01-27 01:00:00,224.82820512820516,157.51426696777344,Severe,Severe
2019-01-27 02:00:00,163.47546296296298,74.72334289550781,Severe,Moderate
2019-01-27 03:00:00,50.083333333333336,34.92159652709961,Moderate,Moderate
2019-01-27 04:00:00,68.16428571428573,69.79904174804688,Moderate,Moderate
2019-01-27 05:00:00,42.154761904761905,25.613285064697266,Moderate,Moderate
2019-01-27 06:00:00,23.502777777777776,4.8795342445373535,Moderate,Normal
2019-01-27 07:00:00,23.22685185185185,19.03351593017578,Moderate,Normal
2019-01-27 08:00:00,11.925,9.399206161499023,Normal,Normal
2019-01-27 09:00:00,43.80083333333333,37.617271423339844,Moderate,Moderate
2019-01-27 10:00:00,64.90476190476191,59.968505859375,Moderate,Moderate
2019-01-27 11:00:00,95.35104166666667,75.59803009033203,Severe,Moderate
2019-01-27 12:00:00,156.50402298850574,135.77517700195312,Severe,Severe
2019-01-27 13:00:00,179.875,151.20848083496094,Severe,Severe
2019-01-27 14:00:00,98.47760416666665,85.71766662597656,Severe,Moderate
2019-01-27 15:00:00,153.54270833333334,132.08547973632812,Severe,Severe
2019-01-27 16:00:00,210.68653846153845,194.36322021484375,Severe,Severe
2019-01-27 17:00:00,159.63293650793653,156.49974060058594,Severe,Severe
2019-01-27 18:00:00,189.23597560975608,175.45602416992188,Severe,Severe
2019-01-27 19:00:00,135.36425925925926,130.06484985351562,Severe,Severe
2019-01-27 20:00:00,147.00964912280702,145.56643676757812,Severe,Severe
2019-01-27 21:00:00,225.8547619047619,220.77880859375,Severe,Severe
2019-01-27 22:00:00,221.37256944444448,212.388671875,Severe,Severe
2019-01-27 23:00:00,267.61412037037036,251.36903381347656,Severe,Severe
2019-01-28 00:00:00,274.63846153846157,245.54537963867188,Severe,Severe
2019-01-28 01:00:00,165.6809523809524,123.3528823852539,Severe,Severe
2019-01-28 02:00:00,117.12552083333334,64.94511413574219,Severe,Moderate
2019-01-28 03:00:00,57.74761904761905,40.268638610839844,Moderate,Moderate
2019-01-28 04:00:00,63.81444444444445,34.103633880615234,Moderate,Moderate
2019-01-28 05:00:00,39.098333333333336,34.06074523925781,Moderate,Moderate
2019-01-28 06:00:00,18.684420289855076,13.600018501281738,Normal,Normal
2019-01-28 07:00:00,39.601136363636364,29.408018112182617,Moderate,Moderate
2019-01-28 08:00:00,20.939166666666665,4.276822090148926,Moderate,Normal
2019-01-28 09:00:00,61.413333333333334,39.96022415161133,Moderate,Moderate
2019-01-28 10:00:00,55.39963768115942,41.42718505859375,Moderate,Moderate
2019-01-28 11:00:00,125.65520833333333,112.69261932373047,Severe,Severe
2019-01-28 12:00:00,161.6596153846154,128.4978485107422,Severe,Severe
2019-01-28 13:00:00,124.3344696969697,123.73568725585938,Severe,Severe
2019-01-28 14:00:00,126.86736111111112,108.33197784423828,Severe,Severe
2019-01-28 15:00:00,182.06203703703702,157.24664306640625,Severe,Severe
2019-01-28 16:00:00,220.3197368421053,197.0056610107422,Severe,Severe
2019-01-28 17:00:00,187.39294871794874,171.4392547607422,Severe,Severe
2019-01-28 18:00:00,160.17722222222224,150.76638793945312,Severe,Severe
2019-01-28 19:00:00,134.70914634146342,132.38259887695312,Severe,Severe
2019-01-28 20:00:00,143.57642276422763,131.46600341796875,Severe,Severe
2019-01-28 21:00:00,213.53205128205127,202.9230194091797,Severe,Severe
2019-01-28 22:00:00,225.6255681818182,212.12005615234375,Severe,Severe
2019-01-28 23:00:00,284.0738888888889,269.0130310058594,Severe,Severe
2019-01-29 00:00:00,271.7638888888889,257.9306945800781,Severe,Severe
2019-01-29 01:00:00,197.17424242424246,166.76882934570312,Severe,Severe
2019-01-29 02:00:00,101.47500000000001,49.82310104370117,Severe,Moderate
2019-01-29 03:00:00,67.05,42.18741989135742,Moderate,Moderate
2019-01-29 04:00:00,46.248333333333335,32.1479606628418,Moderate,Moderate
2019-01-29 05:00:00,34.13611111111111,28.3883056640625,Moderate,Moderate
2019-01-29 06:00:00,21.258712121212124,13.422442436218262,Moderate,Normal
2019-01-29 07:00:00,27.280416666666667,18.0129337310791,Moderate,Normal
2019-01-29 08:00:00,7.239880952380952,5.483107089996338,Normal,Normal
2019-01-29 09:00:00,70.23333333333333,57.177978515625,Moderate,Moderate
2019-01-29 10:00:00,31.434523809523814,26.241201400756836,Moderate,Moderate
2019-01-29 11:00:00,128.88472222222222,130.91921997070312,Severe,Severe
2019-01-29 12:00:00,139.7793103448276,128.58517456054688,Severe,Severe
2019-01-29 13:00:00,96.00733333333334,81.32868957519531,Severe,Moderate
2019-01-29 14:00:00,92.0932098765432,89.85475158691406,Severe,Moderate
2019-01-29 15:00:00,171.49768518518516,169.46209716796875,Severe,Severe
2019-01-29 16:00:00,189.5064285714286,181.446533203125,Severe,Severe
2019-01-29 17:00:00,195.62565789473683,183.38217163085938,Severe,Severe
2019-01-29 18:00:00,156.15,146.84194946289062,Severe,Severe
2019-01-29 19:00:00,135.42083333333335,127.3053970336914,Severe,Severe
2019-01-29 20:00:00,146.575,130.86398315429688,Severe,Severe
2019-01-29 21:00:00,215.2058139534884,210.10736083984375,Severe,Severe
2019-01-29 22:00:00,204.94507575757572,193.5126953125,Severe,Severe
2019-01-29 23:00:00,259.82094594594594,243.83583068847656,Severe,Severe
2019-01-30 00:00:00,245.1763157894737,210.35113525390625,Severe,Severe
2019-01-30 01:00:00,246.21944444444443,197.7106475830078,Severe,Severe
2019-01-30 02:00:00,84.50750000000001,43.56453323364258,Moderate,Moderate
2019-01-30 03:00:00,74.00714285714284,79.81066131591797,Moderate,Moderate
2019-01-30 04:00:00,64.99313725490195,40.4755859375,Moderate,Moderate
2019-01-30 05:00:00,10.56078431372549,2.2333550453186035,Normal,Normal
2019-01-30 06:00:00,41.568209876543214,27.53459930419922,Moderate,Moderate
2019-01-30 07:00:00,36.52,33.93296432495117,Moderate,Moderate
2019-01-30 08:00:00,16.49041666666667,5.608511447906494,Normal,Normal
2019-01-30 09:00:00,51.153703703703705,45.39036560058594,Moderate,Moderate
2019-01-30 10:00:00,68.90802469135802,53.46398162841797,Moderate,Moderate
2019-01-30 11:00:00,99.47317708333334,105.69319152832031,Severe,Severe
2019-01-30 12:00:00,169.18523809523808,152.3290252685547,Severe,Severe
2019-01-30 13:00:00,121.1131313131313,104.37457275390625,Severe,Severe
2019-01-30 14:00:00,127.07696078431373,113.33109283447266,Severe,Severe
2019-01-30 15:00:00,140.88027777777776,132.72357177734375,Severe,Severe
2019-01-30 16:00:00,165.65723684210528,164.1813507080078,Severe,Severe
2019-01-30 17:00:00,205.52380952380952,196.7791290283203,Severe,Severe
2019-01-30 18:00:00,155.68296296296296,142.66744995117188,Severe,Severe
2019-01-30 19:00:00,121.53817829457364,119.1654052734375,Severe,Severe
2019-01-30 20:00:00,159.58372093023257,146.02381896972656,Severe,Severe
2019-01-30 21:00:00,192.66296296296298,188.93096923828125,Severe,Severe
2019-01-30 22:00:00,217.16805555555558,206.3590087890625,Severe,Severe
2019-01-30 23:00:00,272.35404040404046,274.50830078125,Severe,Severe
2019-02-01 00:00:00,310.28921568627453,286.9241638183594,Severe,Severe
2019-02-01 01:00:00,214.04722222222222,102.7872085571289,Severe,Severe
2019-02-01 02:00:00,127.3463768115942,63.783546447753906,Severe,Moderate
2019-02-01 03:00:00,1.7000000000000002,2.164445638656616,Normal,Normal
2019-02-01 04:00:00,54.16929824561404,32.335758209228516,Moderate,Moderate
2019-02-01 05:00:00,77.14285714285714,66.95664978027344,Moderate,Moderate
2019-02-01 06:00:00,32.56733333333332,24.390703201293945,Moderate,Moderate
2019-02-01 07:00:00,55.80766666666666,40.391597747802734,Moderate,Moderate
2019-02-01 08:00:00,17.16633333333333,9.911092758178711,Normal,Normal
2019-02-01 09:00:00,65.21,55.69462966918945,Moderate,Moderate
2019-02-01 10:00:00,47.38079710144927,36.949310302734375,Moderate,Moderate
2019-02-01 11:00:00,144.8594827586207,144.8279571533203,Severe,Severe
2019-02-01 12:00:00,95.82449494949495,78.87356567382812,Severe,Moderate
2019-02-01 13:00:00,164.82195121951221,160.65194702148438,Severe,Severe
2019-02-01 14:00:00,94.5390625,88.59222412109375,Severe,Moderate
2019-02-01 15:00:00,207.455,201.4777069091797,Severe,Severe
2019-02-01 16:00:00,174.33486842105262,150.8498077392578,Severe,Severe
2019-02-01 17:00:00,172.54102564102564,153.71481323242188,Severe,Severe
2019-02-01 18:00:00,166.35910852713178,151.3083038330078,Severe,Severe
2019-02-01 19:00:00,149.31746031746033,138.7584228515625,Severe,Severe
2019-02-01 20:00:00,149.11150793650793,141.412353515625,Severe,Severe
2019-02-01 21:00:00,231.0933712121212,213.0597686767578,Severe,Severe
2019-02-01 22:00:00,203.0359126984127,186.50672912597656,Severe,Severe
2019-02-01 23:00:00,226.9064583333333,216.871337890625,Severe,Severe
2019-02-02 00:00:00,268.41913580246916,239.92977905273438,Severe,Severe
2019-02-02 01:00:00,207.45111111111112,142.52430725097656,Severe,Severe
2019-02-02 02:00:00,99.63666666666664,89.75348663330078,Severe,Moderate
2019-02-02 03:00:00,62.34222222222222,48.03110122680664,Moderate,Moderate
2019-02-02 04:00:00,93.04642857142858,74.9499282836914,Severe,Moderate
2019-02-02 05:00:00,7.810119047619047,1.1423367261886597,Normal,Normal
2019-02-02 06:00:00,30.57660256410257,18.998149871826172,Moderate,Normal
2019-02-02 07:00:00,32.602380952380955,16.74839973449707,Moderate,Normal
2019-02-02 08:00:00,49.206349206349216,21.56462860107422,Moderate,Moderate
2019-02-02 09:00:00,52.19130434782609,50.604183197021484,Moderate,Moderate
2019-02-02 10:00:00,70.87272727272727,51.958702087402344,Moderate,Moderate
2019-02-02 11:00:00,66.26612903225806,57.01371383666992,Moderate,Moderate
2019-02-02 12:00:00,168.3923245614035,164.55133056640625,Severe,Severe
2019-02-02 13:00:00,110.22946428571429,107.59693145751953,Severe,Severe
2019-02-02 14:00:00,93.80604166666667,81.28944396972656,Severe,Moderate
2019-02-02 15:00:00,188.82729885057472,182.45701599121094,Severe,Severe
2019-02-02 16:00:00,172.5476851851852,165.30487060546875,Severe,Severe
2019-02-02 17:00:00,181.3905982905983,182.650634765625,Severe,Severe
2019-02-02 18:00:00,127.52463768115942,122.57958221435547,Severe,Severe
2019-02-02 19:00:00,143.2967391304348,127.60279083251953,Severe,Severe
2019-02-02 20:00:00,138.03585271317831,138.24899291992188,Severe,Severe
2019-02-02 21:00:00,199.02073643410853,180.47134399414062,Severe,Severe
2019-02-02 22:00:00,206.2531746031746,194.7761993408203,Severe,Severe
2019-02-02 23:00:00,233.01645299145298,228.21804809570312,Severe,Severe
2019-02-03 00:00:00,240.73015873015876,203.2826690673828,Severe,Severe
2019-02-03 01:00:00,203.22777777777776,90.56230163574219,Severe,Severe
2019-02-03 02:00:00,115.47222222222223,74.00623321533203,Severe,Moderate
2019-02-03 03:00:00,37.07272727272727,29.125165939331055,Moderate,Moderate
2019-02-03 04:00:00,54.71666666666666,44.60607147216797,Moderate,Moderate
2019-02-03 05:00:00,23.30921052631579,16.963275909423828,Moderate,Normal
2019-02-03 06:00:00,22.65072463768116,23.753507614135742,Moderate,Moderate
2019-02-03 07:00:00,34.05185185185186,28.06621551513672,Moderate,Moderate
2019-02-03 08:00:00,10.496376811594203,5.4806132316589355,Normal,Normal
2019-02-03 09:00:00,55.882638888888884,52.4379768371582,Moderate,Moderate
2019-02-03 10:00:00,31.31590909090909,32.8715705871582,Moderate,Moderate
2019-02-03 11:00:00,109.19567901234568,97.21822357177734,Severe,Severe
2019-02-03 12:00:00,163.88678160919542,145.28277587890625,Severe,Severe
2019-02-03 13:00:00,121.77849462365593,112.71297454833984,Severe,Severe
2019-02-03 14:00:00,130.49852941176468,119.2850112915039,Severe,Severe
2019-02-03 15:00:00,161.09868421052633,151.1749267578125,Severe,Severe
2019-02-03 16:00:00,173.1376126126126,175.37416076660156,Severe,Severe
2019-02-03 17:00:00,155.44041666666666,138.00083923339844,Severe,Severe
2019-02-03 18:00:00,175.4851851851852,166.8585205078125,Severe,Severe
2019-02-03 19:00:00,126.61737588652484,120.15886688232422,Severe,Severe
2019-02-03 20:00:00,178.48439716312058,168.0943603515625,Severe,Severe
2019-02-03 21:00:00,185.07943262411348,181.89566040039062,Severe,Severe
2019-02-03 22:00:00,212.45793650793655,202.0284881591797,Severe,Severe
2019-02-03 23:00:00,284.16190476190474,280.7262878417969,Severe,Severe
2019-02-04 00:00:00,253.65980392156865,212.6991729736328,Severe,Severe
2019-02-04 01:00:00,154.31180555555557,141.96974182128906,Severe,Severe
2019-02-04 02:00:00,83.60138888888889,76.68724060058594,Moderate,Moderate
2019-02-04 03:00:00,53.219047619047615,33.80706024169922,Moderate,Moderate
2019-02-04 04:00:00,84.66851851851851,42.62071228027344,Moderate,Moderate
2019-02-04 05:00:00,39.52111111111112,26.896141052246094,Moderate,Moderate
2019-02-04 06:00:00,43.056790123456786,13.340641975402832,Moderate,Normal
2019-02-04 07:00:00,42.655128205128214,33.998538970947266,Moderate,Moderate
2019-02-04 08:00:00,29.5125,19.92215347290039,Moderate,Normal
2019-02-04 09:00:00,17.88425925925926,15.816699981689453,Normal,Normal
2019-02-04 10:00:00,28.762500000000003,22.773927688598633,Moderate,Moderate
2019-02-04 11:00:00,123.72857142857141,83.16993713378906,Severe,Moderate
2019-02-04 12:00:00,151.97301587301587,118.82805633544922,Severe,Severe
2019-02-04 13:00:00,113.01150793650794,100.67216491699219,Severe,Severe
2019-02-04 14:00:00,108.64024390243902,98.35044860839844,Severe,Severe
2019-02-04 15:00:00,164.39083333333335,166.5022735595703,Severe,Severe
2019-02-04 16:00:00,172.13238095238094,161.87136840820312,Severe,Severe
2019-02-04 17:00:00,174.87947154471541,163.24119567871094,Severe,Severe
2019-02-04 18:00:00,168.4279069767442,151.89283752441406,Severe,Severe
2019-02-04 19:00:00,148.52459349593497,139.81019592285156,Severe,Severe
2019-02-04 20:00:00,166.34925925925927,162.0845489501953,Severe,Severe
2019-02-04 21:00:00,174.44974747474745,170.20570373535156,Severe,Severe
2019-02-04 22:00:00,225.8838888888889,223.0489959716797,Severe,Severe
2019-02-06 10:00:00,116.9,69.9398193359375,Severe,Moderate
2019-02-06 11:00:00,147.06867816091955,134.1035614013672,Severe,Severe
2019-02-06 12:00:00,155.17135416666667,144.28683471679688,Severe,Severe
2019-02-06 13:00:00,126.00322580645162,108.8565902709961,Severe,Severe
2019-02-06 14:00:00,130.38333333333335,122.20763397216797,Severe,Severe
2019-02-06 15:00:00,168.0881944444444,148.98052978515625,Severe,Severe
2019-02-06 16:00:00,190.57549019607842,183.48690795898438,Severe,Severe
2019-02-06 17:00:00,183.4752380952381,178.59959411621094,Severe,Severe
2019-02-06 18:00:00,186.585,179.514892578125,Severe,Severe
2019-02-06 19:00:00,122.5875,117.80728912353516,Severe,Severe
2019-02-06 20:00:00,165.2012411347518,150.5513458251953,Severe,Severe
2019-02-06 21:00:00,195.24742063492062,179.1617431640625,Severe,Severe
2019-02-06 22:00:00,211.12175925925925,202.64915466308594,Severe,Severe
2019-02-06 23:00:00,232.25555555555556,216.070068359375,Severe,Severe
2019-02-07 00:00:00,277.99855072463765,250.0674285888672,Severe,Severe
2019-02-07 01:00:00,276.7866666666667,159.67987060546875,Severe,Severe
2019-02-07 02:00:00,121.44555555555556,82.04605865478516,Severe,Moderate
2019-02-07 03:00:00,51.42857142857143,52.3336067199707,Moderate,Moderate
2019-02-07 04:00:00,79.75701754385966,60.15380859375,Moderate,Moderate
2019-02-07 05:00:00,24.0,23.303998947143555,Moderate,Moderate
2019-02-07 06:00:00,16.81590909090909,12.730813026428223,Normal,Normal
2019-02-07 07:00:00,56.29652777777778,16.785737991333008,Moderate,Normal
2019-02-07 08:00:00,33.63888888888889,24.964168548583984,Moderate,Moderate
2019-02-07 09:00:00,47.82121212121212,45.60477828979492,Moderate,Moderate
2019-02-07 10:00:00,99.4969298245614,62.3418083190918,Severe,Moderate
2019-02-07 11:00:00,187.71666666666667,181.43788146972656,Severe,Severe
2019-02-07 17:00:00,171.42105263157896,143.2857666015625,Severe,Severe
2019-02-07 18:00:00,173.73235294117646,142.01365661621094,Severe,Severe
2019-02-07 19:00:00,175.955,140.22528076171875,Severe,Severe
2019-02-07 20:00:00,150.82987804878047,124.75115203857422,Severe,Severe
2019-02-07 21:00:00,207.07979166666664,176.4704132080078,Severe,Severe
2019-02-07 22:00:00,178.05773809523808,171.0393829345703,Severe,Severe
2019-02-07 23:00:00,221.32606837606838,183.151123046875,Severe,Severe
2019-02-08 00:00:00,209.9783333333333,168.27847290039062,Severe,Severe
2019-02-08 01:00:00,221.3205882352941,149.69088745117188,Severe,Severe
2019-02-08 02:00:00,152.18657407407406,137.66827392578125,Severe,Severe
2019-02-08 03:00:00,13.45611111111111,1.8053752183914185,Normal,Normal
2019-02-08 04:00:00,65.98777777777778,71.98941802978516,Moderate,Moderate
2019-02-08 05:00:00,14.062745098039215,3.207167387008667,Normal,Normal
2019-02-08 06:00:00,21.578125,13.144085884094238,Moderate,Normal
2019-02-08 07:00:00,24.70798611111111,17.90740394592285,Moderate,Normal
2019-02-08 08:00:00,43.579166666666666,26.410879135131836,Moderate,Moderate
2019-02-08 09:00:00,31.612318840579707,23.75249671936035,Moderate,Moderate
2019-02-08 10:00:00,62.37,52.23533248901367,Moderate,Moderate
2019-02-08 11:00:00,109.39511494252875,104.9170913696289,Severe,Severe
2019-02-08 12:00:00,170.69214285714284,145.3714599609375,Severe,Severe
2019-02-08 13:00:00,147.51822916666666,116.27418518066406,Severe,Severe
2019-02-08 14:00:00,133.46041666666667,116.55179595947266,Severe,Severe
2019-02-08 15:00:00,166.59520202020204,154.7190399169922,Severe,Severe
2019-02-08 16:00:00,137.6739898989899,126.6014175415039,Severe,Severe
2019-02-08 17:00:00,169.36270833333333,161.02210998535156,Severe,Severe
2019-02-08 18:00:00,184.42735042735043,177.66468811035156,Severe,Severe
2019-02-08 19:00:00,148.03141025641025,139.25289916992188,Severe,Severe
2019-02-08 20:00:00,171.9278455284553,150.9713134765625,Severe,Severe
2019-02-08 21:00:00,169.81319444444446,153.78175354003906,Severe,Severe
2019-02-08 22:00:00,210.8889534883721,198.00534057617188,Severe,Severe
2019-02-08 23:00:00,235.47713178294572,229.92372131347656,Severe,Severe
2019-02-09 00:00:00,274.9901515151515,221.55885314941406,Severe,Severe
2019-02-09 01:00:00,255.4846153846154,204.64932250976562,Severe,Severe
2019-02-09 02:00:00,106.93769841269841,63.69355773925781,Severe,Moderate
2019-02-09 03:00:00,85.89935897435898,30.47740936279297,Moderate,Moderate
2019-02-09 04:00:00,67.2172619047619,36.751678466796875,Moderate,Moderate
2019-02-09 05:00:00,42.798611111111114,8.739777565002441,Moderate,Normal
2019-02-09 06:00:00,38.91466666666667,15.479212760925293,Moderate,Normal
2019-02-09 07:00:00,52.2920634920635,40.86354446411133,Moderate,Moderate
2019-02-09 08:00:00,23.671296296296294,4.187193393707275,Moderate,Normal
2019-02-09 09:00:00,48.71410256410256,39.97011184692383,Moderate,Moderate
2019-02-09 10:00:00,94.75243055555556,65.2008285522461,Severe,Moderate
2019-02-09 11:00:00,92.93472222222222,92.34164428710938,Severe,Severe
2019-02-09 17:00:00,171.5972222222222,153.43077087402344,Severe,Severe
2019-02-09 18:00:00,189.6153153153153,162.79067993164062,Severe,Severe
2019-02-09 19:00:00,189.3232456140351,164.8510284423828,Severe,Severe
2019-02-09 20:00:00,125.09108527131784,97.3062515258789,Severe,Severe
2019-02-09 21:00:00,171.18175675675676,148.82102966308594,Severe,Severe
2019-02-09 22:00:00,197.365503875969,186.70448303222656,Severe,Severe
2019-02-09 23:00:00,251.82115384615383,229.48385620117188,Severe,Severe
2019-02-10 00:00:00,238.0025641025641,216.1504669189453,Severe,Severe
2019-02-10 01:00:00,223.27,172.82638549804688,Severe,Severe
2019-02-10 02:00:00,157.517803030303,99.72917938232422,Severe,Severe
2019-02-10 03:00:00,6.334999999999999,3.342132568359375,Normal,Normal
2019-02-10 04:00:00,91.84642857142856,58.897010803222656,Severe,Moderate
2019-02-10 05:00:00,33.91825396825397,20.91680335998535,Moderate,Moderate
2019-02-10 06:00:00,17.698809523809523,13.720084190368652,Normal,Normal
2019-02-10 07:00:00,24.960317460317462,24.51315689086914,Moderate,Moderate
2019-02-10 08:00:00,12.35,8.99328327178955,Normal,Normal
2019-02-10 09:00:00,23.889215686274508,24.168842315673828,Moderate,Moderate
2019-02-10 10:00:00,114.05416666666666,91.73191833496094,Severe,Severe
2019-02-10 11:00:00,63.185833333333335,49.33016586303711,Moderate,Moderate
2019-02-10 12:00:00,125.01262626262627,102.05232238769531,Severe,Severe
2019-02-10 13:00:00,122.86921296296298,111.13438415527344,Severe,Severe
2019-02-10 14:00:00,121.93445945945946,94.62787628173828,Severe,Severe
2019-02-10 15:00:00,168.32619047619048,166.156494140625,Severe,Severe
2019-02-10 16:00:00,126.00631313131312,124.33145141601562,Severe,Severe
2019-02-10 17:00:00,158.14749999999998,140.2138214111328,Severe,Severe
2019-02-10 18:00:00,158.74291666666664,151.38308715820312,Severe,Severe
2019-02-10 19:00:00,142.93530701754386,131.3270263671875,Severe,Severe
2019-02-10 20:00:00,178.63353174603176,150.39491271972656,Severe,Severe
2019-02-10 21:00:00,224.14395833333333,202.9128875732422,Severe,Severe
2019-02-10 22:00:00,188.87113821138212,170.06381225585938,Severe,Severe
2019-02-10 23:00:00,285.78088235294115,269.9892272949219,Severe,Severe
2019-02-11 00:00:00,263.3893939393939,220.41616821289062,Severe,Severe
2019-02-11 01:00:00,183.92166666666668,129.84536743164062,Severe,Severe
2019-02-11 02:00:00,87.47843137254901,35.59498596191406,Moderate,Moderate
2019-02-11 03:00:00,5.470833333333333,1.4820616245269775,Normal,Normal
2019-02-11 04:00:00,97.5,87.3176040649414,Severe,Moderate
2019-02-11 05:00:00,82.29537037037036,56.19157028198242,Moderate,Moderate
2019-02-11 06:00:00,6.570075757575757,2.4157028198242188,Normal,Normal
2019-02-11 07:00:00,34.89598765432098,25.518178939819336,Moderate,Moderate
2019-02-11 08:00:00,29.428431372549017,25.30330467224121,Moderate,Moderate
2019-02-11 09:00:00,53.00344827586206,40.16417694091797,Moderate,Moderate
2019-02-11 10:00:00,72.27083333333334,54.03257751464844,Moderate,Moderate
2019-02-11 11:00:00,67.9232142857143,80.04692077636719,Moderate,Moderate
2019-02-11 12:00:00,160.71021505376345,133.43569946289062,Severe,Severe
2019-02-11 13:00:00,135.8968137254902,120.92546844482422,Severe,Severe
2019-02-11 14:00:00,124.58999999999999,123.60628509521484,Severe,Severe
2019-02-11 15:00:00,151.3984375,127.63385772705078,Severe,Severe
2019-02-11 16:00:00,141.34848484848484,140.25209045410156,Severe,Severe
2019-02-11 17:00:00,181.50384615384615,177.11526489257812,Severe,Severe
2019-02-11 18:00:00,146.1801851851852,139.54452514648438,Severe,Severe
2019-02-11 19:00:00,155.45142276422763,144.12753295898438,Severe,Severe
2019-02-11 20:00:00,116.37746212121213,112.72624206542969,Severe,Severe
2019-02-11 21:00:00,238.926268115942,222.72390747070312,Severe,Severe
2019-02-11 22:00:00,183.00542635658914,178.21835327148438,Severe,Severe
2019-02-11 23:00:00,257.6532520325203,242.18104553222656,Severe,Severe
2019-02-12 00:00:00,287.97121212121215,259.1854248046875,Severe,Severe
2019-02-12 01:00:00,225.16217948717951,233.371826171875,Severe,Severe
2019-02-12 02:00:00,96.98640350877193,50.50764083862305,Severe,Moderate
2019-02-12 03:00:00,45.95833333333333,43.305320739746094,Moderate,Moderate
2019-02-12 04:00:00,30.166666666666664,16.3011531829834,Moderate,Normal
2019-02-12 05:00:00,28.28809523809524,19.858362197875977,Moderate,Normal
2019-02-12 06:00:00,47.07435897435898,24.630483627319336,Moderate,Moderate
2019-02-12 07:00:00,50.630208333333336,38.22029113769531,Moderate,Moderate
2019-02-12 08:00:00,44.52499999999999,6.719297885894775,Moderate,Normal
2019-02-12 09:00:00,55.008,51.252315521240234,Moderate,Moderate
2019-02-12 10:00:00,114.06583333333334,76.27045440673828,Severe,Moderate
2019-02-12 11:00:00,45.13333333333333,7.113609313964844,Moderate,Normal
2019-02-12 16:00:00,360.0,358.51751708984375,Severe,Severe
2019-02-12 17:00:00,158.55482456140354,137.38824462890625,Severe,Severe
2019-02-12 18:00:00,213.9219298245614,175.2402801513672,Severe,Severe
2019-02-12 19:00:00,127.53276515151516,118.64006805419922,Severe,Severe
2019-02-12 20:00:00,136.40054347826086,134.24124145507812,Severe,Severe
2019-02-12 21:00:00,197.6765503875969,178.6675567626953,Severe,Severe
2019-02-12 22:00:00,184.8325925925926,179.7056121826172,Severe,Severe
2019-02-12 23:00:00,225.82987804878047,205.2713623046875,Severe,Severe
2019-02-13 00:00:00,277.14666666666665,216.40972900390625,Severe,Severe
2019-02-13 01:00:00,183.73666666666668,159.73092651367188,Severe,Severe
2019-02-13 02:00:00,88.70198412698412,64.52820587158203,Moderate,Moderate
2019-02-13 03:00:00,61.86944444444445,44.7485466003418,Moderate,Moderate
2019-02-13 04:00:00,52.11666666666666,63.08612823486328,Moderate,Moderate
2019-02-13 05:00:00,37.312745098039215,16.26899528503418,Moderate,Normal
2019-02-13 06:00:00,22.248106060606062,14.603687286376953,Moderate,Normal
2019-02-13 07:00:00,49.16488095238095,30.048091888427734,Moderate,Moderate
2019-02-13 08:00:00,8.391228070175439,6.732496738433838,Normal,Normal
2019-02-13 09:00:00,44.959567901234564,40.86332702636719,Moderate,Moderate
2019-02-13 10:00:00,73.21913580246913,48.682594299316406,Moderate,Moderate
2019-02-13 11:00:00,88.81236559139785,84.24801635742188,Moderate,Moderate
2019-02-13 12:00:00,162.87285714285716,142.03721618652344,Severe,Severe
2019-02-13 13:00:00,112.54428571428573,101.57787322998047,Severe,Severe
2019-02-13 14:00:00,135.91337719298244,120.09725952148438,Severe,Severe
2019-02-13 15:00:00,155.50672043010752,157.5965576171875,Severe,Severe
2019-02-13 16:00:00,198.77828282828284,178.19647216796875,Severe,Severe
2019-02-13 17:00:00,143.40757575757573,135.77346801757812,Severe,Severe
2019-02-13 18:00:00,158.66089743589745,143.4534912109375,Severe,Severe
2019-02-13 19:00:00,138.91041666666666,119.7909164428711,Severe,Severe
2019-02-13 20:00:00,153.50283687943264,140.52159118652344,Severe,Severe
2019-02-13 21:00:00,195.24282945736437,185.65000915527344,Severe,Severe
2019-02-13 22:00:00,165.42539682539683,152.42173767089844,Severe,Severe
2019-02-13 23:00:00,291.11868686868684,283.92376708984375,Severe,Severe
2019-02-14 00:00:00,265.55583333333334,235.6101837158203,Severe,Severe
2019-02-14 01:00:00,187.02,180.31558227539062,Severe,Severe
2019-02-14 02:00:00,101.96628787878787,91.04698181152344,Severe,Severe
2019-02-14 03:00:00,0.24444444444444446,1.020595908164978,Normal,Normal
2019-02-14 04:00:00,95.93859649122807,54.0599479675293,Severe,Moderate
2019-02-14 05:00:00,40.87976190476191,21.116931915283203,Moderate,Moderate
2019-02-14 06:00:00,13.299621212121217,13.832965850830078,Normal,Normal
2019-02-14 07:00:00,57.99810606060607,25.683879852294922,Moderate,Moderate
2019-02-14 08:00:00,39.36739130434783,20.099929809570312,Moderate,Moderate
2019-02-14 09:00:00,62.49239130434783,65.03063201904297,Moderate,Moderate
2019-02-14 10:00:00,104.9238888888889,79.36673736572266,Severe,Moderate
2019-02-14 11:00:00,91.62083333333334,90.74202728271484,Severe,Severe
2019-02-14 16:00:00,360.0,355.3319091796875,Severe,Severe
2019-02-14 17:00:00,171.34976851851854,151.66854858398438,Severe,Severe
2019-02-14 18:00:00,174.61469298245615,157.18592834472656,Severe,Severe
2019-02-14 19:00:00,140.91201550387595,111.40143585205078,Severe,Severe
2019-02-14 20:00:00,110.05496031746031,108.81239318847656,Severe,Severe
2019-02-14 21:00:00,207.5166666666667,186.25184631347656,Severe,Severe
2019-02-14 22:00:00,211.8263888888889,203.5174560546875,Severe,Severe
2019-02-14 23:00:00,239.5911904761905,230.08914184570312,Severe,Severe
2019-02-15 00:00:00,267.28666666666663,244.7801971435547,Severe,Severe
2019-02-15 01:00:00,272.7203125,246.49166870117188,Severe,Severe
2019-02-15 02:00:00,110.05291666666668,84.53749084472656,Severe,Moderate
2019-02-15 03:00:00,46.25370370370371,41.275089263916016,Moderate,Moderate
2019-02-15 04:00:00,87.70098039215686,72.87440490722656,Moderate,Moderate
2019-02-15 05:00:00,2.4577777777777774,2.224500894546509,Normal,Normal
2019-02-15 06:00:00,35.16866666666667,17.411468505859375,Moderate,Normal
2019-02-15 07:00:00,45.55666666666666,32.13386535644531,Moderate,Moderate
2019-02-15 08:00:00,15.864285714285716,10.99339771270752,Normal,Normal
2019-02-15 09:00:00,87.44166666666666,84.9452896118164,Moderate,Moderate
2019-02-15 10:00:00,63.588043478260865,46.7479133605957,Moderate,Moderate
2019-02-15 11:00:00,111.6907738095238,98.91059875488281,Severe,Severe
2019-02-15 12:00:00,116.37475490196078,91.52676391601562,Severe,Severe
2019-02-15 13:00:00,139.607264957265,130.15110778808594,Severe,Severe
2019-02-15 14:00:00,113.23104166666667,97.39778137207031,Severe,Severe
2019-02-15 15:00:00,185.89540229885057,169.02056884765625,Severe,Severe
2019-02-15 16:00:00,116.47552083333333,101.08697509765625,Severe,Severe
2019-02-15 17:00:00,163.07809523809524,158.27662658691406,Severe,Severe
2019-02-15 18:00:00,178.38541666666669,162.8654327392578,Severe,Severe
2019-02-15 19:00:00,133.71511627906978,117.95759582519531,Severe,Severe
2019-02-15 20:00:00,154.6248062015504,146.6416015625,Severe,Severe
2019-02-15 21:00:00,152.4253703703704,134.8196258544922,Severe,Severe
2019-02-15 22:00:00,207.1214015151515,193.20538330078125,Severe,Severe
2019-02-15 23:00:00,254.43201754385964,246.4049072265625,Severe,Severe
2019-02-16 00:00:00,255.4507575757576,239.56129455566406,Severe,Severe
2019-02-16 01:00:00,254.4572916666667,190.85455322265625,Severe,Severe
2019-02-16 02:00:00,113.95708333333332,80.49082946777344,Severe,Moderate
2019-02-16 03:00:00,9.100000000000001,12.519165992736816,Normal,Normal
2019-02-16 04:00:00,51.75,31.56107521057129,Moderate,Moderate
2019-02-16 05:00:00,127.23947368421054,80.8829574584961,Severe,Moderate
2019-02-16 06:00:00,37.6548076923077,27.326892852783203,Moderate,Moderate
2019-02-16 07:00:00,54.69861111111111,43.75918197631836,Moderate,Moderate
2019-02-16 08:00:00,21.78712121212121,17.816362380981445,Moderate,Normal
2019-02-16 09:00:00,87.82314814814815,71.39803314208984,Moderate,Moderate
2019-02-16 10:00:00,99.72555555555556,84.1393814086914,Severe,Moderate
2019-02-16 11:00:00,46.409375,19.96564483642578,Moderate,Normal
2019-02-16 17:00:00,158.43851351351353,141.5283660888672,Severe,Severe
2019-02-16 18:00:00,149.15945945945944,143.7544403076172,Severe,Severe
2019-02-16 19:00:00,178.5081300813008,132.86880493164062,Severe,Severe
2019-02-16 20:00:00,128.57092592592593,119.67329406738281,Severe,Severe
2019-02-16 21:00:00,204.92357723577237,179.68661499023438,Severe,Severe
2019-02-16 22:00:00,182.24221014492753,172.31666564941406,Severe,Severe
2019-02-16 23:00:00,230.94918699186994,210.50726318359375,Severe,Severe
2019-02-17 00:00:00,229.98630952380952,183.83914184570312,Severe,Severe
2019-02-17 01:00:00,201.1151515151515,192.42308044433594,Severe,Severe
2019-02-17 02:00:00,88.20897435897436,82.36085510253906,Moderate,Moderate
2019-02-17 03:00:00,59.32166666666666,29.847640991210938,Moderate,Moderate
2019-02-17 04:00:00,142.33888888888887,111.77384185791016,Severe,Severe
2019-02-17 05:00:00,9.409166666666668,2.32041597366333,Normal,Normal
2019-02-17 06:00:00,26.920486111111114,12.930587768554688,Moderate,Normal
2019-02-17 07:00:00,18.60111111111111,26.512298583984375,Normal,Moderate
2019-02-17 08:00:00,25.45964912280702,10.89832878112793,Moderate,Normal
2019-02-17 09:00:00,47.640625,39.97248840332031,Moderate,Moderate
2019-02-17 10:00:00,67.6669540229885,49.11997985839844,Moderate,Moderate
2019-02-17 11:00:00,90.6698275862069,78.10073852539062,Severe,Moderate
2019-02-17 12:00:00,137.28387096774193,125.09469604492188,Severe,Severe
2019-02-17 13:00:00,133.79871794871795,116.44320678710938,Severe,Severe
2019-02-17 14:00:00,108.51621621621621,103.84879302978516,Severe,Severe
2019-02-17 15:00:00,169.87892156862745,158.5166778564453,Severe,Severe
2019-02-17 16:00:00,182.96194444444444,164.98486328125,Severe,Severe
2019-02-17 17:00:00,117.45608108108105,110.9939956665039,Severe,Severe
2019-02-17 18:00:00,163.2781007751938,161.77847290039062,Severe,Severe
2019-02-17 19:00:00,121.39202127659574,109.3783950805664,Severe,Severe
2019-02-17 20:00:00,174.01439393939395,173.0886688232422,Severe,Severe
2019-02-17 21:00:00,178.35812500000003,169.3344268798828,Severe,Severe
2019-02-17 22:00:00,186.81022727272727,187.69789123535156,Severe,Severe
2019-02-17 23:00:00,254.23309523809522,243.55859375,Severe,Severe
2019-02-18 00:00:00,240.3361111111111,212.12062072753906,Severe,Severe
2019-02-18 01:00:00,193.7575,165.0119171142578,Severe,Severe
2019-02-18 02:00:00,77.62500000000001,63.100738525390625,Moderate,Moderate
2019-02-18 03:00:00,46.885416666666664,41.335479736328125,Moderate,Moderate
2019-02-18 04:00:00,54.74444444444444,51.89640808105469,Moderate,Moderate
2019-02-18 05:00:00,51.32631578947369,38.47490310668945,Moderate,Moderate
2019-02-18 06:00:00,32.54404761904762,31.105037689208984,Moderate,Moderate
2019-02-18 07:00:00,19.9625,6.021402359008789,Normal,Normal
2019-02-18 08:00:00,24.00079365079365,19.895158767700195,Moderate,Normal
2019-02-18 09:00:00,67.18854166666667,61.63008117675781,Moderate,Moderate
2019-02-18 10:00:00,68.40486111111112,56.8122673034668,Moderate,Moderate
2019-02-18 11:00:00,76.9625,78.14213562011719,Moderate,Moderate
2019-02-18 12:00:00,149.75860215053763,137.92413330078125,Severe,Severe
2019-02-18 13:00:00,150.55883838383838,142.58599853515625,Severe,Severe
2019-02-18 14:00:00,117.51715686274508,105.75369262695312,Severe,Severe
2019-02-18 15:00:00,165.5027777777778,140.35592651367188,Severe,Severe
2019-02-18 16:00:00,157.75441176470588,158.48782348632812,Severe,Severe
2019-02-18 17:00:00,134.00416666666666,127.2003173828125,Severe,Severe
2019-02-18 18:00:00,157.76965811965812,156.4158477783203,Severe,Severe
2019-02-18 19:00:00,121.9359756097561,115.86793518066406,Severe,Severe
2019-02-18 20:00:00,169.23623188405796,167.56048583984375,Severe,Severe
2019-02-18 21:00:00,192.77281746031744,190.55682373046875,Severe,Severe
2019-02-18 22:00:00,193.5313596491228,192.7558135986328,Severe,Severe
2019-02-18 23:00:00,247.77555555555554,239.52276611328125,Severe,Severe
2019-02-19 00:00:00,258.1515151515151,260.5203857421875,Severe,Severe
2019-02-19 01:00:00,240.03263888888887,241.6886444091797,Severe,Severe
2019-02-19 02:00:00,114.45677083333334,68.78604125976562,Severe,Moderate
2019-02-19 03:00:00,15.745238095238093,1.3623286485671997,Normal,Normal
2019-02-19 04:00:00,77.89102564102565,56.051509857177734,Moderate,Moderate
2019-02-19 05:00:00,52.16309523809524,29.01523780822754,Moderate,Moderate
2019-02-19 06:00:00,24.381349206349206,19.51852035522461,Moderate,Normal
2019-02-19 07:00:00,41.36893939393939,21.860960006713867,Moderate,Moderate
2019-02-19 08:00:00,6.685087719298245,4.294854640960693,Normal,Normal
2019-02-19 09:00:00,62.94166666666667,38.23811340332031,Moderate,Moderate
2019-02-19 10:00:00,114.49230769230768,76.0344467163086,Severe,Moderate
2019-02-19 11:00:00,130.5547619047619,106.82398986816406,Severe,Severe
2019-02-19 14:00:00,0.0,42.82666778564453,Normal,Moderate
2019-02-19 16:00:00,216.25333333333333,229.63339233398438,Severe,Severe
2019-02-19 17:00:00,194.44605263157894,148.1564483642578,Severe,Severe
2019-02-19 18:00:00,167.70895833333333,151.16384887695312,Severe,Severe
2019-02-19 19:00:00,179.01607142857145,157.26809692382812,Severe,Severe
2019-02-19 20:00:00,122.28522727272725,111.1625747680664,Severe,Severe
2019-02-19 21:00:00,216.1159090909091,197.53334045410156,Severe,Severe
2019-02-19 22:00:00,181.84791666666666,175.1645965576172,Severe,Severe
2019-02-19 23:00:00,264.05657894736845,260.4360656738281,Severe,Severe
2019-02-20 00:00:00,272.0590909090909,223.85289001464844,Severe,Severe
2019-02-20 01:00:00,198.72727272727272,179.8643035888672,Severe,Severe
2019-02-20 02:00:00,114.68020833333333,81.85061645507812,Severe,Moderate
2019-02-20 03:00:00,6.1450000000000005,7.661568641662598,Normal,Normal
2019-02-20 04:00:00,76.81,45.809425354003906,Moderate,Moderate
2019-02-20 05:00:00,20.97280701754386,19.071025848388672,Moderate,Normal
2019-02-20 06:00:00,42.48466666666667,16.696334838867188,Moderate,Normal
2019-02-20 07:00:00,43.736781609195404,16.01527214050293,Moderate,Normal
2019-02-20 08:00:00,31.63768115942029,8.750563621520996,Moderate,Normal
2019-02-20 09:00:00,84.94541666666666,65.78074645996094,Moderate,Moderate
2019-02-20 10:00:00,45.48090277777778,18.940073013305664,Moderate,Normal
2019-02-20 11:00:00,93.75,93.26295471191406,Severe,Severe
2019-02-20 12:00:00,120.50491452991453,105.32682037353516,Severe,Severe
2019-02-20 13:00:00,153.39054054054054,126.76457977294922,Severe,Severe
2019-02-20 14:00:00,111.58595238095239,116.34342956542969,Severe,Severe
2019-02-20 15:00:00,178.02526881720428,151.5866241455078,Severe,Severe
2019-02-20 16:00:00,155.0002688172043,140.0816192626953,Severe,Severe
2019-02-20 17:00:00,195.8378787878788,171.67654418945312,Severe,Severe
2019-02-20 18:00:00,146.06666666666666,137.7645263671875,Severe,Severe
2019-02-20 19:00:00,123.55895833333334,111.3609619140625,Severe,Severe
2019-02-20 20:00:00,140.71856060606058,129.24063110351562,Severe,Severe
2019-02-20 21:00:00,199.44031007751937,194.66238403320312,Severe,Severe
2019-02-20 22:00:00,176.07886178861793,171.61236572265625,Severe,Severe
2019-02-20 23:00:00,242.18970588235297,240.14869689941406,Severe,Severe
2019-02-21 00:00:00,280.6430555555556,233.5204620361328,Severe,Severe
2019-02-21 01:00:00,181.54375000000002,159.75076293945312,Severe,Severe
2019-02-21 02:00:00,86.51805555555556,93.19168090820312,Moderate,Severe
2019-02-21 03:00:00,43.02962962962963,3.2806038856506348,Moderate,Normal
2019-02-21 04:00:00,91.25,71.939208984375,Severe,Moderate
2019-02-21 05:00:00,35.522549019607844,20.574981689453125,Moderate,Moderate
2019-02-21 06:00:00,22.542857142857144,15.60081958770752,Moderate,Normal
2019-02-21 07:00:00,10.248333333333333,8.591019630432129,Normal,Normal
2019-02-21 08:00:00,55.03560606060606,19.64508056640625,Moderate,Normal
2019-02-21 09:00:00,62.954166666666666,43.16402053833008,Moderate,Moderate
2019-02-21 10:00:00,104.77795698924731,78.87214660644531,Severe,Moderate
2019-02-21 11:00:00,120.0,119.59906005859375,Severe,Severe
2019-02-21 17:00:00,162.30254629629633,148.38131713867188,Severe,Severe
2019-02-21 18:00:00,169.56622807017547,161.2018280029297,Severe,Severe
2019-02-21 19:00:00,142.89645833333333,100.26631164550781,Severe,Severe
2019-02-21 20:00:00,123.62875,106.31907653808594,Severe,Severe
2019-02-21 21:00:00,201.25548780487804,174.88723754882812,Severe,Severe
2019-02-21 22:00:00,198.60579710144927,193.36351013183594,Severe,Severe
2019-02-21 23:00:00,231.33414634146342,220.917724609375,Severe,Severe
2019-02-22 00:00:00,259.495,248.1398468017578,Severe,Severe
2019-02-22 01:00:00,253.24166666666667,238.11737060546875,Severe,Severe
2019-02-22 02:00:00,26.242916666666666,42.003135681152344,Moderate,Moderate
2019-02-22 03:00:00,66.19722222222222,68.4471206665039,Moderate,Moderate
2019-02-22 04:00:00,92.18717948717949,45.59764862060547,Severe,Moderate
2019-02-22 05:00:00,14.118859649122806,3.572936534881592,Normal,Normal
2019-02-22 06:00:00,20.002173913043475,13.562289237976074,Moderate,Normal
2019-02-22 07:00:00,28.68066666666667,8.313312530517578,Moderate,Normal
2019-02-22 08:00:00,53.93910256410257,24.852073669433594,Moderate,Moderate
2019-02-22 09:00:00,88.6599358974359,71.93097686767578,Moderate,Moderate
2019-02-22 10:00:00,36.32424242424243,24.47157096862793,Moderate,Moderate
2019-02-22 11:00:00,97.62450980392157,76.06978607177734,Severe,Moderate
2019-02-22 12:00:00,144.5389880952381,126.65834045410156,Severe,Severe
2019-02-22 13:00:00,111.14560185185184,112.73355865478516,Severe,Severe
2019-02-22 14:00:00,134.27939814814815,126.54234313964844,Severe,Severe
2019-02-22 15:00:00,176.67927927927929,161.5369415283203,Severe,Severe
2019-02-22 16:00:00,149.0752380952381,142.17042541503906,Severe,Severe
2019-02-22 17:00:00,140.26898148148146,128.4384002685547,Severe,Severe
2019-02-22 18:00:00,128.68684210526317,127.09021759033203,Severe,Severe
2019-02-22 19:00:00,151.51138211382116,141.0358428955078,Severe,Severe
2019-02-22 20:00:00,159.6466216216216,144.94061279296875,Severe,Severe
2019-02-22 21:00:00,203.8143939393939,198.76686096191406,Severe,Severe
2019-02-22 22:00:00,154.49131944444446,145.39747619628906,Severe,Severe
2019-02-22 23:00:00,270.33717948717947,264.55474853515625,Severe,Severe
2019-02-23 00:00:00,242.94236111111113,239.2641143798828,Severe,Severe
2019-02-23 01:00:00,208.40833333333333,160.6753387451172,Severe,Severe
2019-02-23 02:00:00,109.475,65.04888153076172,Severe,Moderate
2019-02-23 03:00:00,51.111111111111114,41.46792984008789,Moderate,Moderate
2019-02-23 04:00:00,94.71354166666667,40.750091552734375,Severe,Moderate
2019-02-23 05:00:00,24.11777777777778,26.24675178527832,Moderate,Moderate
2019-02-23 06:00:00,59.9909420289855,20.795358657836914,Moderate,Moderate
2019-02-23 07:00:00,32.69340277777778,17.21384620666504,Moderate,Normal
2019-02-23 08:00:00,39.980666666666664,11.409602165222168,Moderate,Normal
2019-02-23 09:00:00,63.454333333333345,57.7071418762207,Moderate,Moderate
2019-02-23 10:00:00,117.94892473118277,80.95938873291016,Severe,Moderate
2019-02-23 11:00:00,123.83888888888889,120.73517608642578,Severe,Severe
2019-02-23 17:00:00,162.0,147.9290771484375,Severe,Severe
2019-02-23 18:00:00,142.92777777777778,113.8212661743164,Severe,Severe
2019-02-23 19:00:00,141.91363636363636,124.30654907226562,Severe,Severe
2019-02-23 20:00:00,112.83732638888888,106.85735321044922,Severe,Severe
2019-02-23 21:00:00,207.26312500000003,190.91510009765625,Severe,Severe
2019-02-23 22:00:00,162.916875,160.79867553710938,Severe,Severe
2019-02-23 23:00:00,248.19529914529915,239.82647705078125,Severe,Severe
2019-02-24 00:00:00,235.3833333333333,199.16452026367188,Severe,Severe
2019-02-24 01:00:00,243.9416666666667,239.79315185546875,Severe,Severe
2019-02-24 02:00:00,65.54122807017544,59.018760681152344,Moderate,Moderate
2019-02-24 03:00:00,48.78939393939393,38.89728927612305,Moderate,Moderate
2019-02-24 04:00:00,91.17058823529412,32.99509811401367,Severe,Moderate
2019-02-24 05:00:00,15.095370370370368,11.793890953063965,Normal,Normal
2019-02-24 06:00:00,33.856159420289856,22.657299041748047,Moderate,Moderate
2019-02-24 07:00:00,6.377777777777777,9.047154426574707,Normal,Normal
2019-02-24 08:00:00,5.875833333333334,4.730557441711426,Normal,Normal
2019-02-24 09:00:00,78.035,66.9395751953125,Moderate,Moderate
2019-02-24 10:00:00,66.76034482758621,48.82477951049805,Moderate,Moderate
2019-02-24 11:00:00,96.66129032258064,71.98008728027344,Severe,Moderate
2019-02-24 12:00:00,145.55208333333334,135.86947631835938,Severe,Severe
2019-02-24 13:00:00,119.40580808080807,110.68863677978516,Severe,Severe
2019-02-24 14:00:00,118.93529411764705,114.30636596679688,Severe,Severe
2019-02-24 15:00:00,181.9622549019608,171.8638916015625,Severe,Severe
2019-02-24 16:00:00,115.43848039215686,116.2701187133789,Severe,Severe
2019-02-24 17:00:00,167.33034188034188,158.20619201660156,Severe,Severe
2019-02-24 18:00:00,140.63842592592593,136.6517791748047,Severe,Severe
2019-02-24 19:00:00,103.48468992248061,95.41206359863281,Severe,Severe
2019-02-24 20:00:00,151.6382113821138,144.81109619140625,Severe,Severe
2019-02-24 21:00:00,196.54649122807018,188.51785278320312,Severe,Severe
2019-02-24 22:00:00,177.334496124031,171.25001525878906,Severe,Severe
2019-02-24 23:00:00,256.7986111111111,247.34088134765625,Severe,Severe
2019-02-25 00:00:00,255.69930555555553,226.1617431640625,Severe,Severe
2019-02-25 01:00:00,201.92407407407407,125.23240661621094,Severe,Severe
2019-02-25 02:00:00,48.3735294117647,40.2926139831543,Moderate,Moderate
2019-02-25 03:00:00,2.8333333333333335,1.1203324794769287,Normal,Normal
2019-02-25 04:00:00,42.65555555555555,42.330345153808594,Moderate,Moderate
2019-02-25 05:00:00,48.93583333333333,38.407798767089844,Moderate,Moderate
2019-02-25 06:00:00,43.390972222222224,25.604215621948242,Moderate,Moderate
2019-02-25 07:00:00,38.5246913580247,22.483448028564453,Moderate,Moderate
2019-02-25 08:00:00,22.063888888888886,19.812471389770508,Moderate,Normal
2019-02-25 09:00:00,64.02791666666667,54.0009880065918,Moderate,Moderate
2019-02-25 10:00:00,64.20104166666665,48.52705001831055,Moderate,Moderate
2019-02-25 11:00:00,63.93611111111111,51.53208541870117,Moderate,Moderate
2019-02-25 12:00:00,125.0279569892473,118.89930725097656,Severe,Severe
2019-02-25 13:00:00,117.42878787878787,109.54884338378906,Severe,Severe
2019-02-25 14:00:00,121.16041666666666,103.44461822509766,Severe,Severe
2019-02-25 15:00:00,146.3644607843137,147.1346435546875,Severe,Severe
2019-02-25 16:00:00,203.68880952380954,188.6233367919922,Severe,Severe
2019-02-25 17:00:00,158.06619047619049,151.44651794433594,Severe,Severe
2019-02-25 18:00:00,118.90916666666666,115.14283752441406,Severe,Severe
2019-02-25 19:00:00,150.13479166666667,142.85791015625,Severe,Severe
2019-02-25 20:00:00,144.36527777777778,124.14448547363281,Severe,Severe
2019-02-25 21:00:00,224.85671296296294,220.0206756591797,Severe,Severe
2019-02-25 22:00:00,192.61093749999998,186.89927673339844,Severe,Severe
2019-02-25 23:00:00,259.40744047619046,253.22421264648438,Severe,Severe
2019-02-26 00:00:00,252.59305555555557,212.86651611328125,Severe,Severe
2019-02-26 01:00:00,187.7673076923077,179.94473266601562,Severe,Severe
2019-02-26 02:00:00,99.52850877192982,61.81962966918945,Severe,Moderate
2019-02-26 03:00:00,10.635714285714286,13.662717819213867,Normal,Normal
2019-02-26 04:00:00,97.23777777777778,74.01219177246094,Severe,Moderate
2019-02-26 05:00:00,40.717543859649126,22.491132736206055,Moderate,Moderate
2019-02-26 06:00:00,21.208712121212123,22.724451065063477,Moderate,Moderate
2019-02-26 07:00:00,53.87651515151515,8.399616241455078,Moderate,Normal
2019-02-26 08:00:00,61.07361111111112,29.576536178588867,Moderate,Moderate
2019-02-26 09:00:00,64.62166666666667,58.66943359375,Moderate,Moderate
2019-02-26 10:00:00,110.0522988505747,96.89262390136719,Severe,Severe
2019-02-26 11:00:00,114.63333333333334,72.83309936523438,Severe,Moderate
2019-02-26 17:00:00,138.6183333333333,122.0770034790039,Severe,Severe
2019-02-26 18:00:00,194.15705128205127,172.19276428222656,Severe,Severe
2019-02-26 19:00:00,174.1936403508772,145.25132751464844,Severe,Severe
2019-02-26 20:00:00,171.5369918699187,154.5326385498047,Severe,Severe
2019-02-26 21:00:00,179.11515151515152,158.99632263183594,Severe,Severe
2019-02-26 22:00:00,202.24764957264955,183.7239532470703,Severe,Severe
2019-02-26 23:00:00,238.80092592592595,216.28057861328125,Severe,Severe
2019-02-27 00:00:00,253.64652777777778,223.32440185546875,Severe,Severe
2019-02-27 01:00:00,238.88472222222222,166.9978485107422,Severe,Severe
2019-02-27 02:00:00,108.30324074074075,79.43472290039062,Severe,Moderate
2019-02-27 03:00:00,52.33541666666667,42.634674072265625,Moderate,Moderate
2019-02-27 04:00:00,127.7438596491228,78.2302474975586,Severe,Moderate
2019-02-27 05:00:00,29.582222222222224,4.402939796447754,Moderate,Normal
2019-02-27 06:00:00,46.089000000000006,23.753068923950195,Moderate,Moderate
2019-02-27 07:00:00,38.325694444444444,15.722086906433105,Moderate,Normal
2019-02-27 08:00:00,25.699305555555554,17.843427658081055,Moderate,Normal
2019-02-27 09:00:00,63.23875,41.685279846191406,Moderate,Moderate
2019-02-27 10:00:00,79.06206896551724,58.134002685546875,Moderate,Moderate
2019-02-27 11:00:00,82.37147435897435,75.38780212402344,Moderate,Moderate
2019-02-27 12:00:00,172.84642857142856,166.70155334472656,Severe,Severe
2019-02-27 13:00:00,110.52824074074076,97.2630844116211,Severe,Severe
2019-02-27 14:00:00,86.04811827956989,80.09049224853516,Moderate,Moderate
2019-02-27 15:00:00,182.40190476190477,173.923583984375,Severe,Severe
2019-02-27 16:00:00,131.1929292929293,127.7164306640625,Severe,Severe
2019-02-27 17:00:00,129.40285087719298,117.34931182861328,Severe,Severe
2019-02-27 18:00:00,141.11380952380952,140.9820098876953,Severe,Severe
2019-02-27 19:00:00,127.0125,118.74555206298828,Severe,Severe
2019-02-27 20:00:00,151.94867424242423,142.32196044921875,Severe,Severe
2019-02-27 21:00:00,209.6826388888889,203.94883728027344,Severe,Severe
2019-02-27 22:00:00,183.59949494949495,181.0878448486328,Severe,Severe
2019-02-27 23:00:00,268.6661290322581,258.28607177734375,Severe,Severe
2019-03-01 00:00:00,232.25,207.73597717285156,Severe,Severe
2019-03-01 01:00:00,240.3035714285714,191.18630981445312,Severe,Severe
2019-03-01 02:00:00,97.46222222222222,104.14799499511719,Severe,Severe
2019-03-01 03:00:00,19.569696969696967,5.1666035652160645,Normal,Normal
2019-03-01 04:00:00,136.42111111111112,56.28121566772461,Severe,Moderate
2019-03-01 05:00:00,57.16444444444445,31.401018142700195,Moderate,Moderate
2019-03-01 06:00:00,29.457440476190477,9.427757263183594,Moderate,Normal
2019-03-01 07:00:00,54.561904761904756,43.030277252197266,Moderate,Moderate
2019-03-01 08:00:00,21.678260869565218,11.31799030303955,Moderate,Normal
2019-03-01 09:00:00,49.85654761904762,34.73862838745117,Moderate,Moderate
2019-03-01 10:00:00,57.48589743589743,52.90022277832031,Moderate,Moderate
2019-03-01 11:00:00,128.1497023809524,95.1658706665039,Severe,Severe
2019-03-01 12:00:00,116.38666666666668,105.50874328613281,Severe,Severe
2019-03-01 13:00:00,118.68602150537633,99.32169342041016,Severe,Severe
2019-03-01 14:00:00,113.87175925925925,99.06905364990234,Severe,Severe
2019-03-01 15:00:00,183.49166666666665,169.3895263671875,Severe,Severe
2019-03-01 16:00:00,178.8554054054054,164.02439880371094,Severe,Severe
2019-03-01 17:00:00,138.60876068376072,122.66009521484375,Severe,Severe
2019-03-01 18:00:00,138.36623931623933,125.41439819335938,Severe,Severe
2019-03-01 19:00:00,151.84654471544718,147.61782836914062,Severe,Severe
2019-03-01 20:00:00,178.7547619047619,171.7553253173828,Severe,Severe
2019-03-01 21:00:00,177.74623015873016,170.98182678222656,Severe,Severe
2019-03-01 22:00:00,181.96286231884056,175.61839294433594,Severe,Severe
2019-03-01 23:00:00,245.71282051282054,238.66456604003906,Severe,Severe
2019-03-02 00:00:00,290.06333333333333,228.85165405273438,Severe,Severe
2019-03-02 01:00:00,83.77592592592593,77.54193878173828,Moderate,Moderate
2019-03-02 02:00:00,92.6125,68.6706771850586,Severe,Moderate
2019-03-02 03:00:00,16.183333333333334,22.11861801147461,Normal,Moderate
2019-03-02 04:00:00,115.11904761904762,89.0285873413086,Severe,Moderate
2019-03-02 05:00:00,11.29222222222222,3.051798105239868,Normal,Normal
2019-03-02 06:00:00,33.06249999999999,18.124385833740234,Moderate,Normal
2019-03-02 07:00:00,26.125396825396827,29.746200561523438,Moderate,Moderate
2019-03-02 08:00:00,45.23888888888889,20.685096740722656,Moderate,Moderate
2019-03-02 09:00:00,42.31086956521739,48.599273681640625,Moderate,Moderate
2019-03-02 10:00:00,91.27864583333334,66.38232421875,Severe,Moderate
2019-03-02 11:00:00,128.3357142857143,104.87796783447266,Severe,Severe
2019-03-02 17:00:00,174.66184210526316,153.7355499267578,Severe,Severe
2019-03-02 18:00:00,236.825,183.1761932373047,Severe,Severe
2019-03-02 19:00:00,134.79244186046512,118.50265502929688,Severe,Severe
2019-03-02 20:00:00,157.2393115942029,140.09750366210938,Severe,Severe
2019-03-02 21:00:00,185.6829457364341,178.8429718017578,Severe,Severe
2019-03-02 22:00:00,178.90858585858587,154.7677764892578,Severe,Severe
2019-03-02 23:00:00,213.59345238095239,212.29867553710938,Severe,Severe
2019-03-04 17:00:00,109.68214285714286,86.1521987915039,Severe,Moderate
2019-03-04 18:00:00,139.8,137.47149658203125,Severe,Severe
2019-03-04 19:00:00,142.51239837398376,138.89700317382812,Severe,Severe
2019-03-04 20:00:00,164.85094696969696,157.07920837402344,Severe,Severe
2019-03-04 21:00:00,207.97577519379846,196.18251037597656,Severe,Severe
2019-03-04 22:00:00,173.72439024390246,167.21615600585938,Severe,Severe
2019-03-04 23:00:00,256.5854166666667,224.86329650878906,Severe,Severe
2019-03-05 00:00:00,269.1513888888889,216.8955078125,Severe,Severe
2019-03-05 01:00:00,201.05370370370372,180.7982177734375,Severe,Severe
2019-03-05 02:00:00,98.37604166666667,61.46072006225586,Severe,Moderate
2019-03-05 03:00:00,15.418750000000001,33.526824951171875,Normal,Moderate
2019-03-05 04:00:00,24.905208333333334,6.695972442626953,Moderate,Normal
2019-03-05 05:00:00,72.6,46.690040588378906,Moderate,Moderate
2019-03-05 06:00:00,25.538095238095234,12.303444862365723,Moderate,Normal
2019-03-05 07:00:00,37.41304347826087,41.465797424316406,Moderate,Moderate
2019-03-05 08:00:00,55.53263888888889,22.17035484313965,Moderate,Moderate
2019-03-05 09:00:00,50.24469696969697,43.34601593017578,Moderate,Moderate
2019-03-05 10:00:00,107.12816091954025,97.19172668457031,Severe,Severe
2019-03-05 11:00:00,107.26309523809525,97.9543685913086,Severe,Severe
2019-03-05 17:00:00,179.67890625,153.91006469726562,Severe,Severe
2019-03-05 18:00:00,201.79953703703706,181.05384826660156,Severe,Severe
2019-03-05 19:00:00,171.34469696969697,148.2241973876953,Severe,Severe
2019-03-05 20:00:00,130.8344017094017,124.04230499267578,Severe,Severe
2019-03-05 21:00:00,188.16185185185185,159.98634338378906,Severe,Severe
2019-03-05 22:00:00,183.445625,179.59445190429688,Severe,Severe
2019-03-05 23:00:00,222.10416666666669,205.78086853027344,Severe,Severe
2019-03-06 00:00:00,238.67266666666666,218.9490966796875,Severe,Severe
2019-03-06 01:00:00,277.9769230769231,204.2802734375,Severe,Severe
2019-03-06 02:00:00,89.30320512820512,55.924373626708984,Moderate,Moderate
2019-03-06 03:00:00,38.86666666666667,31.721357345581055,Moderate,Moderate
2019-03-06 04:00:00,70.63333333333333,54.05208969116211,Moderate,Moderate
2019-03-06 05:00:00,112.5107843137255,62.54279708862305,Severe,Moderate
2019-03-06 06:00:00,19.584876543209877,5.0930256843566895,Normal,Normal
2019-03-06 07:00:00,51.95977011494253,27.565160751342773,Moderate,Moderate
2019-03-06 08:00:00,23.616666666666667,9.755266189575195,Moderate,Normal
2019-03-06 09:00:00,43.35798611111111,38.6151123046875,Moderate,Moderate
2019-03-06 10:00:00,60.425999999999995,47.456111907958984,Moderate,Moderate
2019-03-06 11:00:00,147.56636904761905,115.2668228149414,Severe,Severe
2019-03-06 12:00:00,137.2959523809524,131.10145568847656,Severe,Severe
2019-03-06 13:00:00,123.98198924731183,109.37403869628906,Severe,Severe
2019-03-06 14:00:00,117.9391891891892,111.0567626953125,Severe,Severe
2019-03-06 15:00:00,171.6051724137931,170.3526611328125,Severe,Severe
2019-03-06 16:00:00,159.60809523809522,136.14056396484375,Severe,Severe
2019-03-06 17:00:00,137.44754901960786,117.2953109741211,Severe,Severe
2019-03-06 18:00:00,162.69671717171715,154.24627685546875,Severe,Severe
2019-03-06 19:00:00,169.84833333333333,155.2507781982422,Severe,Severe
2019-03-06 20:00:00,120.54963768115942,118.66964721679688,Severe,Severe
2019-03-06 21:00:00,196.65760869565213,183.53018188476562,Severe,Severe
2019-03-06 22:00:00,186.31068376068376,184.43759155273438,Severe,Severe
2019-03-06 23:00:00,262.2972222222223,243.19769287109375,Severe,Severe
2019-03-07 00:00:00,286.888,221.9775848388672,Severe,Severe
2019-03-07 01:00:00,183.0277777777778,87.01905059814453,Severe,Moderate
2019-03-07 02:00:00,73.21406250000001,47.733360290527344,Moderate,Moderate
2019-03-07 03:00:00,1.3261904761904761,4.418744087219238,Normal,Normal
2019-03-07 04:00:00,100.89629629629628,61.75572204589844,Severe,Moderate
2019-03-07 05:00:00,59.323076923076925,50.973567962646484,Moderate,Moderate
2019-03-07 06:00:00,11.25,7.0390095710754395,Normal,Normal
2019-03-07 07:00:00,37.24458333333333,34.176490783691406,Moderate,Moderate
2019-03-07 08:00:00,27.222500000000004,4.486546039581299,Moderate,Normal
2019-03-07 09:00:00,56.289682539682545,43.85258483886719,Moderate,Moderate
2019-03-07 10:00:00,112.15591397849462,95.42427062988281,Severe,Severe
2019-03-07 11:00:00,3.6041666666666665,0.6038818955421448,Normal,Normal
2019-03-07 16:00:00,360.0,336.93597412109375,Severe,Severe
2019-03-07 17:00:00,176.1940860215054,170.1528778076172,Severe,Severe
2019-03-07 18:00:00,186.2153153153153,168.3478240966797,Severe,Severe
2019-03-07 19:00:00,183.4565789473684,163.8340301513672,Severe,Severe
2019-03-07 20:00:00,150.36099290780143,152.52342224121094,Severe,Severe
2019-03-07 21:00:00,192.00503875968994,180.8273162841797,Severe,Severe
2019-03-07 22:00:00,175.3684210526316,169.14974975585938,Severe,Severe
2019-03-07 23:00:00,249.49947916666667,226.990478515625,Severe,Severe
2019-03-08 00:00:00,275.3619047619047,242.6602325439453,Severe,Severe
2019-03-08 01:00:00,175.13974358974363,181.84539794921875,Severe,Severe
2019-03-08 02:00:00,25.136666666666667,27.237993240356445,Moderate,Moderate
2019-03-08 03:00:00,42.64333333333333,16.909061431884766,Moderate,Normal
2019-03-08 04:00:00,105.07105263157894,80.7352523803711,Severe,Moderate
2019-03-08 05:00:00,47.90833333333333,29.14541244506836,Moderate,Moderate
2019-03-08 06:00:00,50.6536231884058,30.27206802368164,Moderate,Moderate
2019-03-08 07:00:00,28.166944444444447,18.892282485961914,Moderate,Normal
2019-03-08 08:00:00,28.223015873015875,21.6478271484375,Moderate,Moderate
2019-03-08 09:00:00,59.800333333333334,54.51150894165039,Moderate,Moderate
2019-03-08 10:00:00,34.137280701754385,25.517908096313477,Moderate,Moderate
2019-03-08 11:00:00,95.84761904761906,89.51582336425781,Severe,Moderate
2019-03-08 12:00:00,128.36203703703703,117.97698974609375,Severe,Severe
2019-03-08 13:00:00,122.61176470588236,113.24992370605469,Severe,Severe
2019-03-08 14:00:00,160.85277777777776,128.57469177246094,Severe,Severe
2019-03-08 15:00:00,180.03611111111113,179.35777282714844,Severe,Severe
2019-03-08 16:00:00,168.92564102564103,149.88951110839844,Severe,Severe
2019-03-08 17:00:00,177.8176470588235,166.4721221923828,Severe,Severe
2019-03-08 18:00:00,145.44375000000002,130.85739135742188,Severe,Severe
2019-03-08 19:00:00,140.63841463414636,135.9300537109375,Severe,Severe
2019-03-08 20:00:00,160.1329365079365,150.10118103027344,Severe,Severe
2019-03-08 21:00:00,205.1532196969697,195.04345703125,Severe,Severe
2019-03-08 22:00:00,188.03158914728684,167.38172912597656,Severe,Severe
2019-03-08 23:00:00,241.95879629629624,236.46487426757812,Severe,Severe
2019-03-09 00:00:00,236.52083333333334,212.7149200439453,Severe,Severe
2019-03-09 01:00:00,135.00757575757575,123.6857681274414,Severe,Severe
2019-03-09 02:00:00,66.59754901960784,66.85625457763672,Moderate,Moderate
2019-03-09 03:00:00,59.87592592592593,61.34314727783203,Moderate,Moderate
2019-03-09 04:00:00,82.44901960784313,46.33514404296875,Moderate,Moderate
2019-03-09 05:00:00,82.559375,68.48158264160156,Moderate,Moderate
2019-03-09 06:00:00,61.937037037037044,25.406957626342773,Moderate,Moderate
2019-03-09 07:00:00,67.12633333333333,36.88872528076172,Moderate,Moderate
2019-03-09 08:00:00,22.1268115942029,8.79554557800293,Moderate,Normal
2019-03-09 09:00:00,68.41794871794872,46.836204528808594,Moderate,Moderate
2019-03-09 10:00:00,119.06344086021505,83.14088439941406,Severe,Moderate
2019-03-09 11:00:00,104.14047619047619,64.10601806640625,Severe,Moderate
2019-03-09 12:00:00,360.0,324.9329528808594,Severe,Severe
2019-03-09 14:00:00,360.0,219.0198516845703,Severe,Severe
2019-03-09 16:00:00,360.0,341.7168273925781,Severe,Severe
2019-03-09 17:00:00,154.15043859649123,140.32850646972656,Severe,Severe
2019-03-09 18:00:00,203.41217948717946,179.53106689453125,Severe,Severe
2019-03-09 19:00:00,141.99583333333334,122.02992248535156,Severe,Severe
2019-03-09 20:00:00,136.5260162601626,119.09327697753906,Severe,Severe
2019-03-09 21:00:00,165.71723484848488,157.3440704345703,Severe,Severe
2019-03-09 22:00:00,218.51055555555556,210.69723510742188,Severe,Severe
2019-03-09 23:00:00,221.21085271317827,204.6194610595703,Severe,Severe
2019-03-10 00:00:00,217.4,184.2826385498047,Severe,Severe
2019-03-10 01:00:00,261.8181818181818,232.8855438232422,Severe,Severe
2019-03-10 02:00:00,81.49754901960785,50.213321685791016,Moderate,Moderate
2019-03-10 03:00:00,60.085,80.11021423339844,Moderate,Moderate
2019-03-10 04:00:00,80.36309523809526,53.7702522277832,Moderate,Moderate
2019-03-10 05:00:00,39.91805555555556,24.14142608642578,Moderate,Moderate
2019-03-10 06:00:00,36.35362318840579,25.183446884155273,Moderate,Moderate
2019-03-10 07:00:00,26.165432098765432,22.111345291137695,Moderate,Moderate
2019-03-10 08:00:00,33.27878787878788,9.30616569519043,Moderate,Normal
2019-03-10 09:00:00,74.45611111111111,62.17597961425781,Moderate,Moderate
2019-03-10 10:00:00,53.94814814814814,41.427955627441406,Moderate,Moderate
2019-03-10 11:00:00,116.3621794871795,87.69877624511719,Severe,Moderate
2019-03-10 12:00:00,125.82060185185186,115.13345336914062,Severe,Severe
2019-03-10 13:00:00,98.15666666666667,87.12024688720703,Severe,Moderate
2019-03-10 14:00:00,120.11666666666667,122.4609146118164,Severe,Severe
2019-03-10 15:00:00,182.01474358974357,163.58737182617188,Severe,Severe
2019-03-10 16:00:00,96.34055555555555,86.7367172241211,Severe,Moderate
2019-03-10 17:00:00,141.57350427350426,136.62112426757812,Severe,Severe
2019-03-10 18:00:00,145.47958333333332,143.9393768310547,Severe,Severe
2019-03-10 19:00:00,126.46732456140349,125.70677185058594,Severe,Severe
2019-03-10 20:00:00,134.50691056910568,136.33485412597656,Severe,Severe
2019-03-10 21:00:00,211.53421052631577,205.36305236816406,Severe,Severe
2019-03-10 22:00:00,158.21359649122806,158.4263916015625,Severe,Severe
2019-03-10 23:00:00,232.63648648648652,223.79144287109375,Severe,Severe
2019-03-11 00:00:00,230.7722222222222,202.3123779296875,Severe,Severe
2019-03-11 01:00:00,172.4148148148148,133.0801544189453,Severe,Severe
2019-03-11 02:00:00,80.31607142857142,65.87195587158203,Moderate,Moderate
2019-03-11 03:00:00,9.92,1.9742873907089233,Normal,Normal
2019-03-11 04:00:00,27.630000000000003,24.29172134399414,Moderate,Moderate
2019-03-11 05:00:00,57.602380952380955,24.283462524414062,Moderate,Moderate
2019-03-11 06:00:00,38.51620370370371,35.19715881347656,Moderate,Moderate
2019-03-11 07:00:00,44.68958333333334,32.7719612121582,Moderate,Moderate
2019-03-11 08:00:00,26.729629629629628,19.87000274658203,Moderate,Normal
2019-03-11 09:00:00,49.89545454545455,41.21659851074219,Moderate,Moderate
2019-03-11 10:00:00,52.14057971014492,45.17137145996094,Moderate,Moderate
2019-03-11 11:00:00,81.709375,82.54313659667969,Moderate,Moderate
2019-03-11 12:00:00,124.81989247311827,116.86077117919922,Severe,Severe
2019-03-11 13:00:00,102.16586021505377,83.32067108154297,Severe,Moderate
2019-03-11 14:00:00,141.55648148148148,135.3665771484375,Severe,Severe
2019-03-11 15:00:00,157.75072463768115,155.3274383544922,Severe,Severe
2019-03-11 16:00:00,184.58309523809524,165.33399963378906,Severe,Severe
2019-03-11 17:00:00,165.89749999999998,151.6039276123047,Severe,Severe
2019-03-11 18:00:00,165.74040404040403,158.02374267578125,Severe,Severe
2019-03-11 19:00:00,130.6553240740741,128.6427459716797,Severe,Severe
2019-03-11 20:00:00,129.60300925925927,119.10348510742188,Severe,Severe
2019-03-11 21:00:00,216.06008771929822,212.8194580078125,Severe,Severe
2019-03-11 22:00:00,177.42939814814812,169.8345184326172,Severe,Severe
2019-03-11 23:00:00,233.91008771929828,224.56005859375,Severe,Severe
2019-03-12 00:00:00,276.5934782608696,247.05592346191406,Severe,Severe
2019-03-12 01:00:00,236.17045454545453,181.34503173828125,Severe,Severe
2019-03-12 02:00:00,141.625,111.7353515625,Severe,Severe
2019-03-12 03:00:00,2.988888888888889,2.1117870807647705,Normal,Normal
2019-03-12 04:00:00,105.54285714285713,74.5412368774414,Severe,Moderate
2019-03-12 05:00:00,49.24583333333334,23.25252342224121,Moderate,Moderate
2019-03-12 06:00:00,150.0648148148148,66.6368408203125,Severe,Moderate
2019-03-12 07:00:00,30.360185185185188,27.117216110229492,Moderate,Moderate
2019-03-12 08:00:00,45.112318840579704,19.929473876953125,Moderate,Normal
2019-03-12 09:00:00,39.11349206349206,34.55372619628906,Moderate,Moderate
2019-03-12 10:00:00,86.25053763440859,72.03063201904297,Moderate,Moderate
2019-03-12 11:00:00,180.0,157.72833251953125,Severe,Severe
2019-03-12 16:00:00,360.0,166.77325439453125,Severe,Severe
2019-03-12 18:00:00,177.64142156862744,160.44378662109375,Severe,Severe
2019-03-12 19:00:00,181.74212962962963,156.64700317382812,Severe,Severe
2019-03-12 21:00:00,181.2404761904762,169.1004638671875,Severe,Severe
2019-03-12 22:00:00,192.17073170731706,185.57098388671875,Severe,Severe
2019-03-12 23:00:00,276.9666666666667,271.9459228515625,Severe,Severe
2019-03-13 00:00:00,275.27857142857147,256.39935302734375,Severe,Severe
2019-03-13 01:00:00,197.3724358974359,206.04261779785156,Severe,Severe
2019-03-13 02:00:00,106.79702380952381,69.15532684326172,Severe,Moderate
2019-03-13 03:00:00,55.766666666666666,43.18861770629883,Moderate,Moderate
2019-03-13 04:00:00,71.43722222222223,43.37224578857422,Moderate,Moderate
2019-03-13 05:00:00,83.63214285714285,62.687591552734375,Moderate,Moderate
2019-03-13 06:00:00,73.98703703703706,52.0635871887207,Moderate,Moderate
2019-03-13 07:00:00,20.898333333333333,19.565113067626953,Moderate,Normal
2019-03-13 08:00:00,23.698863636363637,19.722639083862305,Moderate,Normal
2019-03-13 09:00:00,80.70980392156862,72.44402313232422,Moderate,Moderate
2019-03-13 10:00:00,36.439285714285724,46.76227951049805,Moderate,Moderate
2019-03-13 11:00:00,113.99583333333332,104.29436492919922,Severe,Severe
2019-03-13 12:00:00,166.95416666666665,162.73287963867188,Severe,Severe
2019-03-13 13:00:00,89.61141975308641,85.63194274902344,Moderate,Moderate
2019-03-13 14:00:00,114.49555555555555,98.35707092285156,Severe,Severe
2019-03-13 15:00:00,186.8822222222222,179.73794555664062,Severe,Severe
2019-03-13 16:00:00,164.44047619047618,139.12448120117188,Severe,Severe
2019-03-13 17:00:00,132.72177419354838,134.65692138671875,Severe,Severe
2019-03-13 18:00:00,174.54901960784315,163.0146942138672,Severe,Severe
2019-03-13 19:00:00,127.984068627451,127.31178283691406,Severe,Severe
2019-03-13 20:00:00,154.41237373737374,152.9675750732422,Severe,Severe
2019-03-13 21:00:00,198.19192708333333,195.5911865234375,Severe,Severe
2019-03-13 22:00:00,175.60277777777776,172.47195434570312,Severe,Severe
2019-03-13 23:00:00,273.9916666666667,272.1693115234375,Severe,Severe
2019-03-14 00:00:00,271.169298245614,215.27911376953125,Severe,Severe
2019-03-14 01:00:00,173.97575757575757,164.72640991210938,Severe,Severe
2019-03-14 02:00:00,125.18388888888889,67.87751770019531,Severe,Moderate
2019-03-14 03:00:00,7.333333333333334,3.6633224487304688,Normal,Normal
2019-03-14 04:00:00,132.95625,81.0047607421875,Severe,Moderate
2019-03-14 05:00:00,92.225,76.59420776367188,Severe,Moderate
2019-03-14 06:00:00,51.997916666666676,24.01799964904785,Moderate,Moderate
2019-03-14 07:00:00,4.94,1.7946195602416992,Normal,Normal
2019-03-14 08:00:00,57.6212962962963,32.443748474121094,Moderate,Moderate
2019-03-14 09:00:00,52.12045454545455,49.6468505859375,Moderate,Moderate
2019-03-14 10:00:00,94.14633333333333,81.19221496582031,Severe,Moderate
2019-03-14 11:00:00,173.85,12.922245025634766,Severe,Normal
2019-03-14 16:00:00,218.15,213.71823120117188,Severe,Severe
2019-03-14 17:00:00,148.08271604938273,120.0262222290039,Severe,Severe
2019-03-14 18:00:00,189.01614583333333,169.033203125,Severe,Severe
2019-03-14 19:00:00,182.35092592592594,167.3767547607422,Severe,Severe
2019-03-14 20:00:00,124.14776422764228,114.59827423095703,Severe,Severe
2019-03-14 21:00:00,210.05959595959598,198.8439178466797,Severe,Severe
2019-03-14 22:00:00,202.60959595959594,200.51487731933594,Severe,Severe
2019-03-14 23:00:00,268.97266666666667,248.23818969726562,Severe,Severe
2019-03-15 00:00:00,281.287962962963,280.2784423828125,Severe,Severe
2019-03-15 01:00:00,95.17291666666667,66.96446228027344,Severe,Moderate
2019-03-15 02:00:00,156.8877450980392,107.5561294555664,Severe,Severe
2019-03-15 03:00:00,48.46851851851852,3.1256351470947266,Moderate,Normal
2019-03-15 04:00:00,102.11111111111111,61.65675735473633,Severe,Moderate
2019-03-15 05:00:00,51.56666666666667,38.618839263916016,Moderate,Moderate
2019-03-15 06:00:00,12.37888888888889,6.13223123550415,Normal,Normal
2019-03-15 07:00:00,52.52041666666666,42.797393798828125,Moderate,Moderate
2019-03-15 08:00:00,14.452083333333334,8.97917366027832,Normal,Normal
2019-03-15 09:00:00,67.22156862745098,34.38523483276367,Moderate,Moderate
2019-03-15 10:00:00,71.96180555555556,52.51423263549805,Moderate,Moderate
2019-03-15 11:00:00,84.14566666666666,73.25756072998047,Moderate,Moderate
2019-03-15 12:00:00,153.10864197530864,138.6149139404297,Severe,Severe
2019-03-15 13:00:00,125.89609375,113.62677764892578,Severe,Severe
2019-03-15 14:00:00,139.47213541666667,128.5894775390625,Severe,Severe
2019-03-15 15:00:00,174.4613095238095,171.9564971923828,Severe,Severe
2019-03-15 16:00:00,129.27972222222223,104.48357391357422,Severe,Severe
2019-03-15 17:00:00,152.80107526881721,135.7227783203125,Severe,Severe
2019-03-15 18:00:00,154.1765350877193,143.3647003173828,Severe,Severe
2019-03-15 19:00:00,155.90855263157894,145.43992614746094,Severe,Severe
2019-03-15 20:00:00,152.50698924731182,135.8333740234375,Severe,Severe
2019-03-15 21:00:00,218.95708333333332,215.99868774414062,Severe,Severe
2019-03-15 22:00:00,168.565350877193,164.01171875,Severe,Severe
2019-03-15 23:00:00,243.87820512820514,241.55592346191406,Severe,Severe
2019-03-16 00:00:00,282.5904761904762,263.62335205078125,Severe,Severe
2019-03-16 01:00:00,209.06666666666666,178.7683868408203,Severe,Severe
2019-03-16 02:00:00,113.9828125,70.86295318603516,Severe,Moderate
2019-03-16 03:00:00,29.386666666666667,45.99518585205078,Moderate,Moderate
2019-03-16 04:00:00,115.575,51.04417419433594,Severe,Moderate
2019-03-16 05:00:00,80.3,65.1268539428711,Moderate,Moderate
2019-03-16 06:00:00,41.93728070175439,31.923091888427734,Moderate,Moderate
2019-03-16 07:00:00,71.94545454545454,50.13801193237305,Moderate,Moderate
2019-03-16 08:00:00,14.72719298245614,14.272387504577637,Normal,Normal
2019-03-16 09:00:00,69.18333333333334,63.196815490722656,Moderate,Moderate
2019-03-16 10:00:00,86.17857142857143,63.14347457885742,Moderate,Moderate
2019-03-16 11:00:00,0.0,0.44276660680770874,Normal,Normal
2019-03-16 17:00:00,178.30888888888887,150.08055114746094,Severe,Severe
2019-03-16 18:00:00,159.12199074074073,147.10943603515625,Severe,Severe
2019-03-16 19:00:00,153.65853658536585,126.55716705322266,Severe,Severe
2019-03-16 20:00:00,125.20833333333331,128.03501892089844,Severe,Severe
2019-03-16 21:00:00,198.415990990991,185.2753143310547,Severe,Severe
2019-03-16 22:00:00,187.51478494623657,183.04522705078125,Severe,Severe
2019-03-16 23:00:00,282.58039215686273,268.6452941894531,Severe,Severe
2019-03-17 00:00:00,270.1296296296296,228.18760681152344,Severe,Severe
2019-03-17 01:00:00,182.66083333333333,148.94534301757812,Severe,Severe
2019-03-17 02:00:00,103.30222222222223,59.99811935424805,Severe,Moderate
2019-03-17 03:00:00,14.6875,1.8794782161712646,Normal,Normal
2019-03-17 04:00:00,89.49555555555555,67.513427734375,Moderate,Moderate
2019-03-17 05:00:00,110.76666666666667,56.33560562133789,Severe,Moderate
2019-03-17 06:00:00,35.31410256410257,14.806160926818848,Moderate,Normal
2019-03-17 07:00:00,28.180701754385968,25.026615142822266,Moderate,Moderate
2019-03-17 08:00:00,12.560833333333331,13.923678398132324,Normal,Normal
2019-03-17 09:00:00,72.69047619047619,66.63568878173828,Moderate,Moderate
2019-03-17 10:00:00,40.256521739130434,40.78622817993164,Moderate,Moderate
2019-03-17 11:00:00,88.94315476190476,78.1158447265625,Moderate,Moderate
2019-03-17 12:00:00,153.13968253968252,146.80905151367188,Severe,Severe
2019-03-17 13:00:00,99.76826923076925,84.96754455566406,Severe,Moderate
2019-03-17 14:00:00,131.33870967741933,126.51246643066406,Severe,Severe
2019-03-17 15:00:00,162.96833333333333,155.46458435058594,Severe,Severe
2019-03-17 16:00:00,168.490404040404,142.97174072265625,Severe,Severe
2019-03-17 17:00:00,157.32999999999998,155.59742736816406,Severe,Severe
2019-03-17 18:00:00,186.2263440860215,185.30775451660156,Severe,Severe
2019-03-17 19:00:00,147.28459595959595,137.26284790039062,Severe,Severe
2019-03-17 20:00:00,131.12824074074075,126.13668060302734,Severe,Severe
2019-03-17 21:00:00,235.53177083333333,222.3993682861328,Severe,Severe
2019-03-17 22:00:00,177.43444444444444,171.9395294189453,Severe,Severe
2019-03-17 23:00:00,268.7577380952381,243.19419860839844,Severe,Severe
2019-03-18 00:00:00,348.4,318.5885009765625,Severe,Severe
2019-03-18 01:00:00,165.87962962962965,126.781494140625,Severe,Severe
2019-03-18 02:00:00,140.54102564102564,84.11823272705078,Severe,Moderate
2019-03-18 03:00:00,0.75,0.4465695321559906,Normal,Normal
2019-03-18 04:00:00,93.06481481481482,49.57801818847656,Severe,Moderate
2019-03-18 05:00:00,68.54761904761905,44.866127014160156,Moderate,Moderate
2019-03-18 06:00:00,68.92202380952381,38.38437271118164,Moderate,Moderate
2019-03-18 07:00:00,54.44506172839507,36.52964401245117,Moderate,Moderate
2019-03-18 08:00:00,28.65,5.034812927246094,Moderate,Normal
2019-03-18 09:00:00,64.83409090909089,61.70147705078125,Moderate,Moderate
2019-03-18 10:00:00,95.95526315789473,64.32159423828125,Severe,Moderate
2019-03-18 11:00:00,64.775,64.85954284667969,Moderate,Moderate
2019-03-18 12:00:00,151.45897435897433,130.6294403076172,Severe,Severe
2019-03-18 13:00:00,124.99537037037035,111.14772033691406,Severe,Severe
2019-03-18 14:00:00,127.22333333333333,129.37904357910156,Severe,Severe
2019-03-18 15:00:00,170.78680555555556,161.72422790527344,Severe,Severe
2019-03-18 16:00:00,139.80250000000004,131.5514373779297,Severe,Severe
2019-03-18 17:00:00,147.65357142857144,143.48086547851562,Severe,Severe
2019-03-18 18:00:00,169.89191919191921,162.06593322753906,Severe,Severe
2019-03-18 19:00:00,133.97348484848484,134.18325805664062,Severe,Severe
2019-03-18 20:00:00,152.4036036036036,138.49208068847656,Severe,Severe
2019-03-18 21:00:00,217.05612745098037,213.6457061767578,Severe,Severe
2019-03-18 22:00:00,193.58098958333335,187.23834228515625,Severe,Severe
2019-03-18 23:00:00,276.3275362318841,264.9598388671875,Severe,Severe
2019-03-19 00:00:00,266.48405797101447,248.0599365234375,Severe,Severe
2019-03-19 01:00:00,279.25128205128203,206.87611389160156,Severe,Severe
2019-03-19 02:00:00,133.00098039215686,89.6625747680664,Severe,Moderate
2019-03-19 03:00:00,23.438888888888886,37.811012268066406,Moderate,Moderate
2019-03-19 04:00:00,64.09027777777779,48.043365478515625,Moderate,Moderate
2019-03-19 05:00:00,97.61666666666667,79.34032440185547,Severe,Moderate
2019-03-19 06:00:00,42.7488888888889,40.99809646606445,Moderate,Moderate
2019-03-19 07:00:00,52.05952380952381,27.211992263793945,Moderate,Moderate
2019-03-19 08:00:00,37.77028985507246,31.258607864379883,Moderate,Moderate
2019-03-19 09:00:00,79.14492753623189,50.79368591308594,Moderate,Moderate
2019-03-19 10:00:00,88.52171717171717,79.39251708984375,Moderate,Moderate
2019-03-19 14:00:00,180.0,177.70724487304688,Severe,Severe
2019-03-19 16:00:00,360.0,355.9292907714844,Severe,Severe
2019-03-19 17:00:00,158.61666666666665,143.17970275878906,Severe,Severe
2019-03-19 18:00:00,162.78010752688175,147.7283935546875,Severe,Severe
2019-03-19 19:00:00,134.07236842105263,128.6034698486328,Severe,Severe
2019-03-19 20:00:00,135.3300925925926,113.56209564208984,Severe,Severe
2019-03-19 21:00:00,144.0996794871795,141.90728759765625,Severe,Severe
2019-03-19 22:00:00,230.67444444444445,212.46554565429688,Severe,Severe
2019-03-20 19:00:00,105.75,107.64419555664062,Severe,Severe
2019-03-20 20:00:00,145.37766666666667,132.85472106933594,Severe,Severe
2019-03-20 21:00:00,222.8788888888889,220.39340209960938,Severe,Severe
2019-03-20 22:00:00,193.9349358974359,193.06492614746094,Severe,Severe
2019-03-20 23:00:00,259.02371794871794,237.48538208007812,Severe,Severe
2019-03-21 00:00:00,275.18823529411765,251.30624389648438,Severe,Severe
2019-03-21 01:00:00,182.76666666666665,130.5425262451172,Severe,Severe
2019-03-21 02:00:00,95.00069444444443,67.26520538330078,Severe,Moderate
2019-03-21 03:00:00,2.0125,3.3803467750549316,Normal,Normal
2019-03-21 04:00:00,122.61025641025641,127.30139923095703,Severe,Severe
2019-03-21 05:00:00,48.7125,44.433799743652344,Moderate,Moderate
2019-03-21 06:00:00,1.7999999999999998,1.857102870941162,Normal,Normal
2019-03-21 07:00:00,85.37916666666666,82.79125213623047,Moderate,Moderate
2019-03-21 08:00:00,5.21875,3.5112156867980957,Normal,Normal
2019-03-21 09:00:00,60.667948717948725,57.82759094238281,Moderate,Moderate
2019-03-21 10:00:00,0.0,0.48457616567611694,Normal,Normal
2019-03-21 11:00:00,180.0,180.28976440429688,Severe,Severe
2019-03-21 12:00:00,105.66666666666667,102.04353332519531,Severe,Severe
2019-03-21 13:00:00,108.0163043478261,98.50581359863281,Severe,Severe
2019-03-21 14:00:00,136.7108024691358,132.67947387695312,Severe,Severe
2019-03-21 15:00:00,139.70277777777778,128.79522705078125,Severe,Severe
2019-03-21 16:00:00,187.61,144.61972045898438,Severe,Severe
2019-03-21 17:00:00,204.24944444444446,190.63905334472656,Severe,Severe
2019-03-21 18:00:00,153.32654320987655,146.12269592285156,Severe,Severe
2019-03-21 19:00:00,126.25732323232323,128.2957763671875,Severe,Severe
2019-03-21 20:00:00,189.66138888888887,162.38888549804688,Severe,Severe
2019-03-21 21:00:00,192.6508064516129,189.2509765625,Severe,Severe
2019-03-21 22:00:00,190.1277777777778,186.0392608642578,Severe,Severe
2019-03-22 00:00:00,314.5621212121212,294.2632751464844,Severe,Severe
2019-03-22 01:00:00,288.0,180.27088928222656,Severe,Severe
2019-03-22 02:00:00,123.73888888888888,155.7542266845703,Severe,Severe
2019-03-22 04:00:00,99.36515151515151,72.58606719970703,Severe,Moderate
2019-03-22 05:00:00,74.95166666666667,50.793060302734375,Moderate,Moderate
2019-03-22 06:00:00,43.163333333333334,35.6290283203125,Moderate,Moderate
2019-03-22 07:00:00,45.22280701754386,37.966270446777344,Moderate,Moderate
2019-03-22 08:00:00,6.203921568627451,6.162077903747559,Normal,Normal
2019-03-22 09:00:00,91.55,81.51525115966797,Severe,Moderate
2019-03-22 10:00:00,66.96521739130435,64.08235168457031,Moderate,Moderate
2019-03-22 11:00:00,81.86363636363636,81.83418273925781,Moderate,Moderate
2019-03-22 12:00:00,172.9375,166.82102966308594,Severe,Severe
2019-03-22 13:00:00,105.18303571428571,94.50016021728516,Severe,Severe
2019-03-22 14:00:00,133.7,131.78004455566406,Severe,Severe
2019-03-22 15:00:00,164.04924242424244,143.7706756591797,Severe,Severe
2019-03-22 16:00:00,194.33809523809526,157.54225158691406,Severe,Severe
2019-03-22 17:00:00,166.5735294117647,160.5854949951172,Severe,Severe
2019-03-22 18:00:00,200.15260416666666,168.58737182617188,Severe,Severe
2019-03-22 19:00:00,102.47205882352941,94.62548065185547,Severe,Severe
2019-03-22 20:00:00,178.0468137254902,174.30101013183594,Severe,Severe
2019-03-22 21:00:00,204.8037356321839,204.34573364257812,Severe,Severe
2019-03-22 22:00:00,171.6940476190476,169.25387573242188,Severe,Severe
2019-03-22 23:00:00,275.6489130434783,257.94378662109375,Severe,Severe
2019-03-23 00:00:00,267.91764705882355,231.06674194335938,Severe,Severe
2019-03-23 01:00:00,205.71428571428572,171.57760620117188,Severe,Severe
2019-03-23 02:00:00,97.50444444444445,83.5428237915039,Severe,Moderate
2019-03-23 03:00:00,84.25,62.40842056274414,Moderate,Moderate
2019-03-23 04:00:00,88.285,68.89665222167969,Moderate,Moderate
2019-03-23 05:00:00,167.56410256410254,98.70826721191406,Severe,Severe
2019-03-23 06:00:00,42.598958333333336,31.752750396728516,Moderate,Moderate
2019-03-23 07:00:00,76.73240740740741,61.44314956665039,Moderate,Moderate
2019-03-23 08:00:00,23.70980392156863,7.055678367614746,Moderate,Normal
2019-03-23 09:00:00,93.7481884057971,55.29816818237305,Severe,Moderate
2019-03-23 10:00:00,92.84340277777778,83.53497314453125,Severe,Moderate
2019-03-23 11:00:00,144.0,144.30899047851562,Severe,Severe
2019-03-23 17:00:00,184.50913978494626,158.8295135498047,Severe,Severe
2019-03-23 18:00:00,184.10454545454544,166.85284423828125,Severe,Severe
2019-03-23 19:00:00,129.47096774193548,111.40254211425781,Severe,Severe
2019-03-23 20:00:00,142.59761904761905,131.27952575683594,Severe,Severe
2019-03-23 21:00:00,198.13534482758618,189.9272918701172,Severe,Severe
2019-03-23 22:00:00,195.83413978494625,193.12940979003906,Severe,Severe
2019-03-23 23:00:00,264.6573333333333,250.1620330810547,Severe,Severe
2019-03-24 00:00:00,226.83529411764704,184.14999389648438,Severe,Severe
2019-03-24 01:00:00,182.61041666666665,151.76251220703125,Severe,Severe
2019-03-24 02:00:00,96.22222222222221,93.7492446899414,Severe,Severe
2019-03-24 03:00:00,157.60666666666665,61.60772705078125,Severe,Moderate
2019-03-24 04:00:00,61.41602564102564,51.54999542236328,Moderate,Moderate
2019-03-24 05:00:00,94.95757575757575,49.32754898071289,Severe,Moderate
2019-03-24 06:00:00,53.23717948717949,36.10250473022461,Moderate,Moderate
2019-03-24 07:00:00,48.635555555555555,19.65735626220703,Moderate,Normal
2019-03-24 08:00:00,11.157777777777778,6.380711078643799,Normal,Normal
2019-03-24 09:00:00,100.56225490196078,81.80845642089844,Severe,Moderate
2019-03-24 10:00:00,39.08333333333334,35.27090835571289,Moderate,Moderate
2019-03-24 11:00:00,110.99687499999999,109.02462768554688,Severe,Severe
2019-03-24 12:00:00,151.4913043478261,140.93544006347656,Severe,Severe
2019-03-24 13:00:00,75.069,65.46727752685547,Moderate,Moderate
2019-03-24 14:00:00,136.22241379310344,125.54541778564453,Severe,Severe
2019-03-24 15:00:00,156.08333333333334,151.87655639648438,Severe,Severe
2019-03-24 16:00:00,155.99454022988508,137.06654357910156,Severe,Severe
2019-03-24 17:00:00,130.77252252252254,121.0172348022461,Severe,Severe
2019-03-24 18:00:00,170.01444444444445,131.18800354003906,Severe,Severe
2019-03-24 19:00:00,115.23333333333333,115.79586791992188,Severe,Severe
2019-03-24 20:00:00,177.29730392156864,165.23501586914062,Severe,Severe
2019-03-24 21:00:00,199.775,199.1380157470703,Severe,Severe
2019-03-24 22:00:00,177.71736111111113,172.06443786621094,Severe,Severe
2019-03-24 23:00:00,285.1138888888889,278.9900207519531,Severe,Severe
2019-03-25 00:00:00,253.88518518518518,199.3194580078125,Severe,Severe
2019-03-25 01:00:00,288.0,208.41940307617188,Severe,Severe
2019-03-25 02:00:00,112.74807692307692,58.79804229736328,Severe,Moderate
2019-03-25 03:00:00,60.580555555555556,14.77932357788086,Moderate,Normal
2019-03-25 04:00:00,96.23148148148148,91.26951599121094,Severe,Severe
2019-03-25 05:00:00,80.31770833333334,56.921966552734375,Moderate,Moderate
2019-03-25 06:00:00,37.10757575757575,31.957374572753906,Moderate,Moderate
2019-03-25 07:00:00,45.973958333333336,42.9366455078125,Moderate,Moderate
2019-03-25 08:00:00,31.332222222222224,7.268310546875,Moderate,Normal
2019-03-25 09:00:00,88.190625,82.27275085449219,Moderate,Moderate
2019-03-25 10:00:00,62.366666666666674,59.554046630859375,Moderate,Moderate
2019-03-25 11:00:00,90.97569444444446,88.71321868896484,Severe,Moderate
2019-03-25 12:00:00,149.91491228070177,137.1573028564453,Severe,Severe
2019-03-25 13:00:00,140.98095238095237,129.502685546875,Severe,Severe
2019-03-25 14:00:00,118.93209876543209,114.44822692871094,Severe,Severe
2019-03-25 15:00:00,141.5051282051282,121.90115356445312,Severe,Severe
2019-03-25 16:00:00,165.6733870967742,147.6770477294922,Severe,Severe
2019-03-25 17:00:00,115.47608695652175,99.195068359375,Severe,Severe
2019-03-25 18:00:00,178.0074074074074,164.2930450439453,Severe,Severe
2019-03-25 19:00:00,156.3712365591398,138.7156982421875,Severe,Severe
2019-03-25 20:00:00,147.83117283950617,135.27447509765625,Severe,Severe
2019-03-25 21:00:00,199.97833333333332,170.6905517578125,Severe,Severe
2019-03-25 22:00:00,190.12643678160921,183.26885986328125,Severe,Severe
2019-03-25 23:00:00,269.5467948717949,261.111083984375,Severe,Severe
2019-03-26 00:00:00,292.7769230769231,261.00555419921875,Severe,Severe
2019-03-26 01:00:00,200.0,184.82032775878906,Severe,Severe
2019-03-26 02:00:00,151.1455128205128,120.16934204101562,Severe,Severe
2019-03-26 03:00:00,2.770833333333333,5.540294170379639,Normal,Normal
2019-03-26 04:00:00,60.75185185185185,55.24302291870117,Moderate,Moderate
2019-03-26 05:00:00,78.14166666666667,38.74797058105469,Moderate,Moderate
2019-03-26 06:00:00,40.33205128205129,47.8524169921875,Moderate,Moderate
2019-03-26 07:00:00,68.30227272727274,58.833438873291016,Moderate,Moderate
2019-03-26 08:00:00,34.26764705882353,34.45005798339844,Moderate,Moderate
2019-03-26 09:00:00,75.71212121212122,72.67695617675781,Moderate,Moderate
2019-03-26 10:00:00,109.38478260869567,81.8968734741211,Severe,Moderate
2019-03-26 15:00:00,309.26944444444445,44.429046630859375,Severe,Moderate
2019-03-26 16:00:00,0.0,19.129867553710938,Normal,Normal
2019-03-26 17:00:00,191.52067901234568,179.63389587402344,Severe,Severe
2019-03-26 18:00:00,201.60578703703706,172.40696716308594,Severe,Severe
2019-03-26 19:00:00,139.28589743589743,128.69781494140625,Severe,Severe
2019-03-26 20:00:00,122.58210784313727,100.11002349853516,Severe,Severe
2019-03-26 21:00:00,218.6484375,200.226318359375,Severe,Severe
2019-03-26 22:00:00,223.80714285714285,220.64234924316406,Severe,Severe
2019-03-26 23:00:00,231.24197530864197,214.58839416503906,Severe,Severe
2019-03-27 00:00:00,252.4108333333333,115.1738510131836,Severe,Severe
2019-03-27 01:00:00,162.16944444444445,159.9920196533203,Severe,Severe
2019-03-27 02:00:00,112.55892857142858,92.30845642089844,Severe,Severe
2019-03-27 03:00:00,60.40416666666667,33.3286018371582,Moderate,Moderate
2019-03-27 04:00:00,105.25769230769232,72.26126861572266,Severe,Moderate
2019-03-27 05:00:00,43.035185185185185,44.144142150878906,Moderate,Moderate
2019-03-27 06:00:00,26.95277777777778,20.613544464111328,Moderate,Moderate
2019-03-27 07:00:00,69.76927083333334,42.59178161621094,Moderate,Moderate
2019-03-27 08:00:00,54.30873015873017,31.73761558532715,Moderate,Moderate
2019-03-27 09:00:00,62.696250000000006,62.53901290893555,Moderate,Moderate
2019-03-27 10:00:00,52.82539682539683,27.756961822509766,Moderate,Moderate
2019-03-27 11:00:00,115.06522988505746,93.65505981445312,Severe,Severe
2019-03-27 12:00:00,175.80733333333336,169.25856018066406,Severe,Severe
2019-03-27 13:00:00,111.39262820512819,94.2606201171875,Severe,Severe
2019-03-27 14:00:00,130.49027777777778,126.4140396118164,Severe,Severe
2019-03-27 15:00:00,116.49583333333332,113.28939819335938,Severe,Severe
2019-03-27 16:00:00,171.28020833333335,159.35353088378906,Severe,Severe
2019-03-27 17:00:00,151.68406862745098,147.74778747558594,Severe,Severe
2019-03-27 18:00:00,136.75617283950618,132.94851684570312,Severe,Severe
2019-03-27 19:00:00,127.37083333333334,116.34390258789062,Severe,Severe
2019-03-27 20:00:00,139.73919753086423,139.9112091064453,Severe,Severe
2019-03-27 21:00:00,207.80083333333332,205.5826873779297,Severe,Severe
2019-03-27 22:00:00,196.83045977011494,198.2812957763672,Severe,Severe
2019-03-27 23:00:00,295.29466666666667,292.0835876464844,Severe,Severe
2019-03-28 00:00:00,220.67864583333335,194.89862060546875,Severe,Severe
2019-03-28 01:00:00,225.0,128.23638916015625,Severe,Severe
2019-03-28 02:00:00,121.99537037037038,87.86344146728516,Severe,Moderate
2019-03-28 04:00:00,100.51666666666667,61.640926361083984,Severe,Moderate
2019-03-28 05:00:00,146.5142857142857,106.60201263427734,Severe,Severe
2019-03-28 06:00:00,47.1,41.61652374267578,Moderate,Moderate
2019-03-28 07:00:00,25.954761904761906,27.078170776367188,Moderate,Moderate
2019-03-28 08:00:00,58.7235294117647,51.388221740722656,Moderate,Moderate
2019-03-28 09:00:00,88.65980392156862,73.9968490600586,Moderate,Moderate
2019-03-28 10:00:00,83.67118055555557,67.79492950439453,Moderate,Moderate
2019-03-28 17:00:00,180.0951388888889,163.71888732910156,Severe,Severe
2019-03-28 18:00:00,192.97701149425285,175.7761993408203,Severe,Severe
2019-03-28 19:00:00,109.54068627450981,81.13739776611328,Severe,Moderate
2019-03-28 20:00:00,151.73560606060605,144.2274169921875,Severe,Severe
2019-03-28 21:00:00,183.17416666666668,167.0649871826172,Severe,Severe
2019-03-28 22:00:00,192.93277777777777,191.98301696777344,Severe,Severe
2019-03-28 23:00:00,266.5373333333333,234.76995849609375,Severe,Severe
2019-03-29 00:00:00,252.1507575757576,197.02976989746094,Severe,Severe
2019-03-29 01:00:00,243.23611111111111,160.2486572265625,Severe,Severe
2019-03-29 02:00:00,156.02678571428572,102.45641326904297,Severe,Severe
2019-03-29 03:00:00,11.025,36.401824951171875,Normal,Moderate
2019-03-29 04:00:00,113.91410256410255,83.78848266601562,Severe,Moderate
2019-03-29 05:00:00,85.73333333333333,43.50993347167969,Moderate,Moderate
2019-03-29 06:00:00,24.422777777777778,3.7618250846862793,Moderate,Normal
2019-03-29 07:00:00,68.85777777777778,61.259498596191406,Moderate,Moderate
2019-03-29 08:00:00,16.756140350877192,8.662250518798828,Normal,Normal
2019-03-29 09:00:00,98.84242424242424,96.86752319335938,Severe,Severe
2019-03-29 10:00:00,59.07936507936508,49.25920867919922,Moderate,Moderate
2019-03-29 11:00:00,94.19537037037037,91.79666137695312,Severe,Severe
2019-03-29 12:00:00,161.71875,156.6248016357422,Severe,Severe
2019-03-29 13:00:00,103.33,94.17172241210938,Severe,Severe
2019-03-29 14:00:00,139.35246913580247,130.4393768310547,Severe,Severe
2019-03-29 15:00:00,107.96933333333334,103.21581268310547,Severe,Severe
2019-03-29 16:00:00,138.9531609195402,121.12171936035156,Severe,Severe
2019-03-29 17:00:00,139.025,137.47592163085938,Severe,Severe
2019-03-29 18:00:00,182.15892857142856,180.37351989746094,Severe,Severe
2019-03-29 19:00:00,150.00698198198197,146.12362670898438,Severe,Severe
2019-03-29 20:00:00,157.5856060606061,156.4038543701172,Severe,Severe
2019-03-29 21:00:00,199.55654761904762,188.2779998779297,Severe,Severe
2019-03-29 22:00:00,226.77654320987654,212.51327514648438,Severe,Severe
2019-03-29 23:00:00,254.81944444444443,251.3839874267578,Severe,Severe
2019-03-30 00:00:00,273.7029411764706,220.03074645996094,Severe,Severe
2019-03-30 01:00:00,109.96166666666667,94.20405578613281,Severe,Severe
2019-03-30 02:00:00,160.44907407407405,126.91087341308594,Severe,Severe
2019-03-30 03:00:00,82.38333333333334,59.882720947265625,Moderate,Moderate
2019-03-30 04:00:00,119.73076923076923,87.47469329833984,Severe,Moderate
2019-03-30 05:00:00,67.54523809523809,50.79117202758789,Moderate,Moderate
2019-03-30 06:00:00,45.297619047619044,29.7900447845459,Moderate,Moderate
2019-03-30 07:00:00,64.60092592592592,55.40424346923828,Moderate,Moderate
2019-03-30 08:00:00,20.52777777777778,6.486939430236816,Moderate,Normal
2019-03-30 09:00:00,79.87608695652175,61.00483322143555,Moderate,Moderate
2019-03-30 10:00:00,81.14938271604939,62.591976165771484,Moderate,Moderate
2019-03-30 11:00:00,104.03333333333333,89.65277862548828,Severe,Moderate
2019-03-30 16:00:00,136.28333333333333,132.22926330566406,Severe,Severe
2019-03-30 17:00:00,131.89166666666665,127.42700958251953,Severe,Severe
2019-03-30 18:00:00,188.2516129032258,165.00961303710938,Severe,Severe
2019-03-30 19:00:00,104.43468468468468,94.02369689941406,Severe,Severe
2019-03-30 20:00:00,130.40625000000003,127.60514068603516,Severe,Severe
2019-03-30 21:00:00,225.93032407407406,222.37252807617188,Severe,Severe
2019-03-30 22:00:00,207.60059523809528,195.1751251220703,Severe,Severe
2019-03-30 23:00:00,229.5548611111111,219.6701202392578,Severe,Severe
2019-04-01 00:00:00,300.4222222222222,238.40719604492188,Severe,Severe
2019-04-01 01:00:00,135.1625,141.4664306640625,Severe,Severe
2019-04-01 02:00:00,160.10925925925926,115.1910400390625,Severe,Severe
2019-04-01 03:00:00,145.99,24.370595932006836,Severe,Moderate
2019-04-01 04:00:00,72.64333333333335,13.664270401000977,Moderate,Normal
2019-04-01 05:00:00,83.22166666666666,58.39293670654297,Moderate,Moderate
2019-04-01 06:00:00,25.288194444444446,21.36810874938965,Moderate,Moderate
2019-04-01 07:00:00,95.32731481481483,56.46824264526367,Severe,Moderate
2019-04-01 08:00:00,25.544607843137253,10.58999252319336,Moderate,Normal
2019-04-01 09:00:00,86.1277777777778,68.095947265625,Moderate,Moderate
2019-04-01 10:00:00,120.84019607843138,65.34283447265625,Severe,Moderate
2019-04-01 11:00:00,65.15694444444445,60.0799674987793,Moderate,Moderate
2019-04-01 12:00:00,132.31319444444443,119.2348861694336,Severe,Severe
2019-04-01 13:00:00,117.6217261904762,66.71129608154297,Severe,Moderate
2019-04-01 14:00:00,197.221875,144.273193359375,Severe,Severe
2019-04-01 15:00:00,163.82407407407408,127.01905822753906,Severe,Severe
2019-04-01 16:00:00,154.28821839080462,128.97508239746094,Severe,Severe
2019-04-01 17:00:00,176.10714285714286,147.37010192871094,Severe,Severe
2019-04-01 18:00:00,185.75599999999997,159.7790069580078,Severe,Severe
2019-04-01 19:00:00,86.57688172043012,89.49497985839844,Moderate,Moderate
2019-04-01 20:00:00,128.21470588235294,105.10252380371094,Severe,Severe
2019-04-01 21:00:00,222.4557971014493,205.95529174804688,Severe,Severe
2019-04-01 22:00:00,184.26309523809525,177.43699645996094,Severe,Severe
2019-04-01 23:00:00,275.54891304347825,235.4760284423828,Severe,Severe
2019-04-02 00:00:00,251.79814814814816,196.89340209960938,Severe,Severe
2019-04-02 01:00:00,180.0,148.1486358642578,Severe,Severe
2019-04-02 02:00:00,82.29924242424242,89.31153869628906,Moderate,Moderate
2019-04-02 03:00:00,0.6,1.4757137298583984,Normal,Normal
2019-04-02 04:00:00,108.66,73.19042205810547,Severe,Moderate
2019-04-02 05:00:00,98.26666666666668,34.38573455810547,Severe,Moderate
2019-04-02 06:00:00,0.4962962962962963,1.6548786163330078,Normal,Normal
2019-04-02 07:00:00,105.43,75.97337341308594,Severe,Moderate
2019-04-02 08:00:00,32.92962962962963,7.476905822753906,Moderate,Normal
2019-04-02 09:00:00,100.48333333333333,84.9350814819336,Severe,Moderate
2019-04-02 10:00:00,79.51578947368422,84.80290222167969,Moderate,Moderate
2019-04-02 11:00:00,81.00576923076923,69.77338409423828,Moderate,Moderate
2019-04-02 12:00:00,173.2391304347826,153.21307373046875,Severe,Severe
2019-04-02 13:00:00,143.6221153846154,130.2897186279297,Severe,Severe
2019-04-02 14:00:00,156.9240740740741,147.75961303710938,Severe,Severe
2019-04-02 15:00:00,216.89710144927537,215.7197723388672,Severe,Severe
2019-04-02 16:00:00,144.60185185185185,140.3429412841797,Severe,Severe
2019-04-02 17:00:00,158.0327160493827,145.08670043945312,Severe,Severe
2019-04-02 18:00:00,246.8463768115942,244.21327209472656,Severe,Severe
2019-04-02 19:00:00,83.69684684684685,71.1877670288086,Moderate,Moderate
2019-04-02 20:00:00,164.4488888888889,149.95565795898438,Severe,Severe
2019-04-02 21:00:00,183.48655913978493,165.3197021484375,Severe,Severe
2019-04-02 22:00:00,177.03033333333332,181.17019653320312,Severe,Severe
2019-04-02 23:00:00,267.5561728395062,255.7366180419922,Severe,Severe
2019-04-03 00:00:00,231.77708333333334,179.7440185546875,Severe,Severe
2019-04-03 01:00:00,131.725,91.79679107666016,Severe,Severe
2019-04-03 02:00:00,121.90370370370368,94.84512329101562,Severe,Severe
2019-04-03 03:00:00,123.37222222222222,94.00225830078125,Severe,Severe
2019-04-03 04:00:00,39.65,40.778907775878906,Moderate,Moderate
2019-04-03 05:00:00,51.38703703703704,35.90437698364258,Moderate,Moderate
2019-04-03 06:00:00,45.89285714285715,38.223907470703125,Moderate,Moderate
2019-04-03 07:00:00,79.53717948717949,60.42514419555664,Moderate,Moderate
2019-04-03 08:00:00,15.250793650793655,8.11781120300293,Normal,Normal
2019-04-03 09:00:00,99.78416666666666,77.9765625,Severe,Moderate
2019-04-03 10:00:00,54.19791666666667,35.864410400390625,Moderate,Moderate
2019-04-03 11:00:00,90.83988095238094,90.3943099975586,Severe,Severe
2019-04-03 12:00:00,156.28030303030303,154.5056610107422,Severe,Severe
2019-04-03 13:00:00,133.9566091954023,131.0833282470703,Severe,Severe
2019-04-03 14:00:00,167.7902777777778,153.5888214111328,Severe,Severe
2019-04-03 15:00:00,61.25833333333334,71.76333618164062,Moderate,Moderate
2019-04-04 02:00:00,272.24583333333334,198.76002502441406,Severe,Severe
2019-04-04 03:00:00,180.0,126.70315551757812,Severe,Severe
2019-04-04 04:00:00,145.02333333333334,73.96351623535156,Severe,Moderate
2019-04-04 05:00:00,121.45833333333333,73.0159683227539,Severe,Moderate
2019-04-04 06:00:00,41.160555555555554,24.574193954467773,Moderate,Moderate
2019-04-04 07:00:00,97.60052083333333,87.6724853515625,Severe,Moderate
2019-04-04 08:00:00,14.35686274509804,12.552362442016602,Normal,Normal
2019-04-04 09:00:00,93.01041666666666,74.00208282470703,Severe,Moderate
2019-04-04 10:00:00,61.92543859649123,61.71330642700195,Moderate,Moderate
2019-04-04 11:00:00,60.83472222222222,52.66099166870117,Moderate,Moderate
2019-04-04 12:00:00,144.48194444444445,137.02490234375,Severe,Severe
2019-04-04 13:00:00,130.33951612903226,125.42769622802734,Severe,Severe
2019-04-04 14:00:00,193.07916666666668,188.3790740966797,Severe,Severe
2019-04-04 15:00:00,177.5102564102564,148.32809448242188,Severe,Severe
2019-04-04 16:00:00,114.68657407407409,110.17554473876953,Severe,Severe
2019-04-04 17:00:00,141.81091954022992,152.14700317382812,Severe,Severe
2019-04-04 18:00:00,154.53623188405797,152.8533477783203,Severe,Severe
2019-04-04 19:00:00,135.12424242424242,114.86177825927734,Severe,Severe
2019-04-04 20:00:00,107.52101449275361,106.19140625,Severe,Severe
2019-04-04 21:00:00,204.44375,200.5178985595703,Severe,Severe
2019-04-04 22:00:00,213.77623456790127,209.91917419433594,Severe,Severe
2019-04-04 23:00:00,253.49166666666665,228.4857635498047,Severe,Severe
2019-04-05 00:00:00,183.20256410256408,148.9727783203125,Severe,Severe
2019-04-05 01:00:00,216.0,122.3786392211914,Severe,Severe
2019-04-05 02:00:00,92.34652777777778,55.02206802368164,Severe,Moderate
2019-04-05 03:00:00,0.0,3.4945013523101807,Normal,Normal
2019-04-05 04:00:00,82.22888888888889,68.22651672363281,Moderate,Moderate
2019-04-05 05:00:00,78.99333333333333,17.82271385192871,Moderate,Normal
2019-04-05 06:00:00,48.82435897435898,39.828224182128906,Moderate,Moderate
2019-04-05 07:00:00,49.89365079365081,44.25798034667969,Moderate,Moderate
2019-04-05 08:00:00,16.00392156862745,14.721246719360352,Normal,Normal
2019-04-05 09:00:00,104.10729166666667,91.98163604736328,Severe,Severe
2019-04-05 10:00:00,48.8775,41.53026580810547,Moderate,Moderate
2019-04-05 11:00:00,90.375,91.28275299072266,Severe,Severe
2019-04-05 12:00:00,154.72886904761907,149.89016723632812,Severe,Severe
2019-04-05 13:00:00,135.7413888888889,109.34168243408203,Severe,Severe
2019-04-05 14:00:00,192.19202898550722,195.69927978515625,Severe,Severe
2019-04-05 15:00:00,165.68541666666667,148.587646484375,Severe,Severe
2019-04-05 16:00:00,110.91194444444446,111.99874114990234,Severe,Severe
2019-04-05 17:00:00,128.21666666666667,129.02210998535156,Severe,Severe
2019-04-05 18:00:00,167.5596153846154,160.4252166748047,Severe,Severe
2019-04-05 19:00:00,142.28984375,123.17854309082031,Severe,Severe
2019-04-05 20:00:00,139.32069892473118,130.05413818359375,Severe,Severe
2019-04-05 21:00:00,231.44869791666667,224.56179809570312,Severe,Severe
2019-04-05 22:00:00,175.63685897435897,174.76588439941406,Severe,Severe
2019-04-05 23:00:00,226.14053030303032,215.379150390625,Severe,Severe
2019-04-06 00:00:00,273.64739583333335,208.6724090576172,Severe,Severe
2019-04-06 01:00:00,110.99615384615385,71.33137512207031,Severe,Moderate
2019-04-06 02:00:00,206.93571428571428,189.40414428710938,Severe,Severe
2019-04-06 03:00:00,161.37142857142857,125.7643814086914,Severe,Severe
2019-04-06 04:00:00,5.386666666666667,2.588425636291504,Normal,Normal
2019-04-06 05:00:00,86.09074074074074,46.24620819091797,Moderate,Moderate
2019-04-06 06:00:00,68.75320512820514,45.84995651245117,Moderate,Moderate
2019-04-06 07:00:00,53.017647058823535,53.78285598754883,Moderate,Moderate
2019-04-06 08:00:00,14.562037037037037,8.41713809967041,Normal,Normal
2019-04-06 09:00:00,129.9782051282051,117.51783752441406,Severe,Severe
2019-04-06 10:00:00,62.95119047619048,36.63427734375,Moderate,Moderate
2019-04-06 11:00:00,85.77954545454546,82.59000396728516,Moderate,Moderate
2019-04-06 12:00:00,161.435,153.49148559570312,Severe,Severe
2019-04-06 13:00:00,138.583064516129,132.5707244873047,Severe,Severe
2019-04-06 14:00:00,167.6767857142857,163.0056610107422,Severe,Severe
2019-04-06 15:00:00,158.32878787878786,150.81040954589844,Severe,Severe
2019-04-06 16:00:00,128.46944444444446,115.34182739257812,Severe,Severe
2019-04-06 17:00:00,148.48888888888888,133.87794494628906,Severe,Severe
2019-04-06 18:00:00,199.93898809523807,181.70010375976562,Severe,Severe
2019-04-06 19:00:00,96.02638888888889,95.76236724853516,Severe,Severe
2019-04-06 20:00:00,95.69429824561405,89.51006317138672,Severe,Moderate
2019-04-06 21:00:00,216.42942708333334,210.49252319335938,Severe,Severe
2019-04-06 22:00:00,218.1126436781609,204.62437438964844,Severe,Severe
2019-04-06 23:00:00,230.99475308641976,223.2911376953125,Severe,Severe
2019-04-07 00:00:00,229.1089743589744,202.46099853515625,Severe,Severe
2019-04-07 01:00:00,108.0,122.6004638671875,Severe,Severe
2019-04-07 02:00:00,108.44019607843137,86.31387329101562,Severe,Moderate
2019-04-07 03:00:00,91.07083333333333,8.146040916442871,Severe,Normal
2019-04-07 04:00:00,168.78030303030303,95.4406509399414,Severe,Severe
2019-04-07 05:00:00,14.712962962962962,13.979206085205078,Normal,Normal
2019-04-07 06:00:00,48.89464285714286,47.251670837402344,Moderate,Moderate
2019-04-07 07:00:00,47.29019607843138,23.01784324645996,Moderate,Moderate
2019-04-07 08:00:00,39.95,35.09694290161133,Moderate,Moderate
2019-04-07 09:00:00,92.91984126984127,73.38412475585938,Severe,Moderate
2019-04-07 10:00:00,56.78125,57.000755310058594,Moderate,Moderate
2019-04-07 11:00:00,101.02619047619048,85.80439758300781,Severe,Moderate
2019-04-07 12:00:00,171.48733333333334,147.9984130859375,Severe,Severe
2019-04-07 13:00:00,118.6815476190476,97.69197082519531,Severe,Severe
2019-04-07 14:00:00,190.00555555555553,175.73342895507812,Severe,Severe
2019-04-07 15:00:00,200.28229166666668,179.21792602539062,Severe,Severe
2019-04-07 16:00:00,170.00641025641028,154.78489685058594,Severe,Severe
2019-04-07 17:00:00,141.3986559139785,150.9849853515625,Severe,Severe
2019-04-07 18:00:00,195.57385057471268,179.80506896972656,Severe,Severe
2019-04-07 19:00:00,68.03448275862068,58.826904296875,Moderate,Moderate
2019-04-07 20:00:00,108.08850574712643,111.73434448242188,Severe,Severe
2019-04-07 21:00:00,219.27356321839082,207.62855529785156,Severe,Severe
2019-04-07 22:00:00,209.01410256410253,204.02964782714844,Severe,Severe
2019-04-07 23:00:00,187.30434782608697,171.6321258544922,Severe,Severe
2019-04-08 00:00:00,247.22192982456144,223.3666229248047,Severe,Severe
2019-04-08 01:00:00,69.345,34.30100631713867,Moderate,Moderate
2019-04-08 02:00:00,193.08416666666668,165.93040466308594,Severe,Severe
2019-04-08 03:00:00,0.9583333333333335,2.197974443435669,Normal,Normal
2019-04-08 04:00:00,36.961666666666666,21.72495460510254,Moderate,Moderate
2019-04-08 05:00:00,99.08888888888889,70.39237976074219,Severe,Moderate
2019-04-08 06:00:00,78.38181818181819,61.43580627441406,Moderate,Moderate
2019-04-08 07:00:00,85.15333333333335,52.15165328979492,Moderate,Moderate
2019-04-08 08:00:00,33.444736842105264,25.961830139160156,Moderate,Moderate
2019-04-08 09:00:00,116.03666666666668,102.99536895751953,Severe,Severe
2019-04-08 10:00:00,52.04385964912281,44.238136291503906,Moderate,Moderate
2019-04-08 11:00:00,125.2921568627451,118.0074234008789,Severe,Severe
2019-04-08 12:00:00,146.69533333333334,139.40313720703125,Severe,Severe
2019-04-08 13:00:00,122.1128787878788,122.40898132324219,Severe,Severe
2019-04-08 14:00:00,193.23809523809527,175.34414672851562,Severe,Severe
2019-04-08 15:00:00,152.26060606060605,143.26161193847656,Severe,Severe
2019-04-08 16:00:00,132.10308641975308,124.646728515625,Severe,Severe
2019-04-08 17:00:00,205.65361111111113,193.7744140625,Severe,Severe
2019-04-08 18:00:00,144.49746376811592,134.10464477539062,Severe,Severe
2019-04-08 19:00:00,105.33037634408602,94.18675231933594,Severe,Severe
2019-04-08 20:00:00,162.62366666666668,157.8297576904297,Severe,Severe
2019-04-08 21:00:00,167.15099999999998,164.80828857421875,Severe,Severe
2019-04-08 22:00:00,216.69228395061728,204.82371520996094,Severe,Severe
2019-04-08 23:00:00,214.4163690476191,199.7465057373047,Severe,Severe
2019-04-09 00:00:00,270.22916666666663,252.78094482421875,Severe,Severe
2019-04-09 01:00:00,144.0,139.13662719726562,Severe,Severe
2019-04-09 02:00:00,150.30555555555557,117.8792724609375,Severe,Severe
2019-04-09 03:00:00,186.075,0.8875431418418884,Severe,Normal
2019-04-09 04:00:00,34.265,3.814420700073242,Moderate,Normal
2019-04-09 05:00:00,92.20833333333334,81.05819702148438,Severe,Moderate
2019-04-09 06:00:00,72.17857142857143,58.393184661865234,Moderate,Moderate
2019-04-09 07:00:00,73.55980392156863,45.40148162841797,Moderate,Moderate
2019-04-09 08:00:00,3.207291666666667,2.2701449394226074,Normal,Normal
2019-04-09 09:00:00,109.90392156862744,103.14798736572266,Severe,Severe
2019-04-09 10:00:00,84.33020833333333,82.55987548828125,Moderate,Moderate
2019-04-09 11:00:00,77.0376811594203,62.887908935546875,Moderate,Moderate
2019-04-09 12:00:00,142.3137931034483,131.09080505371094,Severe,Severe
2019-04-09 13:00:00,113.55472222222222,107.60987854003906,Severe,Severe
2019-04-09 14:00:00,194.45386904761904,185.87071228027344,Severe,Severe
2019-04-09 15:00:00,143.03333333333336,144.16232299804688,Severe,Severe
2019-04-09 16:00:00,106.19298245614036,107.36002349853516,Severe,Severe
2019-04-09 17:00:00,186.19739583333333,178.1011505126953,Severe,Severe
2019-04-09 18:00:00,214.74198717948715,202.61489868164062,Severe,Severe
2019-04-09 19:00:00,79.67685185185184,81.44153594970703,Moderate,Moderate
2019-04-09 20:00:00,101.38461538461539,90.17240142822266,Severe,Severe
2019-04-09 21:00:00,238.64112903225808,236.85513305664062,Severe,Severe
2019-04-09 22:00:00,186.31041666666667,183.72268676757812,Severe,Severe
2019-04-09 23:00:00,188.15543478260872,174.61941528320312,Severe,Severe
2019-04-10 00:00:00,265.3515151515152,261.2430419921875,Severe,Severe
2019-04-10 01:00:00,143.59166666666667,90.82874298095703,Severe,Severe
2019-04-10 02:00:00,139.36011904761907,120.78565979003906,Severe,Severe
2019-04-10 03:00:00,240.0,155.9984893798828,Severe,Severe
2019-04-10 04:00:00,58.13416666666667,71.17755126953125,Moderate,Moderate
2019-04-10 05:00:00,9.902380952380952,8.942469596862793,Normal,Normal
2019-04-10 06:00:00,73.503125,42.65094757080078,Moderate,Moderate
2019-04-10 07:00:00,61.99888888888889,61.03397750854492,Moderate,Moderate
2019-04-10 08:00:00,24.029629629629632,9.823821067810059,Moderate,Normal
2019-04-10 09:00:00,129.84230769230768,112.72746276855469,Severe,Severe
2019-04-10 10:00:00,69.44166666666668,49.433021545410156,Moderate,Moderate
2019-04-10 11:00:00,88.475,80.51539611816406,Moderate,Moderate
2019-04-10 12:00:00,193.56018518518516,167.63284301757812,Severe,Severe
2019-04-10 13:00:00,100.9435185185185,97.95708465576172,Severe,Severe
2019-04-10 14:00:00,200.13275862068963,192.69216918945312,Severe,Severe
2019-04-10 15:00:00,224.2590277777778,213.60931396484375,Severe,Severe
2019-04-10 16:00:00,109.19962121212122,104.82466125488281,Severe,Severe
2019-04-10 17:00:00,173.3673611111111,166.36265563964844,Severe,Severe
2019-04-10 18:00:00,154.80333333333334,143.2169952392578,Severe,Severe
2019-04-10 19:00:00,111.16839080459769,106.20709991455078,Severe,Severe
2019-04-10 20:00:00,123.69766666666666,127.00858306884766,Severe,Severe
2019-04-10 21:00:00,213.31851851851854,211.56324768066406,Severe,Severe
2019-04-10 22:00:00,217.72385057471266,207.4232940673828,Severe,Severe
2019-04-10 23:00:00,239.91300000000004,239.05795288085938,Severe,Severe
2019-04-11 00:00:00,217.40952380952382,179.90573120117188,Severe,Severe
2019-04-11 01:00:00,135.945,104.2227554321289,Severe,Severe
2019-04-11 02:00:00,140.13229166666667,94.72486877441406,Severe,Severe
2019-04-11 03:00:00,120.0,94.07870483398438,Severe,Severe
2019-04-11 04:00:00,48.84444444444445,60.74299621582031,Moderate,Moderate
2019-04-11 05:00:00,180.0,145.84388732910156,Severe,Severe
2019-04-11 06:00:00,114.10238095238095,76.234375,Severe,Moderate
2019-04-11 07:00:00,84.71130952380952,57.97452926635742,Moderate,Moderate
2019-04-11 08:00:00,26.50877192982456,16.923076629638672,Moderate,Normal
2019-04-11 09:00:00,85.1,76.3070068359375,Moderate,Moderate
2019-04-11 10:00:00,59.78214285714286,56.25875473022461,Moderate,Moderate
2019-04-11 11:00:00,81.03271604938271,65.28005981445312,Moderate,Moderate
2019-04-11 12:00:00,142.3513888888889,134.73146057128906,Severe,Severe
2019-04-11 13:00:00,156.80401234567904,137.5915985107422,Severe,Severe
2019-04-11 14:00:00,171.26488095238096,164.16732788085938,Severe,Severe
2019-04-11 15:00:00,153.7263888888889,135.1154022216797,Severe,Severe
2019-04-11 16:00:00,109.88977272727274,105.34463500976562,Severe,Severe
2019-04-11 17:00:00,203.1986111111111,199.37286376953125,Severe,Severe
2019-04-11 18:00:00,170.12291666666667,165.7829132080078,Severe,Severe
2019-04-11 19:00:00,108.99301075268816,106.28379821777344,Severe,Severe
2019-04-11 20:00:00,131.68653846153845,125.75686645507812,Severe,Severe
2019-04-11 21:00:00,187.94077380952382,184.16062927246094,Severe,Severe
2019-04-11 22:00:00,213.66631944444444,210.96714782714844,Severe,Severe
2019-04-11 23:00:00,213.66590909090908,212.59471130371094,Severe,Severe
2019-04-12 00:00:00,260.54791666666665,253.6538543701172,Severe,Severe
2019-04-12 01:00:00,150.71666666666667,73.56293487548828,Severe,Moderate
2019-04-12 02:00:00,200.0,144.65863037109375,Severe,Severe
2019-04-12 03:00:00,93.83333333333333,2.529111385345459,Severe,Normal
2019-04-12 04:00:00,114.7,67.4399642944336,Severe,Moderate
2019-04-12 05:00:00,95.80833333333334,85.1921615600586,Severe,Moderate
2019-04-12 06:00:00,55.54930555555557,53.91990280151367,Moderate,Moderate
2019-04-12 07:00:00,51.42857142857143,51.419219970703125,Moderate,Moderate
2019-04-12 08:00:00,10.75,2.6407318115234375,Normal,Normal
2019-04-12 09:00:00,89.27936507936508,84.05396270751953,Moderate,Moderate
2019-04-12 10:00:00,33.108333333333334,13.24582576751709,Moderate,Normal
2019-04-12 11:00:00,58.52719298245614,57.6363639831543,Moderate,Moderate
2019-04-12 12:00:00,156.71580459770118,149.33203125,Severe,Severe
2019-04-12 13:00:00,164.70956790123455,162.1505889892578,Severe,Severe
2019-04-12 14:00:00,210.72799999999998,196.32064819335938,Severe,Severe
2019-04-12 15:00:00,163.96512345679014,132.22471618652344,Severe,Severe
2019-04-12 16:00:00,131.31171875,124.72559356689453,Severe,Severe
2019-04-12 17:00:00,173.7449074074074,166.49708557128906,Severe,Severe
2019-04-12 18:00:00,196.6526666666667,190.08404541015625,Severe,Severe
2019-04-12 19:00:00,130.55624999999998,125.760498046875,Severe,Severe
2019-04-12 20:00:00,128.4801282051282,124.60941314697266,Severe,Severe
2019-04-12 21:00:00,227.19077380952382,221.94688415527344,Severe,Severe
2019-04-12 22:00:00,215.81944444444449,213.4857635498047,Severe,Severe
2019-04-12 23:00:00,216.25879629629628,212.68328857421875,Severe,Severe
2019-04-13 00:00:00,269.1513888888889,256.9752197265625,Severe,Severe
2019-04-13 01:00:00,120.40185185185186,127.76651763916016,Severe,Severe
2019-04-13 02:00:00,104.63205128205128,87.03092956542969,Severe,Moderate
2019-04-13 03:00:00,170.09285714285716,71.57394409179688,Severe,Moderate
2019-04-13 04:00:00,26.12037037037037,24.554603576660156,Moderate,Moderate
2019-04-13 05:00:00,104.91666666666666,79.97335052490234,Severe,Moderate
2019-04-13 06:00:00,45.358333333333334,43.60886764526367,Moderate,Moderate
2019-04-13 07:00:00,64.440625,46.41700744628906,Moderate,Moderate
2019-04-13 08:00:00,4.930000000000001,2.451416015625,Normal,Normal
2019-04-13 09:00:00,103.0074074074074,96.61764526367188,Severe,Severe
2019-04-13 10:00:00,53.565909090909095,48.55948257446289,Moderate,Moderate
2019-04-13 11:00:00,90.7825,78.65910339355469,Severe,Moderate
2019-04-13 12:00:00,137.06742424242427,132.89825439453125,Severe,Severe
2019-04-13 13:00:00,138.39464285714286,136.40757751464844,Severe,Severe
2019-04-13 14:00:00,211.7029761904762,195.6339111328125,Severe,Severe
2019-04-13 15:00:00,170.14416666666665,151.99496459960938,Severe,Severe
2019-04-13 16:00:00,116.34094202898551,104.63357543945312,Severe,Severe
2019-04-13 17:00:00,144.22243589743587,140.61106872558594,Severe,Severe
2019-04-13 18:00:00,157.70384615384617,149.26475524902344,Severe,Severe
2019-04-13 19:00:00,79.78184523809524,79.94383239746094,Moderate,Moderate
2019-04-13 20:00:00,109.02307692307691,106.17347717285156,Severe,Severe
2019-04-13 21:00:00,223.8644230769231,206.31027221679688,Severe,Severe
2019-04-13 22:00:00,188.55267857142857,184.8968505859375,Severe,Severe
2019-04-13 23:00:00,211.2513157894737,200.4848175048828,Severe,Severe
2019-04-14 00:00:00,251.54999999999998,206.87841796875,Severe,Severe
2019-04-14 01:00:00,145.54000000000002,107.19752502441406,Severe,Severe
2019-04-14 02:00:00,207.64166666666668,160.28854370117188,Severe,Severe
2019-04-14 03:00:00,38.53333333333333,73.00421142578125,Moderate,Moderate
2019-04-14 04:00:00,89.1051282051282,91.40402221679688,Moderate,Severe
2019-04-14 05:00:00,6.461111111111111,3.666889190673828,Normal,Normal
2019-04-14 06:00:00,4.4325757575757585,2.64553165435791,Normal,Normal
2019-04-14 07:00:00,42.083333333333336,39.56690216064453,Moderate,Moderate
2019-04-14 08:00:00,8.266666666666667,2.6736409664154053,Normal,Normal
2019-04-14 09:00:00,97.91388888888889,67.86328887939453,Severe,Moderate
2019-04-14 10:00:00,90.16666666666667,58.345428466796875,Severe,Moderate
2019-04-14 11:00:00,83.79722222222222,78.21855926513672,Moderate,Moderate
2019-04-14 12:00:00,196.85757575757577,195.4994659423828,Severe,Severe
2019-04-14 19:00:00,148.8346153846154,149.06944274902344,Severe,Severe
2019-04-14 20:00:00,126.54880952380952,115.91796875,Severe,Severe
2019-04-14 21:00:00,223.11136363636365,203.54685974121094,Severe,Severe
2019-04-14 22:00:00,242.55208333333334,241.56747436523438,Severe,Severe
2019-04-14 23:00:00,223.78373015873018,214.63516235351562,Severe,Severe
2019-04-15 00:00:00,219.69861111111115,172.5068817138672,Severe,Severe
2019-04-15 01:00:00,66.23181818181818,56.9314079284668,Moderate,Moderate
2019-04-15 02:00:00,229.84621212121212,127.1749038696289,Severe,Severe
2019-04-15 03:00:00,180.0,102.93841552734375,Severe,Severe
2019-04-15 04:00:00,107.63809523809525,92.98011779785156,Severe,Severe
2019-04-15 05:00:00,102.11041666666667,78.03353118896484,Severe,Moderate
2019-04-15 06:00:00,49.028645833333336,37.76708984375,Moderate,Moderate
2019-04-15 07:00:00,74.30222222222223,72.39283752441406,Moderate,Moderate
2019-04-15 08:00:00,34.87564102564102,3.6555638313293457,Moderate,Normal
2019-04-15 09:00:00,63.97261904761904,46.69841766357422,Moderate,Moderate
2019-04-15 10:00:00,60.720000000000006,58.41923904418945,Moderate,Moderate
2019-04-15 11:00:00,103.11587301587302,99.5381088256836,Severe,Severe
2019-04-15 12:00:00,148.37733333333333,124.14163970947266,Severe,Severe
2019-04-15 13:00:00,91.74880952380951,90.43830108642578,Severe,Severe
2019-04-15 14:00:00,179.34722222222226,153.0482177734375,Severe,Severe
2019-04-15 15:00:00,161.6706896551724,146.37896728515625,Severe,Severe
2019-04-15 16:00:00,162.52420634920634,139.69277954101562,Severe,Severe
2019-04-15 17:00:00,154.01827956989248,126.01581573486328,Severe,Severe
2019-04-15 18:00:00,196.67388888888888,185.8554229736328,Severe,Severe
2019-04-15 19:00:00,90.56063218390804,77.13153839111328,Severe,Moderate
2019-04-15 20:00:00,131.76086956521738,113.6118392944336,Severe,Severe
2019-04-15 21:00:00,204.04453125,197.88233947753906,Severe,Severe
2019-04-15 22:00:00,169.21458333333334,150.7741241455078,Severe,Severe
2019-04-15 23:00:00,241.93448275862073,209.97793579101562,Severe,Severe
2019-04-16 00:00:00,253.46777777777777,232.74745178222656,Severe,Severe
2019-04-16 01:00:00,135.0,129.5355224609375,Severe,Severe
2019-04-16 02:00:00,109.12708333333333,88.63987731933594,Severe,Moderate
2019-04-16 03:00:00,11.677777777777777,6.939334869384766,Normal,Normal
2019-04-16 04:00:00,104.37142857142858,86.22706604003906,Severe,Moderate
2019-04-16 05:00:00,7.440740740740741,3.4201509952545166,Normal,Normal
2019-04-16 06:00:00,20.805128205128206,23.720624923706055,Moderate,Moderate
2019-04-16 07:00:00,60.07222222222222,60.76057052612305,Moderate,Moderate
2019-04-16 08:00:00,15.052941176470586,17.475271224975586,Normal,Normal
2019-04-16 09:00:00,46.434615384615384,39.209835052490234,Moderate,Moderate
2019-04-16 10:00:00,104.20343137254902,92.14111328125,Severe,Severe
2019-04-16 11:00:00,61.270833333333336,30.796592712402344,Moderate,Moderate
2019-04-16 13:00:00,180.0,176.9944610595703,Severe,Severe
2019-04-16 14:00:00,162.15,154.09295654296875,Severe,Severe
2019-04-16 15:00:00,233.43599999999998,206.61886596679688,Severe,Severe
2019-04-16 16:00:00,162.6825396825397,122.367431640625,Severe,Severe
2019-04-16 17:00:00,223.7575,201.8292999267578,Severe,Severe
2019-04-16 18:00:00,169.18850574712644,164.87786865234375,Severe,Severe
2019-04-16 19:00:00,100.88505747126436,88.21992492675781,Severe,Moderate
2019-04-16 20:00:00,162.49347826086955,154.8340301513672,Severe,Severe
2019-04-16 21:00:00,189.72470238095238,182.2838592529297,Severe,Severe
2019-04-16 22:00:00,211.75130208333334,188.41160583496094,Severe,Severe
2019-04-16 23:00:00,234.16269841269843,221.1435546875,Severe,Severe
2019-04-17 00:00:00,222.40555555555557,180.3347625732422,Severe,Severe
2019-04-17 01:00:00,126.00972222222224,101.00250244140625,Severe,Severe
2019-04-17 02:00:00,132.21555555555557,93.2799301147461,Severe,Severe
2019-04-17 03:00:00,4.091666666666667,2.287740468978882,Normal,Normal
2019-04-17 04:00:00,73.125,13.516524314880371,Moderate,Normal
2019-04-17 05:00:00,46.84444444444445,28.86817169189453,Moderate,Moderate
2019-04-17 06:00:00,3.7057692307692305,2.690253973007202,Normal,Normal
2019-04-17 07:00:00,51.55357142857143,51.138999938964844,Moderate,Moderate
2019-04-17 08:00:00,4.751111111111111,3.5374915599823,Normal,Normal
2019-04-17 09:00:00,89.22407407407407,73.88661193847656,Moderate,Moderate
2019-04-17 10:00:00,99.54962121212121,79.98151397705078,Severe,Moderate
2019-04-17 11:00:00,106.93472222222222,94.18294525146484,Severe,Severe
2019-04-17 12:00:00,146.09839743589743,138.00827026367188,Severe,Severe
2019-04-17 13:00:00,129.9776515151515,100.35153198242188,Severe,Severe
2019-04-17 14:00:00,183.66321839080462,181.68028259277344,Severe,Severe
2019-04-17 15:00:00,159.4361111111111,153.25144958496094,Severe,Severe
2019-04-17 16:00:00,155.69094202898552,124.95779418945312,Severe,Severe
2019-04-17 17:00:00,166.9798611111111,159.70887756347656,Severe,Severe
2019-04-17 18:00:00,204.19712643678162,177.2429962158203,Severe,Severe
2019-04-17 19:00:00,103.52799999999999,98.875,Severe,Severe
2019-04-17 20:00:00,135.275,128.2317352294922,Severe,Severe
2019-04-17 21:00:00,208.52166666666665,197.3819122314453,Severe,Severe
2019-04-17 22:00:00,204.3336206896552,196.61846923828125,Severe,Severe
2019-04-17 23:00:00,214.35324074074072,192.7537384033203,Severe,Severe
2019-04-18 00:00:00,255.26666666666665,266.4906005859375,Severe,Severe
2019-04-18 01:00:00,108.98333333333332,89.951171875,Severe,Moderate
2019-04-18 02:00:00,181.2777777777778,158.76380920410156,Severe,Severe
2019-04-18 03:00:00,0.0,3.308929920196533,Normal,Normal
2019-04-18 04:00:00,89.1974358974359,57.14634323120117,Moderate,Moderate
2019-04-18 05:00:00,80.0,67.37835693359375,Moderate,Moderate
2019-04-18 06:00:00,52.24861111111111,56.655879974365234,Moderate,Moderate
2019-04-18 07:00:00,103.17142857142858,91.36190032958984,Severe,Severe
2019-04-18 08:00:00,16.37222222222222,12.281045913696289,Normal,Normal
2019-04-18 09:00:00,99.54541666666667,77.85345458984375,Severe,Moderate
2019-04-18 10:00:00,67.90972222222221,50.78757858276367,Moderate,Moderate
2019-04-18 11:00:00,82.35075757575757,65.36072540283203,Moderate,Moderate
2019-04-18 12:00:00,128.769,103.67582702636719,Severe,Severe
2019-04-18 13:00:00,128.2655172413793,119.10638427734375,Severe,Severe
2019-04-18 14:00:00,136.63533333333334,125.70964813232422,Severe,Severe
2019-04-18 15:00:00,191.97400000000002,180.34117126464844,Severe,Severe
2019-04-18 16:00:00,172.1310344827586,150.21363830566406,Severe,Severe
2019-04-18 17:00:00,153.06153846153845,129.73211669921875,Severe,Severe
2019-04-18 18:00:00,177.7698717948718,172.57577514648438,Severe,Severe
2019-04-18 19:00:00,98.56666666666668,93.51103210449219,Severe,Severe
2019-04-18 20:00:00,161.26277777777776,146.1564483642578,Severe,Severe
2019-04-18 21:00:00,226.34107142857144,210.57470703125,Severe,Severe
2019-04-18 22:00:00,201.92376543209878,195.4727325439453,Severe,Severe
2019-04-18 23:00:00,224.26423611111113,214.8248291015625,Severe,Severe
2019-04-19 00:00:00,198.97222222222223,197.6826171875,Severe,Severe
2019-04-19 01:00:00,144.8027777777778,130.19293212890625,Severe,Severe
2019-04-19 02:00:00,168.52348484848486,103.275634765625,Severe,Severe
2019-04-19 03:00:00,140.4611111111111,50.60862350463867,Severe,Moderate
2019-04-19 04:00:00,76.75378787878789,40.16026306152344,Moderate,Moderate
2019-04-19 05:00:00,148.465,79.01033020019531,Severe,Moderate
2019-04-19 06:00:00,33.92395833333334,26.783246994018555,Moderate,Moderate
2019-04-19 07:00:00,53.732142857142854,52.07796096801758,Moderate,Moderate
2019-04-19 08:00:00,15.3375,15.050436973571777,Normal,Normal
2019-04-19 09:00:00,92.80000000000001,93.85374450683594,Severe,Severe
2019-04-19 10:00:00,74.68442028985507,73.27693939208984,Moderate,Moderate
2019-04-19 11:00:00,94.10069444444444,77.96099090576172,Severe,Moderate
2019-04-19 12:00:00,173.94791666666666,166.830322265625,Severe,Severe
2019-04-19 13:00:00,121.65160256410256,118.58206939697266,Severe,Severe
2019-04-19 14:00:00,191.54226190476192,187.58387756347656,Severe,Severe
2019-04-19 15:00:00,205.02199999999996,204.0177764892578,Severe,Severe
2019-04-19 16:00:00,148.66901041666665,107.30772399902344,Severe,Severe
2019-04-19 17:00:00,160.38429487179488,130.97059631347656,Severe,Severe
2019-04-19 18:00:00,154.0396551724138,151.52354431152344,Severe,Severe
2019-04-19 19:00:00,165.31777777777776,138.76637268066406,Severe,Severe
2019-04-19 20:00:00,148.50123456790124,146.02110290527344,Severe,Severe
2019-04-19 21:00:00,136.51666666666665,128.59278869628906,Severe,Severe
2019-04-19 22:00:00,192.2975806451613,191.82223510742188,Severe,Severe
2019-04-19 23:00:00,220.4294117647059,217.31674194335938,Severe,Severe
2019-04-20 00:00:00,232.44888888888892,226.391845703125,Severe,Severe
2019-04-20 01:00:00,131.1909090909091,121.08560180664062,Severe,Severe
2019-04-20 02:00:00,219.70999999999998,158.06228637695312,Severe,Severe
2019-04-20 03:00:00,120.60833333333333,83.6007080078125,Severe,Moderate
2019-04-20 04:00:00,80.85,55.31788635253906,Moderate,Moderate
2019-04-20 05:00:00,135.0,106.6343994140625,Severe,Severe
2019-04-20 06:00:00,20.425520833333337,20.975126266479492,Moderate,Moderate
2019-04-20 07:00:00,47.56666666666666,27.116788864135742,Moderate,Moderate
2019-04-20 08:00:00,25.254901960784313,23.65351104736328,Moderate,Moderate
2019-04-20 09:00:00,76.58133333333333,74.75984191894531,Moderate,Moderate
2019-04-20 10:00:00,58.3,64.21192169189453,Moderate,Moderate
2019-04-20 11:00:00,108.21728395061727,84.51570892333984,Severe,Moderate
2019-04-20 12:00:00,147.46607142857144,138.8778839111328,Severe,Severe
2019-04-20 13:00:00,127.65246913580248,116.82999420166016,Severe,Severe
2019-04-20 14:00:00,189.90416666666667,182.31765747070312,Severe,Severe
2019-04-20 15:00:00,195.926,175.36245727539062,Severe,Severe
2019-04-20 16:00:00,118.04166666666667,89.85660552978516,Severe,Moderate
2019-04-20 17:00:00,207.1875,200.30926513671875,Severe,Severe
2019-04-20 18:00:00,179.64999999999998,179.62677001953125,Severe,Severe
2019-04-20 19:00:00,106.51220238095239,105.03302001953125,Severe,Severe
2019-04-20 20:00:00,145.97746913580247,146.6947479248047,Severe,Severe
2019-04-20 21:00:00,184.1873333333333,182.1356964111328,Severe,Severe
2019-04-20 22:00:00,247.801,245.02459716796875,Severe,Severe
2019-04-20 23:00:00,214.9153846153846,200.79981994628906,Severe,Severe
2019-04-21 00:00:00,219.72142857142856,217.3399200439453,Severe,Severe
2019-04-21 01:00:00,141.24166666666667,124.4359359741211,Severe,Severe
2019-04-21 02:00:00,68.24621212121211,71.94978332519531,Moderate,Moderate
2019-04-21 03:00:00,120.75555555555555,100.66136932373047,Severe,Severe
2019-04-21 04:00:00,90.19583333333333,73.78851318359375,Severe,Moderate
2019-04-21 05:00:00,65.39166666666667,39.78374481201172,Moderate,Moderate
2019-04-21 06:00:00,52.175000000000004,55.29083251953125,Moderate,Moderate
2019-04-21 07:00:00,7.047619047619048,1.6228712797164917,Normal,Normal
2019-04-21 08:00:00,40.24777777777778,39.16505813598633,Moderate,Moderate
2019-04-21 09:00:00,70.38583333333334,62.20636749267578,Moderate,Moderate
2019-04-21 10:00:00,101.78375,91.1807861328125,Severe,Severe
2019-04-21 11:00:00,71.74408602150537,63.69511032104492,Moderate,Moderate
2019-04-21 12:00:00,157.82564102564103,144.09213256835938,Severe,Severe
2019-04-21 13:00:00,128.11220238095237,119.9745101928711,Severe,Severe
2019-04-21 14:00:00,191.20295698924733,185.13314819335938,Severe,Severe
2019-04-21 15:00:00,174.61071428571427,167.46420288085938,Severe,Severe
2019-04-21 16:00:00,110.79228395061729,98.40638732910156,Severe,Severe
2019-04-21 17:00:00,158.61083333333332,151.29629516601562,Severe,Severe
2019-04-21 18:00:00,95.7090909090909,99.51500701904297,Severe,Severe
2019-04-21 19:00:00,136.67275641025643,135.1682891845703,Severe,Severe
2019-04-21 20:00:00,148.2309027777778,149.18450927734375,Severe,Severe
2019-04-21 21:00:00,219.19354838709677,212.7537078857422,Severe,Severe
2019-04-21 22:00:00,176.05166666666668,164.1049346923828,Severe,Severe
2019-04-21 23:00:00,203.28525641025638,193.66366577148438,Severe,Severe
2019-04-22 00:00:00,264.7551282051282,236.83218383789062,Severe,Severe
2019-04-22 01:00:00,72.6,36.69629669189453,Moderate,Moderate
2019-04-22 02:00:00,116.24761904761905,93.71714782714844,Severe,Severe
2019-04-22 03:00:00,0.0,1.9231233596801758,Normal,Normal
2019-04-22 04:00:00,67.37430555555555,60.13947677612305,Moderate,Moderate
2019-04-22 05:00:00,90.76190476190474,74.64259338378906,Severe,Moderate
2019-04-22 06:00:00,54.55138888888889,36.42998504638672,Moderate,Moderate
2019-04-22 07:00:00,63.166666666666664,59.3050651550293,Moderate,Moderate
2019-04-22 08:00:00,13.195098039215688,12.55884075164795,Normal,Normal
2019-04-22 09:00:00,99.03725490196078,92.64151763916016,Severe,Severe
2019-04-22 10:00:00,64.59166666666667,47.2620849609375,Moderate,Moderate
2019-04-22 11:00:00,120.0,97.68608856201172,Severe,Severe
2019-04-22 12:00:00,139.75833333333333,134.80105590820312,Severe,Severe
2019-04-22 13:00:00,100.48645833333335,95.95674896240234,Severe,Severe
2019-04-22 14:00:00,193.28395061728392,184.89590454101562,Severe,Severe
2019-04-22 15:00:00,176.0172619047619,161.25718688964844,Severe,Severe
2019-04-22 16:00:00,138.84734848484848,133.98086547851562,Severe,Severe
2019-04-22 17:00:00,175.55430107526882,156.23931884765625,Severe,Severe
2019-04-22 18:00:00,178.13717948717948,179.53640747070312,Severe,Severe
2019-04-22 19:00:00,113.10130208333335,97.05224609375,Severe,Severe
2019-04-22 20:00:00,147.44783950617284,146.86038208007812,Severe,Severe
2019-04-22 21:00:00,175.74277777777777,176.17813110351562,Severe,Severe
2019-04-22 22:00:00,211.7698275862069,200.99923706054688,Severe,Severe
2019-04-22 23:00:00,186.7796296296296,173.84619140625,Severe,Severe
2019-04-23 00:00:00,280.15000000000003,208.52525329589844,Severe,Severe
2019-04-23 01:00:00,240.0,194.33584594726562,Severe,Severe
2019-04-23 02:00:00,151.0724358974359,92.81168365478516,Severe,Severe
2019-04-23 03:00:00,1.9083333333333337,1.2021589279174805,Normal,Normal
2019-04-23 04:00:00,68.12142857142858,47.10691452026367,Moderate,Moderate
2019-04-23 05:00:00,86.29621212121211,58.21478271484375,Moderate,Moderate
2019-04-23 06:00:00,45.337820512820514,27.752370834350586,Moderate,Moderate
2019-04-23 07:00:00,55.42307692307692,56.240840911865234,Moderate,Moderate
2019-04-23 08:00:00,0.43333333333333335,1.7201645374298096,Normal,Normal
2019-04-23 09:00:00,88.38333333333334,73.41557312011719,Moderate,Moderate
2019-04-23 10:00:00,53.76775362318841,35.224151611328125,Moderate,Moderate
2019-04-23 11:00:00,111.8921875,103.27101135253906,Severe,Severe
2019-04-23 12:00:00,166.81733333333332,161.09750366210938,Severe,Severe
2019-04-23 13:00:00,119.04583333333336,88.89776611328125,Severe,Moderate
2019-04-23 14:00:00,144.12738095238095,139.96653747558594,Severe,Severe
2019-04-23 15:00:00,204.8840277777778,200.1774139404297,Severe,Severe
2019-04-23 16:00:00,131.31666666666666,118.95440673828125,Severe,Severe
2019-04-23 17:00:00,236.81805555555556,224.1994171142578,Severe,Severe
2019-04-23 18:00:00,174.3281609195402,168.21730041503906,Severe,Severe
2019-04-23 19:00:00,104.40286458333333,93.25637817382812,Severe,Severe
2019-04-23 20:00:00,187.37427536231885,178.33761596679688,Severe,Severe
2019-04-23 21:00:00,232.0962121212121,231.151611328125,Severe,Severe
2019-04-23 22:00:00,183.81057692307692,181.9400177001953,Severe,Severe
2019-04-23 23:00:00,210.47298850574714,208.2432098388672,Severe,Severe
2019-04-24 00:00:00,245.56785714285712,183.1400604248047,Severe,Severe
2019-04-24 01:00:00,120.62222222222222,115.72250366210938,Severe,Severe
2019-04-24 02:00:00,104.56555555555558,65.61341094970703,Severe,Moderate
2019-04-24 03:00:00,0.0,1.1205687522888184,Normal,Normal
2019-04-24 04:00:00,104.82678571428572,90.65458679199219,Severe,Severe
2019-04-24 05:00:00,36.63611111111111,34.311737060546875,Moderate,Moderate
2019-04-24 06:00:00,41.3203125,36.52783203125,Moderate,Moderate
2019-04-24 07:00:00,58.6030701754386,38.29541015625,Moderate,Moderate
2019-04-24 08:00:00,4.053921568627451,2.780578374862671,Normal,Normal
2019-04-24 09:00:00,89.72745098039216,80.7119369506836,Moderate,Moderate
2019-04-24 10:00:00,74.07314814814815,56.98859405517578,Moderate,Moderate
2019-04-24 11:00:00,111.25956790123456,101.33654022216797,Severe,Severe
2019-04-24 12:00:00,154.95468749999998,145.2397003173828,Severe,Severe
2019-04-24 13:00:00,117.13413978494624,97.58507537841797,Severe,Severe
2019-04-24 14:00:00,210.3721264367816,180.70489501953125,Severe,Severe
2019-04-24 15:00:00,235.88888888888889,233.41856384277344,Severe,Severe
2019-04-24 16:00:00,135.01586021505378,115.37223815917969,Severe,Severe
2019-04-24 17:00:00,178.68666666666664,154.9251708984375,Severe,Severe
2019-04-24 18:00:00,141.3931034482759,128.12954711914062,Severe,Severe
2019-04-24 19:00:00,98.55565476190476,88.36571502685547,Severe,Moderate
2019-04-24 20:00:00,140.222,131.7418975830078,Severe,Severe
2019-04-24 21:00:00,192.22449494949493,189.06747436523438,Severe,Severe
2019-04-24 22:00:00,212.17959770114945,207.76414489746094,Severe,Severe
2019-04-24 23:00:00,218.2625,192.52401733398438,Severe,Severe
2019-04-25 00:00:00,273.575,245.57496643066406,Severe,Severe
2019-04-25 01:00:00,48.479166666666664,43.863895416259766,Moderate,Moderate
2019-04-25 02:00:00,160.6685185185185,116.46316528320312,Severe,Severe
2019-04-25 03:00:00,78.51666666666667,56.07896041870117,Moderate,Moderate
2019-04-25 04:00:00,61.983333333333334,83.9170913696289,Moderate,Moderate
2019-04-25 05:00:00,178.9878787878788,160.92059326171875,Severe,Severe
2019-04-25 06:00:00,31.761111111111116,31.539138793945312,Moderate,Moderate
2019-04-25 07:00:00,72.02499999999999,67.95240783691406,Moderate,Moderate
2019-04-25 08:00:00,27.064912280701755,16.706321716308594,Moderate,Normal
2019-04-25 09:00:00,78.1469696969697,65.9844970703125,Moderate,Moderate
2019-04-25 10:00:00,77.11212121212121,59.72366714477539,Moderate,Moderate
2019-04-25 11:00:00,108.81923076923077,104.11415100097656,Severe,Severe
2019-04-25 12:00:00,137.51896551724138,133.98745727539062,Severe,Severe
2019-04-25 13:00:00,127.41840277777779,111.17535400390625,Severe,Severe
2019-04-25 14:00:00,201.30645161290323,192.28797912597656,Severe,Severe
2019-04-25 15:00:00,161.97430555555556,148.1435546875,Severe,Severe
2019-04-25 16:00:00,143.21354166666666,139.0335235595703,Severe,Severe
2019-04-25 17:00:00,159.0326923076923,126.57206726074219,Severe,Severe
2019-04-25 18:00:00,176.33505747126438,156.86248779296875,Severe,Severe
2019-04-25 19:00:00,126.48777777777778,123.446044921875,Severe,Severe
2019-04-25 20:00:00,146.37604166666665,137.9736328125,Severe,Severe
2019-04-25 21:00:00,218.67607526881721,206.21376037597656,Severe,Severe
2019-04-25 22:00:00,183.07083333333333,180.9601287841797,Severe,Severe
2019-04-25 23:00:00,236.893115942029,214.9542236328125,Severe,Severe
2019-04-26 00:00:00,167.996875,200.94996643066406,Severe,Severe
2019-04-26 01:00:00,108.36833333333334,77.10823822021484,Severe,Moderate
2019-04-26 02:00:00,144.93916666666667,101.48433685302734,Severe,Severe
2019-04-26 03:00:00,3.5,0.6511164307594299,Normal,Normal
2019-04-26 04:00:00,73.46527777777779,71.95320129394531,Moderate,Moderate
2019-04-26 05:00:00,114.2775,97.47956848144531,Severe,Severe
2019-04-26 06:00:00,22.253240740740736,15.609357833862305,Moderate,Normal
2019-04-26 07:00:00,65.50833333333334,54.787017822265625,Moderate,Moderate
2019-04-26 08:00:00,40.00526315789474,11.997477531433105,Moderate,Normal
2019-04-26 09:00:00,54.80714285714286,55.568458557128906,Moderate,Moderate
2019-04-26 10:00:00,101.17261904761905,86.9908447265625,Severe,Moderate
2019-04-26 11:00:00,80.64104938271605,75.43060302734375,Moderate,Moderate
2019-04-26 12:00:00,157.09623655913978,148.02813720703125,Severe,Severe
2019-04-26 13:00:00,136.8719135802469,121.37308502197266,Severe,Severe
2019-04-26 14:00:00,200.40860215053763,180.8579864501953,Severe,Severe
2019-04-26 15:00:00,205.8552777777778,193.1528778076172,Severe,Severe
2019-04-26 16:00:00,112.81527777777778,109.63645935058594,Severe,Severe
2019-04-26 17:00:00,190.886,171.9123077392578,Severe,Severe
2019-04-26 18:00:00,192.28063725490196,176.9214630126953,Severe,Severe
2019-04-26 19:00:00,107.14289215686274,85.80438232421875,Severe,Moderate
2019-04-26 20:00:00,140.77472222222224,129.65744018554688,Severe,Severe
2019-04-26 21:00:00,219.6,192.2193603515625,Severe,Severe
2019-04-26 22:00:00,198.64192708333331,185.1622314453125,Severe,Severe
2019-04-26 23:00:00,232.76048387096773,212.5612335205078,Severe,Severe
2019-04-27 00:00:00,219.6,206.30844116210938,Severe,Severe
2019-04-27 01:00:00,156.39523809523808,91.43695831298828,Severe,Severe
2019-04-27 02:00:00,168.975,135.48684692382812,Severe,Severe
2019-04-27 03:00:00,55.445238095238096,59.73420333862305,Moderate,Moderate
2019-04-27 04:00:00,48.54895833333334,62.84324645996094,Moderate,Moderate
2019-04-27 05:00:00,78.63166666666666,69.51803588867188,Moderate,Moderate
2019-04-27 06:00:00,52.02051282051282,36.65166473388672,Moderate,Moderate
2019-04-27 07:00:00,48.67111111111111,53.391910552978516,Moderate,Moderate
2019-04-27 08:00:00,30.76666666666667,16.60092544555664,Moderate,Normal
2019-04-27 09:00:00,81.13095238095238,61.192474365234375,Moderate,Moderate
2019-04-27 10:00:00,82.91858974358973,35.785648345947266,Moderate,Moderate
2019-04-27 11:00:00,112.79080459770113,85.292236328125,Severe,Moderate
2019-04-27 12:00:00,164.69702380952384,133.98841857910156,Severe,Severe
2019-04-27 13:00:00,144.9860119047619,120.9393081665039,Severe,Severe
2019-04-27 14:00:00,198.24479166666666,166.92025756835938,Severe,Severe
2019-04-27 15:00:00,197.1,156.9753875732422,Severe,Severe
2019-04-27 16:00:00,144.96034482758623,96.19775390625,Severe,Severe
2019-04-27 17:00:00,184.5210144927536,115.89151763916016,Severe,Severe
2019-04-27 18:00:00,194.42142857142855,178.581787109375,Severe,Severe
2019-04-27 19:00:00,130.73255208333333,102.33692932128906,Severe,Severe
2019-04-27 20:00:00,165.3759259259259,156.10047912597656,Severe,Severe
2019-04-27 21:00:00,242.78177083333333,202.44985961914062,Severe,Severe
2019-04-27 22:00:00,235.0203431372549,197.0916290283203,Severe,Severe
2019-04-27 23:00:00,227.90977011494255,210.50257873535156,Severe,Severe
2019-04-28 00:00:00,252.47444444444446,202.49327087402344,Severe,Severe
2019-04-28 01:00:00,154.28571428571428,77.09185028076172,Severe,Moderate
2019-04-28 02:00:00,197.1992424242424,143.63916015625,Severe,Severe
2019-04-28 03:00:00,116.35833333333333,100.88740539550781,Severe,Severe
2019-04-28 04:00:00,95.66302083333335,70.73685455322266,Severe,Moderate
2019-04-28 05:00:00,51.61190476190477,49.18622589111328,Moderate,Moderate
2019-04-28 06:00:00,24.278787878787877,19.152843475341797,Moderate,Normal
2019-04-28 07:00:00,72.11228070175439,43.87697219848633,Moderate,Moderate
2019-04-28 08:00:00,39.86770833333333,3.4820451736450195,Moderate,Normal
2019-04-28 09:00:00,80.97708333333333,64.39859008789062,Moderate,Moderate
2019-04-28 10:00:00,116.86388888888888,93.75313568115234,Severe,Severe
2019-04-28 11:00:00,92.2074074074074,72.48673248291016,Severe,Moderate
2019-04-28 12:00:00,170.4824561403509,146.5757293701172,Severe,Severe
2019-04-28 13:00:00,149.18779761904761,128.30482482910156,Severe,Severe
2019-04-28 14:00:00,171.86,164.9224853515625,Severe,Severe
2019-04-28 15:00:00,226.86781609195404,202.29693603515625,Severe,Severe
2019-04-28 16:00:00,147.2486559139785,133.9875030517578,Severe,Severe
2019-04-28 17:00:00,164.80295698924732,145.73333740234375,Severe,Severe
2019-04-28 18:00:00,166.18589743589743,161.34005737304688,Severe,Severe
2019-04-28 19:00:00,109.97309523809524,93.03182983398438,Severe,Severe
2019-04-28 20:00:00,157.76927083333334,143.3582000732422,Severe,Severe
2019-04-28 21:00:00,220.20771604938273,214.1569061279297,Severe,Severe
2019-04-28 22:00:00,180.4816176470588,174.2749481201172,Severe,Severe
2019-04-28 23:00:00,221.71909722222222,184.3988800048828,Severe,Severe
2019-04-29 00:00:00,260.1770833333333,213.09884643554688,Severe,Severe
2019-04-29 01:00:00,161.11666666666667,110.46540832519531,Severe,Severe
2019-04-29 02:00:00,141.16666666666666,146.3963165283203,Severe,Severe
2019-04-29 03:00:00,125.84166666666665,113.76432037353516,Severe,Severe
2019-04-29 04:00:00,106.28888888888889,107.9454116821289,Severe,Severe
2019-04-29 05:00:00,2.566666666666667,24.966480255126953,Normal,Moderate
2019-04-29 06:00:00,91.75444444444446,68.84041595458984,Severe,Moderate
2019-04-29 07:00:00,105.73214285714286,89.38497161865234,Severe,Moderate
2019-04-29 08:00:00,39.72592592592593,33.72837448120117,Moderate,Moderate
2019-04-29 09:00:00,50.22142857142857,43.66903305053711,Moderate,Moderate
2019-04-29 10:00:00,70.01349206349207,57.5977897644043,Moderate,Moderate
2019-04-29 11:00:00,81.97898550724638,82.2828369140625,Moderate,Moderate
2019-04-29 12:00:00,168.96800000000002,161.97621154785156,Severe,Severe
2019-04-29 13:00:00,105.54900000000002,99.36768341064453,Severe,Severe
2019-04-29 14:00:00,169.64696969696973,159.7266082763672,Severe,Severe
2019-04-29 15:00:00,187.1338095238095,171.0064239501953,Severe,Severe
2019-04-29 16:00:00,155.56458333333333,150.906494140625,Severe,Severe
2019-04-29 17:00:00,181.85267857142858,147.5018310546875,Severe,Severe
2019-04-29 18:00:00,173.19770114942528,171.64173889160156,Severe,Severe
2019-04-29 19:00:00,102.11223958333333,100.95939636230469,Severe,Severe
2019-04-29 20:00:00,163.06293103448274,160.7521514892578,Severe,Severe
2019-04-29 21:00:00,207.2380952380952,190.21694946289062,Severe,Severe
2019-04-29 22:00:00,183.40033333333332,159.18382263183594,Severe,Severe
2019-04-29 23:00:00,241.32057291666666,214.36334228515625,Severe,Severe
2019-05-01 00:00:00,265.34871794871793,242.89039611816406,Severe,Severe
2019-05-01 01:00:00,144.25166666666667,117.67411041259766,Severe,Severe
2019-05-01 02:00:00,131.08939393939394,78.56465148925781,Severe,Moderate
2019-05-01 03:00:00,0.0,0.9629428386688232,Normal,Normal
2019-05-01 04:00:00,56.38703703703704,42.37282943725586,Moderate,Moderate
2019-05-01 05:00:00,71.38229166666666,40.82537078857422,Moderate,Moderate
2019-05-01 06:00:00,38.469166666666666,32.70600891113281,Moderate,Moderate
2019-05-01 07:00:00,42.317647058823525,23.23809051513672,Moderate,Moderate
2019-05-01 08:00:00,47.42314814814815,28.20084571838379,Moderate,Moderate
2019-05-01 09:00:00,91.35438596491228,76.52587890625,Severe,Moderate
2019-05-01 10:00:00,100.37789855072465,73.79124450683594,Severe,Moderate
2019-05-01 11:00:00,119.9367816091954,77.53254699707031,Severe,Moderate
2019-05-01 12:00:00,126.3258064516129,120.22624969482422,Severe,Severe
2019-05-01 13:00:00,148.29972222222221,123.76599884033203,Severe,Severe
2019-05-01 14:00:00,162.43360215053764,164.71096801757812,Severe,Severe
2019-05-01 15:00:00,189.95677083333334,161.75868225097656,Severe,Severe
2019-05-01 16:00:00,143.75865384615383,129.33836364746094,Severe,Severe
2019-05-01 17:00:00,175.52166666666665,146.6961669921875,Severe,Severe
2019-05-01 18:00:00,178.03103448275863,168.55958557128906,Severe,Severe
2019-05-01 19:00:00,81.81220238095239,75.55103302001953,Moderate,Moderate
2019-05-01 20:00:00,147.76805555555555,145.069580078125,Severe,Severe
2019-05-01 21:00:00,237.9806451612903,219.54425048828125,Severe,Severe
2019-05-01 22:00:00,196.6211111111111,187.93666076660156,Severe,Severe
2019-05-01 23:00:00,212.3099358974359,207.08154296875,Severe,Severe
2019-05-02 00:00:00,220.26666666666665,155.94918823242188,Severe,Severe
2019-05-02 01:00:00,135.99166666666667,106.34010314941406,Severe,Severe
2019-05-02 02:00:00,186.07638888888889,120.29720306396484,Severe,Severe
2019-05-02 03:00:00,120.0,94.7397689819336,Severe,Severe
2019-05-02 04:00:00,76.15,63.3042106628418,Moderate,Moderate
2019-05-02 05:00:00,98.18181818181819,76.00127410888672,Severe,Moderate
2019-05-02 06:00:00,56.68277777777779,48.86240005493164,Moderate,Moderate
2019-05-02 07:00:00,54.974444444444444,50.89147186279297,Moderate,Moderate
2019-05-02 08:00:00,27.879166666666666,14.676590919494629,Moderate,Normal
2019-05-02 09:00:00,78.94000000000001,76.6948471069336,Moderate,Moderate
2019-05-02 10:00:00,102.25929487179488,84.31155395507812,Severe,Moderate
2019-05-02 11:00:00,92.17753623188405,85.05977630615234,Severe,Moderate
2019-05-02 12:00:00,94.99799999999999,89.12896728515625,Severe,Moderate
2019-05-02 13:00:00,126.99224137931034,125.17188262939453,Severe,Severe
2019-05-02 14:00:00,187.93489583333331,162.24343872070312,Severe,Severe
2019-05-02 15:00:00,191.54032258064515,189.76107788085938,Severe,Severe
2019-05-02 16:00:00,133.1954861111111,118.94802856445312,Severe,Severe
2019-05-02 17:00:00,130.90863095238097,118.54195404052734,Severe,Severe
2019-05-02 18:00:00,155.36854838709678,149.8035430908203,Severe,Severe
2019-05-02 19:00:00,85.25028735632183,81.74484252929688,Moderate,Moderate
2019-05-02 20:00:00,152.08944444444444,148.5409698486328,Severe,Severe
2019-05-02 21:00:00,209.41724137931035,203.30262756347656,Severe,Severe
2019-05-02 22:00:00,226.50694444444446,222.0830078125,Severe,Severe
2019-05-02 23:00:00,174.09761904761905,169.27731323242188,Severe,Severe
2019-05-03 00:00:00,259.98030303030305,246.58309936523438,Severe,Severe
2019-05-03 01:00:00,70.56818181818181,95.03186798095703,Moderate,Severe
2019-05-03 02:00:00,100.09469696969695,90.27111053466797,Severe,Severe
2019-05-03 03:00:00,0.0,1.047579050064087,Normal,Normal
2019-05-03 04:00:00,73.765625,81.193359375,Moderate,Moderate
2019-05-03 05:00:00,35.07272727272727,12.834794044494629,Moderate,Normal
2019-05-03 06:00:00,0.0,1.6068962812423706,Normal,Normal
2019-05-03 07:00:00,65.09791666666666,43.45348358154297,Moderate,Moderate
2019-05-03 08:00:00,24.694791666666667,3.853649616241455,Moderate,Normal
2019-05-03 09:00:00,76.62833333333333,68.67794036865234,Moderate,Moderate
2019-05-03 10:00:00,52.868859649122804,40.087257385253906,Moderate,Moderate
2019-05-03 11:00:00,103.98951612903227,87.77783966064453,Severe,Moderate
2019-05-03 12:00:00,166.3771505376344,152.2118682861328,Severe,Severe
2019-05-03 13:00:00,112.56512345679012,104.33209991455078,Severe,Severe
2019-05-03 14:00:00,221.5030864197531,217.1034393310547,Severe,Severe
2019-05-03 15:00:00,201.26410256410256,178.84718322753906,Severe,Severe
2019-05-03 16:00:00,101.43416666666666,95.96642303466797,Severe,Severe
2019-05-03 17:00:00,121.7599358974359,109.39396667480469,Severe,Severe
2019-05-03 18:00:00,177.71875,154.93264770507812,Severe,Severe
2019-05-03 19:00:00,125.22132352941175,118.73970794677734,Severe,Severe
2019-05-03 20:00:00,170.76153846153846,171.32737731933594,Severe,Severe
2019-05-03 21:00:00,188.18112745098037,184.44735717773438,Severe,Severe
2019-05-03 22:00:00,223.43625000000003,223.77377319335938,Severe,Severe
2019-05-03 23:00:00,196.08809523809526,165.86593627929688,Severe,Severe
2019-05-04 00:00:00,256.79305555555555,173.04124450683594,Severe,Severe
2019-05-04 01:00:00,129.2797619047619,77.68949127197266,Severe,Moderate
2019-05-04 02:00:00,131.92424242424244,116.6336898803711,Severe,Severe
2019-05-04 03:00:00,124.59499999999998,95.52542877197266,Severe,Severe
2019-05-04 04:00:00,1.9880952380952384,1.7338640689849854,Normal,Normal
2019-05-04 05:00:00,147.26388888888889,106.41635131835938,Severe,Severe
2019-05-04 06:00:00,26.59679487179487,23.62853240966797,Moderate,Moderate
2019-05-04 07:00:00,56.39107142857143,49.8812255859375,Moderate,Moderate
2019-05-04 08:00:00,21.967499999999998,15.693841934204102,Moderate,Normal
2019-05-04 09:00:00,64.45882352941177,62.87865447998047,Moderate,Moderate
2019-05-04 10:00:00,87.42192982456142,65.09022521972656,Moderate,Moderate
2019-05-04 11:00:00,87.30466666666668,82.4601821899414,Moderate,Moderate
2019-05-04 12:00:00,155.9061111111111,129.63705444335938,Severe,Severe
2019-05-04 13:00:00,115.51944444444445,102.66175842285156,Severe,Severe
2019-05-04 14:00:00,214.60625,180.19192504882812,Severe,Severe
2019-05-04 15:00:00,148.16742424242423,144.3074493408203,Severe,Severe
2019-05-04 16:00:00,141.49913793103448,136.44049072265625,Severe,Severe
2019-05-04 17:00:00,174.39885057471264,154.22837829589844,Severe,Severe
2019-05-04 18:00:00,159.09012345679014,157.8024444580078,Severe,Severe
2019-05-04 19:00:00,103.97214285714286,92.55671691894531,Severe,Severe
2019-05-04 20:00:00,105.76805555555556,109.55618286132812,Severe,Severe
2019-05-04 21:00:00,203.23536036036035,199.70162963867188,Severe,Severe
2019-05-04 22:00:00,241.60032051282053,215.61761474609375,Severe,Severe
2019-05-04 23:00:00,216.4483870967742,203.65560913085938,Severe,Severe
2019-05-05 00:00:00,224.95333333333332,170.9673309326172,Severe,Severe
2019-05-05 01:00:00,120.0,83.05636596679688,Severe,Moderate
2019-05-05 02:00:00,74.49,32.439884185791016,Moderate,Moderate
2019-05-05 03:00:00,0.8222222222222223,0.671044111251831,Normal,Normal
2019-05-05 04:00:00,57.70773809523809,59.82139205932617,Moderate,Moderate
2019-05-05 05:00:00,36.793055555555554,20.49735450744629,Moderate,Moderate
2019-05-05 06:00:00,21.942307692307693,23.74244499206543,Moderate,Moderate
2019-05-05 07:00:00,84.1923076923077,45.7877197265625,Moderate,Moderate
2019-05-05 08:00:00,8.60701754385965,3.339829683303833,Normal,Normal
2019-05-05 09:00:00,75.54916666666666,66.06946563720703,Moderate,Moderate
2019-05-05 10:00:00,109.94246031746032,69.67357635498047,Severe,Moderate
2019-05-05 11:00:00,66.86580459770116,66.2604751586914,Moderate,Moderate
2019-05-05 12:00:00,214.15833333333336,205.0049591064453,Severe,Severe
2019-05-05 13:00:00,143.76934523809524,128.69985961914062,Severe,Severe
2019-05-05 14:00:00,171.18763440860215,169.10621643066406,Severe,Severe
2019-05-05 15:00:00,168.84999999999997,161.8766632080078,Severe,Severe
2019-05-05 16:00:00,172.0985119047619,138.83523559570312,Severe,Severe
2019-05-05 17:00:00,148.19454022988504,141.87765502929688,Severe,Severe
2019-05-05 18:00:00,154.33181818181816,142.8907470703125,Severe,Severe
2019-05-05 19:00:00,139.9377314814815,129.5266876220703,Severe,Severe
2019-05-05 20:00:00,129.13055555555556,128.88998413085938,Severe,Severe
2019-05-05 21:00:00,161.48763440860216,142.0979766845703,Severe,Severe
2019-05-05 22:00:00,202.42583333333332,200.7380828857422,Severe,Severe
2019-05-05 23:00:00,241.18936781609196,226.87979125976562,Severe,Severe
2019-05-06 00:00:00,215.47708333333333,174.9400634765625,Severe,Severe
2019-05-06 01:00:00,132.77954545454546,131.68040466308594,Severe,Severe
2019-05-06 02:00:00,225.75625,178.9071807861328,Severe,Severe
2019-05-06 03:00:00,0.0,37.51970291137695,Normal,Moderate
2019-05-06 04:00:00,37.035000000000004,22.998760223388672,Moderate,Moderate
2019-05-06 05:00:00,111.62435897435897,83.16902923583984,Severe,Moderate
2019-05-06 06:00:00,40.25555555555556,29.594303131103516,Moderate,Moderate
2019-05-06 07:00:00,79.07692307692308,80.06807708740234,Moderate,Moderate
2019-05-06 08:00:00,8.462222222222222,3.6926794052124023,Normal,Normal
2019-05-06 09:00:00,87.70681818181818,81.53966522216797,Moderate,Moderate
2019-05-06 10:00:00,122.68287037037038,106.07583618164062,Severe,Severe
2019-05-06 11:00:00,92.17055555555557,57.828468322753906,Severe,Moderate
2019-05-06 12:00:00,180.97385057471266,162.3489532470703,Severe,Severe
2019-05-06 13:00:00,164.62392473118283,149.68128967285156,Severe,Severe
2019-05-06 14:00:00,134.67672413793102,115.68059539794922,Severe,Severe
2019-05-06 15:00:00,172.56868686868685,155.43463134765625,Severe,Severe
2019-05-06 16:00:00,142.5952777777778,138.80325317382812,Severe,Severe
2019-05-06 17:00:00,168.82317708333332,149.63023376464844,Severe,Severe
2019-05-06 18:00:00,176.53214285714284,168.57232666015625,Severe,Severe
2019-05-06 19:00:00,135.83310185185186,126.35393524169922,Severe,Severe
2019-05-06 20:00:00,149.9517676767677,144.71978759765625,Severe,Severe
2019-05-06 21:00:00,199.64040404040404,195.2852783203125,Severe,Severe
2019-05-06 22:00:00,209.6697619047619,200.59072875976562,Severe,Severe
2019-05-06 23:00:00,222.04746376811596,215.9908447265625,Severe,Severe
2019-05-07 00:00:00,270.3491666666667,227.37515258789062,Severe,Severe
2019-05-07 01:00:00,111.67115384615384,91.73332214355469,Severe,Severe
2019-05-07 02:00:00,151.65892857142856,120.8423080444336,Severe,Severe
2019-05-07 03:00:00,0.0,1.8980398178100586,Normal,Normal
2019-05-07 04:00:00,37.50555555555555,25.765296936035156,Moderate,Moderate
2019-05-07 05:00:00,75.07166666666667,61.5501594543457,Moderate,Moderate
2019-05-07 06:00:00,12.941666666666668,53.234798431396484,Normal,Moderate
2019-05-07 07:00:00,35.92638888888889,29.12647819519043,Moderate,Moderate
2019-05-07 08:00:00,25.064705882352943,23.33935546875,Moderate,Moderate
2019-05-07 09:00:00,72.31078431372549,61.843841552734375,Moderate,Moderate
2019-05-07 10:00:00,75.69475308641975,63.97795486450195,Moderate,Moderate
2019-05-07 11:00:00,112.82146464646465,95.15585327148438,Severe,Severe
2019-05-07 12:00:00,149.1816091954023,144.84402465820312,Severe,Severe
2019-05-07 13:00:00,145.20401234567902,134.04205322265625,Severe,Severe
2019-05-07 14:00:00,173.92586206896553,164.13356018066406,Severe,Severe
2019-05-07 15:00:00,177.16466666666668,167.689453125,Severe,Severe
2019-05-07 16:00:00,192.62000000000003,180.47299194335938,Severe,Severe
2019-05-07 17:00:00,157.27213541666669,145.37957763671875,Severe,Severe
2019-05-07 18:00:00,149.0025462962963,148.86456298828125,Severe,Severe
2019-05-07 19:00:00,143.30694444444447,144.1450653076172,Severe,Severe
2019-05-07 20:00:00,140.9994252873563,135.83169555664062,Severe,Severe
2019-05-07 21:00:00,192.4549019607843,185.43301391601562,Severe,Severe
2019-05-07 22:00:00,224.3095238095238,220.56936645507812,Severe,Severe
2019-05-07 23:00:00,180.87936507936507,177.8075408935547,Severe,Severe
2019-05-08 00:00:00,243.09,176.76705932617188,Severe,Severe
2019-05-08 01:00:00,94.87777777777778,96.85192108154297,Severe,Severe
2019-05-08 02:00:00,82.6138888888889,41.539730072021484,Moderate,Moderate
2019-05-08 03:00:00,16.708333333333336,14.19373607635498,Normal,Normal
2019-05-08 04:00:00,109.99895833333332,35.499393463134766,Severe,Moderate
2019-05-08 05:00:00,43.453472222222224,26.2908992767334,Moderate,Moderate
2019-05-08 06:00:00,62.89041666666667,34.325218200683594,Moderate,Moderate
2019-05-08 07:00:00,46.22291666666667,12.159481048583984,Moderate,Normal
2019-05-08 08:00:00,34.608333333333334,24.213573455810547,Moderate,Moderate
2019-05-08 09:00:00,96.4014705882353,85.69558715820312,Severe,Moderate
2019-05-08 10:00:00,75.1888888888889,52.8184928894043,Moderate,Moderate
2019-05-08 11:00:00,120.99166666666666,78.00639343261719,Severe,Moderate
2019-05-08 12:00:00,166.33086419753087,152.60743713378906,Severe,Severe
2019-05-08 13:00:00,169.6449494949495,154.11489868164062,Severe,Severe
2019-05-08 14:00:00,137.7074404761905,118.68010711669922,Severe,Severe
2019-05-08 15:00:00,178.30402298850575,168.47694396972656,Severe,Severe
2019-05-08 16:00:00,187.6209770114943,163.8995819091797,Severe,Severe
2019-05-08 17:00:00,134.44261904761908,127.29192352294922,Severe,Severe
2019-05-08 18:00:00,211.78626126126127,192.45921325683594,Severe,Severe
2019-05-08 19:00:00,156.71953125,142.81837463378906,Severe,Severe
2019-05-08 20:00:00,158.48880952380952,122.08763885498047,Severe,Severe
2019-05-08 21:00:00,185.49074074074073,172.09689331054688,Severe,Severe
2019-05-08 22:00:00,229.87708333333336,225.55191040039062,Severe,Severe
2019-05-08 23:00:00,217.33285714285716,198.1864013671875,Severe,Severe
2019-05-09 00:00:00,191.60392156862744,174.5894775390625,Severe,Severe
2019-05-09 01:00:00,194.64166666666668,135.61959838867188,Severe,Severe
2019-05-09 02:00:00,187.428125,135.8763427734375,Severe,Severe
2019-05-09 03:00:00,0.0,0.47880879044532776,Normal,Normal
2019-05-09 04:00:00,114.39916666666667,86.38968658447266,Severe,Moderate
2019-05-09 05:00:00,97.50576923076922,63.21877670288086,Severe,Moderate
2019-05-09 06:00:00,1.3352564102564104,2.282078266143799,Normal,Normal
2019-05-09 07:00:00,53.95416666666667,60.85784912109375,Moderate,Moderate
2019-05-09 08:00:00,41.19,30.450897216796875,Moderate,Moderate
2019-05-09 09:00:00,45.13823529411765,44.97804641723633,Moderate,Moderate
2019-05-09 10:00:00,116.92572463768116,84.79228973388672,Severe,Moderate
2019-05-09 11:00:00,98.32083333333334,86.87895965576172,Severe,Moderate
2019-05-09 12:00:00,151.82453703703706,147.27719116210938,Severe,Severe
2019-05-09 13:00:00,143.00911458333334,140.74867248535156,Severe,Severe
2019-05-09 14:00:00,156.33697916666665,152.47967529296875,Severe,Severe
2019-05-09 15:00:00,182.37133333333333,179.97923278808594,Severe,Severe
2019-05-09 16:00:00,152.00373563218392,139.21315002441406,Severe,Severe
2019-05-09 17:00:00,225.08809523809526,205.3371124267578,Severe,Severe
2019-05-09 18:00:00,174.3987373737374,176.2975311279297,Severe,Severe
2019-05-09 19:00:00,131.2331349206349,117.20297241210938,Severe,Severe
2019-05-09 20:00:00,159.63566666666668,157.57916259765625,Severe,Severe
2019-05-09 21:00:00,192.4907738095238,176.517822265625,Severe,Severe
2019-05-09 22:00:00,215.69791666666666,203.74229431152344,Severe,Severe
2019-05-09 23:00:00,253.83870967741936,240.95474243164062,Severe,Severe
2019-05-10 00:00:00,229.79035087719296,147.1458282470703,Severe,Severe
2019-05-10 01:00:00,120.0,91.76364135742188,Severe,Severe
2019-05-10 02:00:00,146.86742424242425,106.40719604492188,Severe,Severe
2019-05-10 03:00:00,37.075,16.114273071289062,Moderate,Normal
2019-05-10 04:00:00,35.80138888888889,18.73823356628418,Moderate,Normal
2019-05-10 05:00:00,37.27777777777778,30.948476791381836,Moderate,Moderate
2019-05-10 06:00:00,40.78636363636363,22.936723709106445,Moderate,Moderate
2019-05-10 07:00:00,63.11157407407407,55.75107955932617,Moderate,Moderate
2019-05-10 08:00:00,26.803703703703704,4.807440280914307,Moderate,Normal
2019-05-10 09:00:00,74.4621212121212,44.44883728027344,Moderate,Moderate
2019-05-10 10:00:00,88.7897435897436,73.12506103515625,Moderate,Moderate
2019-05-10 11:00:00,95.77471264367816,72.38385772705078,Severe,Moderate
2019-05-10 12:00:00,144.9706790123457,136.3340606689453,Severe,Severe
2019-05-10 13:00:00,141.83356481481485,137.49124145507812,Severe,Severe
2019-05-10 14:00:00,184.70833333333334,179.7384490966797,Severe,Severe
2019-05-10 15:00:00,214.74974747474747,186.5591583251953,Severe,Severe
2019-05-10 16:00:00,170.98482142857145,157.02206420898438,Severe,Severe
2019-05-10 17:00:00,192.24791666666667,174.11422729492188,Severe,Severe
2019-05-10 18:00:00,128.9661764705882,123.22923278808594,Severe,Severe
2019-05-10 19:00:00,138.26260683760685,139.73880004882812,Severe,Severe
2019-05-10 20:00:00,181.46622807017542,168.7174072265625,Severe,Severe
2019-05-10 21:00:00,196.29270833333334,189.49636840820312,Severe,Severe
2019-05-10 22:00:00,231.62500000000003,219.85960388183594,Severe,Severe
2019-05-10 23:00:00,207.05994623655914,202.4611053466797,Severe,Severe
2019-05-11 00:00:00,180.61041666666665,182.62623596191406,Severe,Severe
2019-05-11 01:00:00,133.27424242424243,93.00059509277344,Severe,Severe
2019-05-11 02:00:00,108.69615384615385,96.02719116210938,Severe,Severe
2019-05-11 03:00:00,123.15833333333335,106.80532836914062,Severe,Severe
2019-05-11 04:00:00,52.92037037037037,32.44883728027344,Moderate,Moderate
2019-05-11 05:00:00,65.52083333333333,51.55245590209961,Moderate,Moderate
2019-05-11 06:00:00,24.539743589743594,20.73118782043457,Moderate,Moderate
2019-05-11 07:00:00,83.09871794871795,55.45597457885742,Moderate,Moderate
2019-05-11 08:00:00,23.727777777777778,16.123613357543945,Moderate,Normal
2019-05-11 09:00:00,111.71960784313725,98.4032974243164,Severe,Severe
2019-05-11 10:00:00,91.883024691358,83.66252899169922,Severe,Moderate
2019-05-11 11:00:00,103.28611111111111,81.40357208251953,Severe,Moderate
2019-05-11 12:00:00,164.30545977011496,138.86024475097656,Severe,Severe
2019-05-11 13:00:00,124.10811403508772,112.93968200683594,Severe,Severe
2019-05-11 14:00:00,154.8625,155.1947021484375,Severe,Severe
2019-05-11 15:00:00,189.1489247311828,184.13568115234375,Severe,Severe
2019-05-11 16:00:00,142.25028735632185,127.04415893554688,Severe,Severe
2019-05-11 17:00:00,184.87333333333336,181.38621520996094,Severe,Severe
2019-05-11 18:00:00,167.09895833333334,165.72335815429688,Severe,Severe
2019-05-11 19:00:00,102.32792792792793,101.0315933227539,Severe,Severe
2019-05-11 20:00:00,147.50476190476192,145.3842010498047,Severe,Severe
2019-05-11 21:00:00,206.62828282828283,205.13177490234375,Severe,Severe
2019-05-11 22:00:00,200.14428571428573,200.54344177246094,Severe,Severe
2019-05-11 23:00:00,211.38111111111115,214.552490234375,Severe,Severe
2019-05-12 00:00:00,265.62051282051283,205.72996520996094,Severe,Severe
2019-05-12 01:00:00,150.0,97.84693145751953,Severe,Severe
2019-05-12 02:00:00,144.79833333333335,100.06101989746094,Severe,Severe
2019-05-12 03:00:00,0.0,0.029437480494379997,Normal,Normal
2019-05-12 04:00:00,108.2076388888889,88.05367279052734,Severe,Moderate
2019-05-12 05:00:00,29.88076923076923,28.380800247192383,Moderate,Moderate
2019-05-12 06:00:00,30.644444444444446,31.151458740234375,Moderate,Moderate
2019-05-12 07:00:00,27.692307692307693,27.457195281982422,Moderate,Moderate
2019-05-12 08:00:00,22.88703703703704,18.588884353637695,Moderate,Normal
2019-05-12 09:00:00,102.01527777777778,91.259765625,Severe,Severe
2019-05-12 10:00:00,106.11428571428571,87.96446990966797,Severe,Moderate
2019-05-12 11:00:00,96.72932098765432,75.14585876464844,Severe,Moderate
2019-05-12 12:00:00,169.06296296296296,162.18373107910156,Severe,Severe
2019-05-12 13:00:00,123.57067901234569,115.54059600830078,Severe,Severe
2019-05-12 14:00:00,156.56180555555557,152.83721923828125,Severe,Severe
2019-05-12 15:00:00,197.22628205128206,179.15093994140625,Severe,Severe
2019-05-12 16:00:00,147.73413978494622,128.01925659179688,Severe,Severe
2019-05-12 17:00:00,191.8924019607843,184.9353790283203,Severe,Severe
2019-05-12 18:00:00,158.9424731182796,157.90585327148438,Severe,Severe
2019-05-12 19:00:00,122.6003875968992,120.0274429321289,Severe,Severe
2019-05-12 20:00:00,155.31166666666664,151.38232421875,Severe,Severe
2019-05-12 21:00:00,206.54375,207.5887908935547,Severe,Severe
2019-05-12 22:00:00,203.36035353535357,193.39511108398438,Severe,Severe
2019-05-12 23:00:00,214.31235632183908,210.62632751464844,Severe,Severe
2019-05-13 00:00:00,194.72499999999997,194.2949981689453,Severe,Severe
2019-05-13 01:00:00,145.75333333333333,89.91716003417969,Severe,Moderate
2019-05-13 02:00:00,61.590625,42.28628158569336,Moderate,Moderate
2019-05-13 03:00:00,123.06111111111112,58.06424331665039,Severe,Moderate
2019-05-13 04:00:00,101.66250000000001,90.23773193359375,Severe,Severe
2019-05-13 05:00:00,55.07843137254902,39.93940353393555,Moderate,Moderate
2019-05-13 06:00:00,22.19222222222222,41.91196823120117,Moderate,Moderate
2019-05-13 07:00:00,75.28777777777778,54.78898239135742,Moderate,Moderate
2019-05-13 08:00:00,59.26770833333333,46.43553161621094,Moderate,Moderate
2019-05-13 09:00:00,110.32301587301588,94.58941650390625,Severe,Severe
2019-05-13 10:00:00,85.44734848484849,61.2236442565918,Moderate,Moderate
2019-05-13 11:00:00,122.69012345679012,107.10986328125,Severe,Severe
2019-05-13 12:00:00,127.18020833333333,129.87388610839844,Severe,Severe
2019-05-13 13:00:00,141.38055555555556,141.66842651367188,Severe,Severe
2019-05-13 14:00:00,158.05888888888887,152.22694396972656,Severe,Severe
2019-05-13 15:00:00,164.40833333333333,168.8480224609375,Severe,Severe
2019-05-13 16:00:00,141.12470238095239,124.67436218261719,Severe,Severe
2019-05-13 17:00:00,175.71962365591395,167.27940368652344,Severe,Severe
2019-05-13 18:00:00,172.86186868686866,163.47914123535156,Severe,Severe
2019-05-13 19:00:00,118.81036036036036,119.2532730102539,Severe,Severe
2019-05-13 20:00:00,148.9257575757576,140.31280517578125,Severe,Severe
2019-05-13 21:00:00,221.48277777777778,205.03109741210938,Severe,Severe
2019-05-13 22:00:00,199.1362745098039,193.50985717773438,Severe,Severe
2019-05-13 23:00:00,230.02746913580245,217.99557495117188,Severe,Severe
2019-05-14 00:00:00,171.89754901960782,150.95068359375,Severe,Severe
2019-05-14 01:00:00,163.63636363636363,143.91468811035156,Severe,Severe
2019-05-14 02:00:00,157.4741666666667,117.88948822021484,Severe,Severe
2019-05-14 03:00:00,1.0000000000000002,1.6426620483398438,Normal,Normal
2019-05-14 04:00:00,66.26666666666667,48.191776275634766,Moderate,Moderate
2019-05-14 05:00:00,69.58181818181818,51.943359375,Moderate,Moderate
2019-05-14 06:00:00,20.489062500000003,18.096500396728516,Moderate,Normal
2019-05-14 07:00:00,51.42857142857143,48.57500076293945,Moderate,Moderate
2019-05-14 08:00:00,27.3125,21.530954360961914,Moderate,Moderate
2019-05-14 09:00:00,114.16166666666668,116.5217056274414,Severe,Severe
2019-05-14 10:00:00,99.68680555555557,81.03765106201172,Severe,Moderate
2019-05-14 11:00:00,110.85725806451612,94.74947357177734,Severe,Severe
2019-05-14 12:00:00,147.32272727272726,136.53761291503906,Severe,Severe
2019-05-14 13:00:00,152.32416666666668,149.8986053466797,Severe,Severe
2019-05-14 14:00:00,144.6241935483871,140.6669464111328,Severe,Severe
2019-05-14 15:00:00,152.02222222222224,146.90316772460938,Severe,Severe
2019-05-14 16:00:00,184.2962962962963,155.6503143310547,Severe,Severe
2019-05-14 17:00:00,205.5746913580247,197.15676879882812,Severe,Severe
2019-05-14 18:00:00,162.89144736842104,160.74139404296875,Severe,Severe
2019-05-14 19:00:00,119.14485294117647,107.80438995361328,Severe,Severe
2019-05-14 20:00:00,167.48416666666665,163.46530151367188,Severe,Severe
2019-05-14 21:00:00,219.99736842105267,218.49606323242188,Severe,Severe
2019-05-14 22:00:00,207.0148148148148,209.63583374023438,Severe,Severe
2019-05-14 23:00:00,223.29561403508768,210.2815399169922,Severe,Severe
2019-05-15 00:00:00,194.05476190476188,166.5815887451172,Severe,Severe
2019-05-15 01:00:00,121.54027777777777,68.24820709228516,Severe,Moderate
2019-05-15 02:00:00,198.5401515151515,153.88787841796875,Severe,Severe
2019-05-15 03:00:00,0.0,0.6519778966903687,Normal,Normal
2019-05-15 04:00:00,87.76410256410257,62.619876861572266,Moderate,Moderate
2019-05-15 05:00:00,38.97575757575758,36.68083190917969,Moderate,Moderate
2019-05-15 06:00:00,22.118333333333336,20.739681243896484,Moderate,Moderate
2019-05-15 07:00:00,54.199999999999996,48.62648391723633,Moderate,Moderate
2019-05-15 08:00:00,23.740833333333335,19.940292358398438,Moderate,Normal
2019-05-15 09:00:00,121.6263157894737,105.5638198852539,Severe,Severe
2019-05-15 10:00:00,78.08108974358974,65.6645736694336,Moderate,Moderate
2019-05-15 11:00:00,88.94137931034481,80.64867401123047,Moderate,Moderate
2019-05-15 12:00:00,172.44354838709677,168.47621154785156,Severe,Severe
2019-05-15 13:00:00,129.50698198198197,113.0674057006836,Severe,Severe
2019-05-15 14:00:00,172.50902777777776,163.3538360595703,Severe,Severe
2019-05-15 15:00:00,180.28395061728392,167.51425170898438,Severe,Severe
2019-05-15 16:00:00,164.77083333333334,141.50694274902344,Severe,Severe
2019-05-15 17:00:00,196.94285714285715,188.8468475341797,Severe,Severe
2019-05-15 18:00:00,167.59837962962968,166.45814514160156,Severe,Severe
2019-05-15 19:00:00,123.20787037037037,122.28214263916016,Severe,Severe
2019-05-15 20:00:00,139.89309523809524,142.1335906982422,Severe,Severe
2019-05-15 21:00:00,220.95937500000002,214.61306762695312,Severe,Severe
2019-05-15 22:00:00,215.78131313131314,201.05487060546875,Severe,Severe
2019-05-15 23:00:00,205.14289215686276,202.0331573486328,Severe,Severe
2019-05-16 00:00:00,168.90694444444446,149.719970703125,Severe,Severe
2019-05-16 01:00:00,180.0,127.73921203613281,Severe,Severe
2019-05-16 02:00:00,135.0,126.18681335449219,Severe,Severe
2019-05-16 03:00:00,360.0,49.39699935913086,Severe,Moderate
2019-05-16 04:00:00,108.82666666666667,70.13811492919922,Severe,Moderate
2019-05-16 05:00:00,168.651282051282,144.15750122070312,Severe,Severe
2019-05-16 06:00:00,24.498958333333338,20.509349822998047,Moderate,Moderate
2019-05-16 07:00:00,46.057843137254906,41.68891143798828,Moderate,Moderate
2019-05-16 08:00:00,27.540625000000002,18.761608123779297,Moderate,Normal
2019-05-16 09:00:00,114.38596491228068,88.0946273803711,Severe,Moderate
2019-05-16 10:00:00,111.37766666666667,93.27664184570312,Severe,Severe
2019-05-16 11:00:00,83.25376344086023,79.61925506591797,Moderate,Moderate
2019-05-16 12:00:00,151.84956140350877,124.89598083496094,Severe,Severe
2019-05-16 13:00:00,140.93946078431372,134.7468719482422,Severe,Severe
2019-05-16 14:00:00,144.1147619047619,140.52029418945312,Severe,Severe
2019-05-16 15:00:00,183.57166666666666,171.0917205810547,Severe,Severe
2019-05-16 16:00:00,155.42983870967743,134.92483520507812,Severe,Severe
2019-05-16 17:00:00,176.58440860215055,172.62730407714844,Severe,Severe
2019-05-16 18:00:00,179.14534313725494,178.41653442382812,Severe,Severe
2019-05-16 19:00:00,126.5762254901961,124.02880859375,Severe,Severe
2019-05-16 20:00:00,124.04462365591398,122.23555755615234,Severe,Severe
2019-05-16 21:00:00,191.03098958333334,181.32052612304688,Severe,Severe
2019-05-16 22:00:00,226.99783950617282,210.00173950195312,Severe,Severe
2019-05-16 23:00:00,216.36551724137928,207.93063354492188,Severe,Severe
2019-05-17 00:00:00,247.62272727272727,199.04176330566406,Severe,Severe
2019-05-17 01:00:00,128.89333333333332,114.8204345703125,Severe,Severe
2019-05-17 02:00:00,230.17651515151513,145.34027099609375,Severe,Severe
2019-05-17 03:00:00,0.0,0.3114352822303772,Normal,Normal
2019-05-17 04:00:00,64.15347222222222,46.76716613769531,Moderate,Moderate
2019-05-17 05:00:00,69.34242424242424,54.23982238769531,Moderate,Moderate
2019-05-17 06:00:00,6.376515151515151,2.2917325496673584,Normal,Normal
2019-05-17 07:00:00,64.75588235294117,59.107818603515625,Moderate,Moderate
2019-05-17 08:00:00,21.215833333333336,20.170991897583008,Moderate,Moderate
2019-05-17 09:00:00,107.35166666666666,93.51465606689453,Severe,Severe
2019-05-17 10:00:00,110.52333333333334,102.85212707519531,Severe,Severe
2019-05-17 11:00:00,100.87549019607843,77.51258087158203,Severe,Moderate
2019-05-17 12:00:00,160.28636363636363,144.4156951904297,Severe,Severe
2019-05-17 13:00:00,155.66015625,153.57012939453125,Severe,Severe
2019-05-17 14:00:00,172.12126436781608,161.3197021484375,Severe,Severe
2019-05-17 15:00:00,196.43863636363636,189.33567810058594,Severe,Severe
2019-05-17 16:00:00,163.76027777777776,135.91761779785156,Severe,Severe
2019-05-17 17:00:00,165.00465686274512,162.9951629638672,Severe,Severe
2019-05-17 18:00:00,146.42401960784312,144.59864807128906,Severe,Severe
2019-05-17 19:00:00,132.65717592592594,131.1918182373047,Severe,Severe
2019-05-17 20:00:00,144.24401041666664,134.2994842529297,Severe,Severe
2019-05-17 21:00:00,194.33900000000003,194.13133239746094,Severe,Severe
2019-05-17 22:00:00,226.9969696969697,194.35836791992188,Severe,Severe
2019-05-17 23:00:00,236.52171052631581,226.0564422607422,Severe,Severe
2019-05-18 00:00:00,167.97575757575757,128.00418090820312,Severe,Severe
2019-05-18 01:00:00,192.0,142.37818908691406,Severe,Severe
2019-05-18 02:00:00,142.97083333333333,101.35787963867188,Severe,Severe
2019-05-18 03:00:00,96.42407407407407,67.67765045166016,Severe,Moderate
2019-05-18 04:00:00,80.03166666666667,60.760009765625,Moderate,Moderate
2019-05-18 05:00:00,30.053571428571427,24.722400665283203,Moderate,Moderate
2019-05-18 06:00:00,20.77692307692308,20.957468032836914,Moderate,Moderate
2019-05-18 07:00:00,54.12888888888889,46.215858459472656,Moderate,Moderate
2019-05-18 08:00:00,57.811458333333334,49.61511993408203,Moderate,Moderate
2019-05-18 09:00:00,95.5484126984127,79.30663299560547,Severe,Moderate
2019-05-18 10:00:00,77.19326923076923,74.39962768554688,Moderate,Moderate
2019-05-18 11:00:00,129.52962962962962,117.38309478759766,Severe,Severe
2019-05-18 12:00:00,135.65789473684214,129.34658813476562,Severe,Severe
2019-05-18 13:00:00,112.54112903225806,106.65850067138672,Severe,Severe
2019-05-18 14:00:00,176.62478632478633,169.82362365722656,Severe,Severe
2019-05-18 15:00:00,221.7814814814815,200.4785919189453,Severe,Severe
2019-05-18 16:00:00,127.3817901234568,115.61071014404297,Severe,Severe
2019-05-18 17:00:00,155.04942528735634,155.86083984375,Severe,Severe
2019-05-18 18:00:00,172.5738095238095,169.17396545410156,Severe,Severe
2019-05-18 19:00:00,106.22145833333335,105.2310562133789,Severe,Severe
2019-05-18 20:00:00,146.56421568627454,143.97584533691406,Severe,Severe
2019-05-18 21:00:00,216.44114583333334,208.17947387695312,Severe,Severe
2019-05-18 22:00:00,207.87404761904764,206.110595703125,Severe,Severe
2019-05-18 23:00:00,195.44583333333335,188.82003784179688,Severe,Severe
2019-05-19 00:00:00,172.11071428571427,134.11978149414062,Severe,Severe
2019-05-19 01:00:00,130.9090909090909,88.67715454101562,Severe,Moderate
2019-05-19 02:00:00,181.35625,141.13082885742188,Severe,Severe
2019-05-19 03:00:00,189.725,152.42276000976562,Severe,Severe
2019-05-19 04:00:00,60.95320512820513,62.583229064941406,Moderate,Moderate
2019-05-19 05:00:00,6.534523809523809,2.9568636417388916,Normal,Normal
2019-05-19 06:00:00,6.262820512820513,1.4968600273132324,Normal,Normal
2019-05-19 07:00:00,43.51888888888889,29.8347225189209,Moderate,Moderate
2019-05-19 08:00:00,23.318333333333335,18.865501403808594,Moderate,Normal
2019-05-19 09:00:00,104.02847222222222,87.07354736328125,Severe,Moderate
2019-05-19 10:00:00,94.83734567901234,77.46466827392578,Severe,Moderate
2019-05-19 11:00:00,69.62444444444445,67.09943389892578,Moderate,Moderate
2019-05-19 12:00:00,205.3104166666667,195.8736572265625,Severe,Severe
2019-05-19 13:00:00,135.69511494252876,121.71371459960938,Severe,Severe
2019-05-19 14:00:00,129.51197916666666,124.97058868408203,Severe,Severe
2019-05-19 15:00:00,225.06111111111113,222.93203735351562,Severe,Severe
2019-05-19 16:00:00,148.16554054054058,123.24131774902344,Severe,Severe
2019-05-19 17:00:00,194.3790229885057,187.81227111816406,Severe,Severe
2019-05-19 18:00:00,132.24747474747474,126.9220199584961,Severe,Severe
2019-05-19 19:00:00,136.43507751937986,123.74053192138672,Severe,Severe
2019-05-19 20:00:00,176.18580246913584,174.54205322265625,Severe,Severe
2019-05-19 21:00:00,193.9426470588235,190.39405822753906,Severe,Severe
2019-05-19 22:00:00,190.91367521367525,194.9523468017578,Severe,Severe
2019-05-19 23:00:00,221.45617283950617,211.9256591796875,Severe,Severe
2019-05-20 00:00:00,170.31274509803922,168.4589080810547,Severe,Severe
2019-05-20 01:00:00,120.66555555555556,87.50045776367188,Severe,Moderate
2019-05-20 02:00:00,181.91416666666666,163.75433349609375,Severe,Severe
2019-05-20 03:00:00,39.98888888888889,75.59769439697266,Moderate,Moderate
2019-05-20 04:00:00,29.705128205128208,34.83092498779297,Moderate,Moderate
2019-05-20 05:00:00,3.333333333333334,3.4991683959960938,Normal,Normal
2019-05-20 06:00:00,49.376923076923084,23.019163131713867,Moderate,Moderate
2019-05-20 07:00:00,90.86979166666667,49.764373779296875,Severe,Moderate
2019-05-20 08:00:00,38.25833333333333,40.46265411376953,Moderate,Moderate
2019-05-20 09:00:00,98.77733333333333,89.54473876953125,Severe,Moderate
2019-05-20 10:00:00,121.01798245614036,110.82763671875,Severe,Severe
2019-05-20 11:00:00,111.49650537634407,91.96998596191406,Severe,Severe
2019-05-20 12:00:00,126.4171568627451,119.11105346679688,Severe,Severe
2019-05-20 13:00:00,150.48125000000002,150.08187866210938,Severe,Severe
2019-05-20 14:00:00,148.52833333333334,139.8651580810547,Severe,Severe
2019-05-20 15:00:00,172.403125,159.84909057617188,Severe,Severe
2019-05-20 16:00:00,139.23738095238096,118.84648132324219,Severe,Severe
2019-05-20 17:00:00,203.35444444444445,193.81570434570312,Severe,Severe
2019-05-20 18:00:00,182.7002688172043,180.50352478027344,Severe,Severe
2019-05-20 19:00:00,119.43041666666667,120.40702056884766,Severe,Severe
2019-05-20 20:00:00,161.97177419354836,154.78172302246094,Severe,Severe
2019-05-20 21:00:00,220.0439393939394,211.1715545654297,Severe,Severe
2019-05-20 22:00:00,186.95995370370372,189.17588806152344,Severe,Severe
2019-05-20 23:00:00,238.58466666666666,210.8895721435547,Severe,Severe
2019-05-21 00:00:00,207.17395833333333,223.9795684814453,Severe,Severe
2019-05-21 01:00:00,80.0,64.91159057617188,Moderate,Moderate
2019-05-21 02:00:00,189.64166666666668,155.42770385742188,Severe,Severe
2019-05-21 03:00:00,6.613888888888888,2.236584186553955,Normal,Normal
2019-05-21 04:00:00,2.65625,2.0157928466796875,Normal,Normal
2019-05-21 05:00:00,52.19444444444445,43.7071418762207,Moderate,Moderate
2019-05-21 06:00:00,38.62222222222222,36.13182830810547,Moderate,Moderate
2019-05-21 07:00:00,87.365625,53.83970642089844,Moderate,Moderate
2019-05-21 08:00:00,25.95686274509804,20.901796340942383,Moderate,Moderate
2019-05-21 09:00:00,110.42898550724638,100.27906036376953,Severe,Severe
2019-05-21 10:00:00,65.80378787878789,55.16097640991211,Moderate,Moderate
2019-05-21 11:00:00,106.62395833333335,101.07721710205078,Severe,Severe
2019-05-21 12:00:00,178.2575268817204,155.1389923095703,Severe,Severe
2019-05-21 13:00:00,128.21041666666667,120.46871185302734,Severe,Severe
2019-05-21 14:00:00,169.57528735632184,164.50299072265625,Severe,Severe
2019-05-21 15:00:00,193.10833333333335,167.80587768554688,Severe,Severe
2019-05-21 16:00:00,162.89848484848483,145.69723510742188,Severe,Severe
2019-05-21 17:00:00,228.66328125000004,215.48617553710938,Severe,Severe
2019-05-21 18:00:00,165.55322580645162,160.66175842285156,Severe,Severe
2019-05-21 19:00:00,107.95247747747749,108.157470703125,Severe,Severe
2019-05-21 20:00:00,145.23888888888888,144.95822143554688,Severe,Severe
2019-05-21 21:00:00,192.78223684210528,187.9075164794922,Severe,Severe
2019-05-21 22:00:00,252.64761904761903,249.65699768066406,Severe,Severe
2019-05-21 23:00:00,222.09537037037038,216.8729248046875,Severe,Severe
2019-05-22 00:00:00,194.22261904761905,164.73086547851562,Severe,Severe
2019-05-22 01:00:00,180.0,83.66356658935547,Severe,Moderate
2019-05-22 02:00:00,121.44375000000001,90.7965087890625,Severe,Severe
2019-05-22 03:00:00,180.0,5.014334201812744,Severe,Normal
2019-05-22 04:00:00,65.44236111111111,52.052921295166016,Moderate,Moderate
2019-05-22 05:00:00,25.320098039215686,18.687820434570312,Moderate,Normal
2019-05-22 06:00:00,24.44090909090909,25.864824295043945,Moderate,Moderate
2019-05-22 07:00:00,31.559259259259264,24.672645568847656,Moderate,Moderate
2019-05-22 08:00:00,42.13508771929824,35.052734375,Moderate,Moderate
2019-05-22 09:00:00,109.7719696969697,91.53443145751953,Severe,Severe
2019-05-22 10:00:00,79.31333333333333,57.48099899291992,Moderate,Moderate
2019-05-22 11:00:00,111.92676767676767,104.45317077636719,Severe,Severe
2019-05-22 12:00:00,180.51324786324787,167.23968505859375,Severe,Severe
2019-05-22 13:00:00,126.51547619047619,124.75833892822266,Severe,Severe
2019-05-22 14:00:00,180.70732323232323,174.62034606933594,Severe,Severe
2019-05-22 15:00:00,219.0561111111111,192.42596435546875,Severe,Severe
2019-05-22 16:00:00,129.14583333333334,116.06536102294922,Severe,Severe
2019-05-22 17:00:00,168.6027777777778,166.39686584472656,Severe,Severe
2019-05-22 18:00:00,170.20394736842104,171.86158752441406,Severe,Severe
2019-05-22 19:00:00,69.28281249999999,69.77566528320312,Moderate,Moderate
2019-05-22 20:00:00,136.72254901960784,136.60716247558594,Severe,Severe
2019-05-22 21:00:00,220.37786458333335,216.70069885253906,Severe,Severe
2019-05-22 22:00:00,206.0789351851852,208.8500518798828,Severe,Severe
2019-05-22 23:00:00,240.07366666666664,238.3062744140625,Severe,Severe
2019-05-23 00:00:00,179.74880952380954,151.21255493164062,Severe,Severe
2019-05-23 01:00:00,180.0,95.5230712890625,Severe,Severe
2019-05-23 02:00:00,162.05555555555554,148.71324157714844,Severe,Severe
2019-05-23 03:00:00,1.3208333333333333,1.335345983505249,Normal,Normal
2019-05-23 04:00:00,67.12121212121211,61.523460388183594,Moderate,Moderate
2019-05-23 05:00:00,31.773611111111112,29.26788330078125,Moderate,Moderate
2019-05-23 06:00:00,20.398809523809522,20.071001052856445,Moderate,Moderate
2019-05-23 07:00:00,48.934999999999995,44.68681335449219,Moderate,Moderate
2019-05-23 08:00:00,26.533333333333335,18.813085556030273,Moderate,Normal
2019-05-23 09:00:00,111.99242424242425,106.5371322631836,Severe,Severe
2019-05-23 10:00:00,97.8003968253968,88.21612548828125,Severe,Moderate
2019-05-23 11:00:00,96.30172413793103,90.12140655517578,Severe,Severe
2019-05-23 12:00:00,146.02239583333332,139.16290283203125,Severe,Severe
2019-05-23 13:00:00,125.72311827956992,116.71357727050781,Severe,Severe
2019-05-23 14:00:00,171.65686274509804,164.65585327148438,Severe,Severe
2019-05-23 15:00:00,170.21130952380955,167.40097045898438,Severe,Severe
2019-05-23 16:00:00,164.3013888888889,157.26358032226562,Severe,Severe
2019-05-23 17:00:00,189.7659090909091,189.16493225097656,Severe,Severe
2019-05-23 18:00:00,170.0071428571429,158.51783752441406,Severe,Severe
2019-05-23 19:00:00,63.84362745098039,66.28864288330078,Moderate,Moderate
2019-05-23 20:00:00,198.595987654321,193.55845642089844,Severe,Severe
2019-05-23 21:00:00,185.4580952380952,177.429443359375,Severe,Severe
2019-05-23 22:00:00,233.2316091954023,231.52867126464844,Severe,Severe
2019-05-23 23:00:00,217.0738095238095,212.19528198242188,Severe,Severe
2019-05-24 00:00:00,176.353125,152.3195037841797,Severe,Severe
2019-05-24 01:00:00,110.88802083333333,101.71458435058594,Severe,Severe
2019-05-24 02:00:00,158.19285714285712,139.54525756835938,Severe,Severe
2019-05-24 03:00:00,133.4611111111111,99.36919403076172,Severe,Severe
2019-05-24 04:00:00,97.7761111111111,73.42782592773438,Severe,Moderate
2019-05-24 05:00:00,36.440384615384616,23.742021560668945,Moderate,Moderate
2019-05-24 06:00:00,2.7386363636363638,1.664849877357483,Normal,Normal
2019-05-24 07:00:00,79.31435185185185,54.14652633666992,Moderate,Moderate
2019-05-24 08:00:00,25.206140350877195,19.193635940551758,Moderate,Normal
2019-05-24 09:00:00,90.91746031746031,89.09461212158203,Severe,Moderate
2019-05-24 10:00:00,92.60875000000001,71.10258483886719,Severe,Moderate
2019-05-24 11:00:00,84.77966666666667,84.05531311035156,Moderate,Moderate
2019-05-24 12:00:00,172.03863636363639,169.3408203125,Severe,Severe
2019-05-24 13:00:00,144.6739898989899,141.45875549316406,Severe,Severe
2019-05-24 14:00:00,181.36979166666669,179.8725128173828,Severe,Severe
2019-05-24 15:00:00,210.55430107526882,190.5065155029297,Severe,Severe
2019-05-24 16:00:00,157.76000000000002,149.0599822998047,Severe,Severe
2019-05-24 17:00:00,183.92338709677418,177.18536376953125,Severe,Severe
2019-05-24 18:00:00,185.55913978494624,176.2897491455078,Severe,Severe
2019-05-24 19:00:00,111.17880952380952,110.95584869384766,Severe,Severe
2019-05-24 20:00:00,162.1186403508772,151.5136260986328,Severe,Severe
2019-05-24 21:00:00,207.7875,202.11993408203125,Severe,Severe
2019-05-24 22:00:00,163.5236559139785,159.72962951660156,Severe,Severe
2019-05-24 23:00:00,233.8198924731183,206.2757110595703,Severe,Severe
2019-05-26 20:00:00,132.3638888888889,83.95392608642578,Severe,Moderate
2019-05-26 21:00:00,226.11366666666666,209.6920166015625,Severe,Severe
2019-05-26 22:00:00,203.64192708333331,190.80551147460938,Severe,Severe
2019-05-26 23:00:00,271.52283950617283,253.41799926757812,Severe,Severe
2019-05-27 00:00:00,212.80357142857147,151.4536895751953,Severe,Severe
2019-05-27 01:00:00,154.36346153846154,92.23057556152344,Severe,Severe
2019-05-27 02:00:00,141.88910256410256,96.14934539794922,Severe,Severe
2019-05-27 03:00:00,9.9,2.6186299324035645,Normal,Normal
2019-05-27 04:00:00,55.78869047619048,25.974153518676758,Moderate,Moderate
2019-05-27 05:00:00,61.43653846153846,44.71946716308594,Moderate,Moderate
2019-05-27 06:00:00,56.97324561403509,32.63394546508789,Moderate,Moderate
2019-05-27 07:00:00,47.91203703703704,38.777565002441406,Moderate,Moderate
2019-05-27 08:00:00,25.215686274509803,23.18141746520996,Moderate,Moderate
2019-05-27 09:00:00,115.14999999999999,107.56893920898438,Severe,Severe
2019-05-27 10:00:00,96.81666666666669,87.4104995727539,Severe,Moderate
2019-05-27 11:00:00,78.46833333333333,57.80401611328125,Moderate,Moderate
2019-05-27 12:00:00,165.8712121212121,161.45518493652344,Severe,Severe
2019-05-27 13:00:00,134.14421296296297,129.89309692382812,Severe,Severe
2019-05-27 14:00:00,161.58888888888887,152.92556762695312,Severe,Severe
2019-05-27 15:00:00,184.64583333333334,174.51458740234375,Severe,Severe
2019-05-27 16:00:00,167.2371794871795,148.9297637939453,Severe,Severe
2019-05-27 17:00:00,194.17005208333333,177.53982543945312,Severe,Severe
2019-05-27 18:00:00,172.04140625,162.16445922851562,Severe,Severe
2019-05-27 19:00:00,92.19351851851852,89.54084777832031,Severe,Moderate
2019-05-27 20:00:00,151.3991935483871,152.03915405273438,Severe,Severe
2019-05-27 21:00:00,192.1414414414415,187.2743682861328,Severe,Severe
2019-05-27 22:00:00,213.06126126126128,210.09088134765625,Severe,Severe
2019-05-27 23:00:00,233.68111111111114,228.27032470703125,Severe,Severe
2019-05-28 00:00:00,199.72500000000002,195.216552734375,Severe,Severe
2019-05-28 01:00:00,196.36363636363637,128.3929443359375,Severe,Severe
2019-05-28 02:00:00,200.1638888888889,180.18800354003906,Severe,Severe
2019-05-28 03:00:00,0.0,1.5209683179855347,Normal,Normal
2019-05-28 04:00:00,100.39545454545454,91.92874908447266,Severe,Severe
2019-05-28 05:00:00,56.639583333333334,47.3746223449707,Moderate,Moderate
2019-05-28 06:00:00,26.01212121212121,25.862590789794922,Moderate,Moderate
2019-05-28 07:00:00,36.21984126984127,35.53727340698242,Moderate,Moderate
2019-05-28 08:00:00,25.953703703703706,20.645519256591797,Moderate,Moderate
2019-05-28 09:00:00,120.33245614035087,113.32262420654297,Severe,Severe
2019-05-28 10:00:00,77.0909090909091,69.29989624023438,Moderate,Moderate
2019-05-28 11:00:00,109.49895833333333,91.03496551513672,Severe,Severe
2019-05-28 12:00:00,168.98737373737373,161.14915466308594,Severe,Severe
2019-05-28 13:00:00,135.15979166666665,128.83425903320312,Severe,Severe
2019-05-28 14:00:00,148.00111111111113,138.86444091796875,Severe,Severe
2019-05-28 15:00:00,175.19114583333334,162.7117919921875,Severe,Severe
2019-05-28 16:00:00,152.47666666666666,148.2758026123047,Severe,Severe
2019-05-28 17:00:00,242.35544871794875,227.40147399902344,Severe,Severe
2019-05-28 18:00:00,152.08833333333334,147.1319122314453,Severe,Severe
2019-05-28 19:00:00,127.09605263157894,109.4394302368164,Severe,Severe
2019-05-28 20:00:00,146.33112745098038,143.06761169433594,Severe,Severe
2019-05-28 21:00:00,218.28445945945944,201.3250732421875,Severe,Severe
2019-05-28 22:00:00,203.57371794871793,198.9418487548828,Severe,Severe
2019-05-28 23:00:00,204.42682291666665,193.2830352783203,Severe,Severe
2019-05-29 00:00:00,183.70888888888888,160.62391662597656,Severe,Severe
2019-05-29 01:00:00,120.0,78.61094665527344,Severe,Moderate
2019-05-29 02:00:00,139.11354166666666,122.62835693359375,Severe,Severe
2019-05-29 03:00:00,132.5222222222222,50.09580612182617,Severe,Moderate
2019-05-29 04:00:00,83.07499999999999,22.24358367919922,Moderate,Moderate
2019-05-29 05:00:00,76.43083333333334,35.805870056152344,Moderate,Moderate
2019-05-29 06:00:00,40.98970588235294,34.535911560058594,Moderate,Moderate
2019-05-29 07:00:00,40.02719298245614,37.50591278076172,Moderate,Moderate
2019-05-29 08:00:00,30.81449275362319,25.151260375976562,Moderate,Moderate
2019-05-29 09:00:00,96.75277777777777,84.39491271972656,Severe,Moderate
2019-05-29 10:00:00,88.93566666666666,76.62910461425781,Moderate,Moderate
2019-05-29 11:00:00,100.83802083333333,88.46272277832031,Severe,Moderate
2019-05-29 12:00:00,171.14765625,163.78652954101562,Severe,Severe
2019-05-29 13:00:00,117.025,112.93668365478516,Severe,Severe
2019-05-29 14:00:00,204.4375,195.20944213867188,Severe,Severe
2019-05-29 15:00:00,181.2777777777778,177.4404296875,Severe,Severe
2019-05-29 16:00:00,170.4113095238095,152.03370666503906,Severe,Severe
2019-05-29 17:00:00,172.16151960784316,156.86288452148438,Severe,Severe
2019-05-29 18:00:00,186.84022988505748,182.5582733154297,Severe,Severe
2019-05-29 19:00:00,97.15395833333335,90.42433166503906,Severe,Severe
2019-05-29 20:00:00,171.59142156862748,164.86891174316406,Severe,Severe
2019-05-29 21:00:00,196.43455882352941,196.7366943359375,Severe,Severe
2019-05-29 22:00:00,192.6504901960784,190.73985290527344,Severe,Severe
2019-05-29 23:00:00,239.97916666666666,234.06858825683594,Severe,Severe
2019-05-30 00:00:00,178.69166666666666,149.08775329589844,Severe,Severe
2019-05-30 01:00:00,144.0,114.11409759521484,Severe,Severe
2019-05-30 02:00:00,82.9175925925926,73.05223083496094,Moderate,Moderate
2019-05-30 03:00:00,1.25,1.1818345785140991,Normal,Normal
2019-05-30 04:00:00,102.38636363636364,57.661170959472656,Severe,Moderate
2019-05-30 05:00:00,3.5283333333333333,3.3946585655212402,Normal,Normal
2019-05-30 06:00:00,71.74499999999999,64.3350601196289,Moderate,Moderate
2019-05-30 07:00:00,59.89659090909092,40.291812896728516,Moderate,Moderate
2019-05-30 08:00:00,25.253703703703703,21.733314514160156,Moderate,Moderate
2019-05-30 09:00:00,93.17575757575759,87.5302505493164,Severe,Moderate
2019-05-30 10:00:00,60.377631578947366,64.10429382324219,Moderate,Moderate
2019-05-30 11:00:00,88.77239583333333,71.7716064453125,Moderate,Moderate
2019-05-30 12:00:00,156.7078431372549,152.57408142089844,Severe,Severe
2019-05-30 13:00:00,128.27785714285716,121.59539794921875,Severe,Severe
2019-05-30 14:00:00,148.23444444444442,145.6331329345703,Severe,Severe
2019-05-30 15:00:00,179.82988505747127,171.01910400390625,Severe,Severe
2019-05-30 16:00:00,162.56532258064516,139.21311950683594,Severe,Severe
2019-05-30 17:00:00,205.20883838383838,182.38479614257812,Severe,Severe
2019-05-30 18:00:00,152.8989247311828,129.31900024414062,Severe,Severe
2019-05-30 19:00:00,138.1930894308943,124.96231079101562,Severe,Severe
2019-05-30 20:00:00,167.21694444444444,156.53878784179688,Severe,Severe
2019-05-30 21:00:00,208.01361788617888,194.0989990234375,Severe,Severe
2019-05-30 22:00:00,201.29345238095235,195.88539123535156,Severe,Severe
2019-05-30 23:00:00,239.9773809523809,221.49717712402344,Severe,Severe
2019-06-01 00:00:00,206.28958333333333,171.3130645751953,Severe,Severe
2019-06-01 01:00:00,118.32333333333334,76.15637969970703,Severe,Moderate
2019-06-01 02:00:00,205.7666666666667,139.7898712158203,Severe,Severe
2019-06-01 03:00:00,10.891666666666667,2.393615961074829,Normal,Normal
2019-06-01 04:00:00,70.17272727272727,61.267662048339844,Moderate,Moderate
2019-06-01 05:00:00,55.90128205128205,26.10978126525879,Moderate,Moderate
2019-06-01 06:00:00,23.660256410256412,23.50236701965332,Moderate,Moderate
2019-06-01 07:00:00,41.14920634920635,34.3108024597168,Moderate,Moderate
2019-06-01 08:00:00,26.819607843137252,4.062847137451172,Moderate,Normal
2019-06-01 09:00:00,101.08731884057973,91.7755355834961,Severe,Severe
2019-06-01 10:00:00,73.68152173913043,63.7822151184082,Moderate,Moderate
2019-06-01 11:00:00,101.39973118279572,76.06485748291016,Severe,Moderate
2019-06-01 12:00:00,157.9512254901961,152.11978149414062,Severe,Severe
2019-06-01 13:00:00,131.1386752136752,116.2008056640625,Severe,Severe
2019-06-01 14:00:00,155.4247474747475,146.89572143554688,Severe,Severe
2019-06-01 15:00:00,181.88629032258066,175.40362548828125,Severe,Severe
2019-06-01 16:00:00,155.07270114942526,126.10615539550781,Severe,Severe
2019-06-01 17:00:00,204.39111111111112,198.00790405273438,Severe,Severe
2019-06-01 18:00:00,126.34274193548387,121.21076202392578,Severe,Severe
2019-06-01 19:00:00,130.58333333333331,114.70152282714844,Severe,Severe
2019-06-01 20:00:00,181.49930555555557,175.51739501953125,Severe,Severe
2019-06-01 21:00:00,194.0739898989899,176.57049560546875,Severe,Severe
2019-06-01 22:00:00,197.44671717171718,186.2224578857422,Severe,Severe
2019-06-01 23:00:00,211.09714285714284,175.73846435546875,Severe,Severe
2019-06-02 00:00:00,230.1676470588235,201.64349365234375,Severe,Severe
2019-06-02 01:00:00,163.37142857142857,130.04835510253906,Severe,Severe
2019-06-02 02:00:00,156.17916666666665,112.38895416259766,Severe,Severe
2019-06-02 03:00:00,91.1375,46.73286819458008,Severe,Moderate
2019-06-02 04:00:00,46.756249999999994,39.4892692565918,Moderate,Moderate
2019-06-02 05:00:00,31.648076923076925,42.20749282836914,Moderate,Moderate
2019-06-02 06:00:00,35.52055555555556,20.8199462890625,Moderate,Moderate
2019-06-02 07:00:00,46.395833333333336,20.778640747070312,Moderate,Moderate
2019-06-02 08:00:00,4.309166666666667,3.5848898887634277,Normal,Normal
2019-06-02 09:00:00,100.21825396825395,93.11630249023438,Severe,Severe
2019-06-02 10:00:00,87.62101449275363,72.86528015136719,Moderate,Moderate
2019-06-02 11:00:00,94.06914414414415,78.61796569824219,Severe,Moderate
2019-06-02 12:00:00,139.92380952380952,133.6273956298828,Severe,Severe
2019-06-02 13:00:00,170.40220588235292,150.32554626464844,Severe,Severe
2019-06-02 14:00:00,166.08703703703705,161.70057678222656,Severe,Severe
2019-06-02 15:00:00,216.11180555555552,203.8017578125,Severe,Severe
2019-06-02 16:00:00,158.9959523809524,151.97897338867188,Severe,Severe
2019-06-02 17:00:00,165.69217171717173,146.19778442382812,Severe,Severe
2019-06-02 18:00:00,177.7595238095238,157.0641326904297,Severe,Severe
2019-06-02 19:00:00,137.7995614035088,126.6727066040039,Severe,Severe
2019-06-02 20:00:00,138.7199074074074,130.84129333496094,Severe,Severe
2019-06-02 21:00:00,205.53020833333335,202.37539672851562,Severe,Severe
2019-06-02 22:00:00,201.53134920634923,189.5663299560547,Severe,Severe
2019-06-02 23:00:00,231.6977777777778,223.28810119628906,Severe,Severe
2019-06-03 00:00:00,211.13611111111112,181.79202270507812,Severe,Severe
2019-06-03 01:00:00,107.7404761904762,71.79113006591797,Severe,Moderate
2019-06-03 02:00:00,147.17916666666665,134.3000946044922,Severe,Severe
2019-06-03 03:00:00,87.5,7.232927322387695,Moderate,Normal
2019-06-03 04:00:00,69.71481481481482,49.500118255615234,Moderate,Moderate
2019-06-03 05:00:00,58.06602564102563,54.41390609741211,Moderate,Moderate
2019-06-03 06:00:00,19.45572916666667,19.596677780151367,Normal,Normal
2019-06-03 07:00:00,39.51625,35.22953414916992,Moderate,Moderate
2019-06-03 08:00:00,9.123529411764705,4.601938247680664,Normal,Normal
2019-06-03 09:00:00,92.825,82.40262603759766,Severe,Moderate
2019-06-03 10:00:00,83.80326086956522,78.2672348022461,Moderate,Moderate
2019-06-03 11:00:00,98.64277777777778,86.86690521240234,Severe,Moderate
2019-06-03 12:00:00,130.86287878787877,123.32176208496094,Severe,Severe
2019-06-03 13:00:00,120.36954022988506,114.28453826904297,Severe,Severe
2019-06-03 14:00:00,146.56064814814815,140.64903259277344,Severe,Severe
2019-06-03 15:00:00,186.9311827956989,183.27621459960938,Severe,Severe
2019-06-03 16:00:00,168.54088541666667,147.7594757080078,Severe,Severe
2019-06-03 17:00:00,173.10539215686273,159.1878204345703,Severe,Severe
2019-06-03 18:00:00,171.86223958333335,168.2579345703125,Severe,Severe
2019-06-03 19:00:00,119.71041666666665,110.19416809082031,Severe,Severe
2019-06-03 20:00:00,137.74890350877195,117.474609375,Severe,Severe
2019-06-03 21:00:00,209.66754385964913,208.7849578857422,Severe,Severe
2019-06-03 22:00:00,183.94310344827588,168.49929809570312,Severe,Severe
2019-06-03 23:00:00,235.5335714285714,225.15109252929688,Severe,Severe
2019-06-04 00:00:00,230.19761904761907,203.46432495117188,Severe,Severe
2019-06-04 01:00:00,187.42708333333334,134.23773193359375,Severe,Severe
2019-06-04 02:00:00,126.12685185185185,77.74526977539062,Severe,Moderate
2019-06-04 03:00:00,182.15,141.55091857910156,Severe,Severe
2019-06-04 04:00:00,5.814814814814814,4.2668843269348145,Normal,Normal
2019-06-04 05:00:00,52.36130952380953,34.815269470214844,Moderate,Moderate
2019-06-04 06:00:00,72.41666666666667,42.6353874206543,Moderate,Moderate
2019-06-04 07:00:00,64.01342592592592,39.18411636352539,Moderate,Moderate
2019-06-04 08:00:00,25.896078431372548,7.782001972198486,Moderate,Normal
2019-06-04 09:00:00,95.48560606060606,90.57622528076172,Severe,Severe
2019-06-04 10:00:00,70.69958333333334,68.73532104492188,Moderate,Moderate
2019-06-04 11:00:00,75.65916666666666,63.41490173339844,Moderate,Moderate
2019-06-04 12:00:00,151.68437500000002,142.06378173828125,Severe,Severe
2019-06-04 13:00:00,146.7602083333333,139.75381469726562,Severe,Severe
2019-06-04 14:00:00,134.7611111111111,132.30740356445312,Severe,Severe
2019-06-04 15:00:00,166.2441176470588,165.3031005859375,Severe,Severe
2019-06-04 16:00:00,190.94482758620688,179.05613708496094,Severe,Severe
2019-06-04 17:00:00,192.87471264367812,183.3673095703125,Severe,Severe
2019-06-04 18:00:00,156.08223684210526,141.7050323486328,Severe,Severe
2019-06-04 19:00:00,120.29188034188034,108.92183685302734,Severe,Severe
2019-06-04 20:00:00,140.2009523809524,129.0978240966797,Severe,Severe
2019-06-04 21:00:00,207.8784188034188,203.46934509277344,Severe,Severe
2019-06-04 22:00:00,193.52573529411765,188.52328491210938,Severe,Severe
2019-06-04 23:00:00,213.01419753086418,218.80665588378906,Severe,Severe
2019-06-05 00:00:00,234.74705882352941,166.7130126953125,Severe,Severe
2019-06-05 01:00:00,166.15384615384616,127.01325988769531,Severe,Severe
2019-06-05 02:00:00,135.0,127.68695831298828,Severe,Severe
2019-06-05 03:00:00,6.956666666666666,6.348119735717773,Normal,Normal
2019-06-05 04:00:00,128.07500000000002,77.10591888427734,Severe,Moderate
2019-06-05 05:00:00,0.49523809523809526,4.845913410186768,Normal,Normal
2019-06-05 06:00:00,4.7215686274509805,2.005889415740967,Normal,Normal
2019-06-05 07:00:00,72.86093749999999,49.70427703857422,Moderate,Moderate
2019-06-05 08:00:00,3.575396825396826,3.7976155281066895,Normal,Normal
2019-06-05 09:00:00,106.41547619047618,110.27616882324219,Severe,Severe
2019-06-05 10:00:00,78.035,65.58509063720703,Moderate,Moderate
2019-06-05 11:00:00,105.28651960784315,97.24942779541016,Severe,Severe
2019-06-05 12:00:00,144.55809523809526,139.56219482421875,Severe,Severe
2019-06-05 13:00:00,110.79809523809524,107.918701171875,Severe,Severe
2019-06-05 14:00:00,164.29465811965812,149.6835174560547,Severe,Severe
2019-06-05 15:00:00,205.21428571428572,188.95254516601562,Severe,Severe
2019-06-05 16:00:00,177.40214285714285,166.08079528808594,Severe,Severe
2019-06-05 17:00:00,179.05563725490197,167.99485778808594,Severe,Severe
2019-06-05 18:00:00,151.99436936936937,141.18072509765625,Severe,Severe
2019-06-05 19:00:00,93.81685606060606,92.3873519897461,Severe,Severe
2019-06-05 20:00:00,162.30861111111108,146.29171752929688,Severe,Severe
2019-06-05 21:00:00,211.17236842105262,202.80311584472656,Severe,Severe
2019-06-05 22:00:00,156.31642857142856,155.98069763183594,Severe,Severe
2019-06-05 23:00:00,263.7236559139785,231.44583129882812,Severe,Severe
2019-06-06 00:00:00,159.62444444444446,143.06710815429688,Severe,Severe
2019-06-06 01:00:00,115.00333333333333,75.79292297363281,Severe,Moderate
2019-06-06 02:00:00,164.78988095238097,154.2012481689453,Severe,Severe
2019-06-06 03:00:00,1.5583333333333333,1.1070324182510376,Normal,Normal
2019-06-06 04:00:00,121.38703703703703,113.81143951416016,Severe,Severe
2019-06-06 05:00:00,74.08958333333334,26.885372161865234,Moderate,Moderate
2019-06-06 06:00:00,34.09517543859649,19.31561851501465,Moderate,Normal
2019-06-06 07:00:00,68.82083333333334,68.4460678100586,Moderate,Moderate
2019-06-06 08:00:00,4.492592592592592,4.052090167999268,Normal,Normal
2019-06-06 09:00:00,85.57569444444444,69.0287857055664,Moderate,Moderate
2019-06-06 10:00:00,102.8718253968254,86.59127044677734,Severe,Moderate
2019-06-06 11:00:00,82.86822916666667,71.96452331542969,Moderate,Moderate
2019-06-06 12:00:00,126.02546296296298,120.14530181884766,Severe,Severe
2019-06-06 13:00:00,116.17352941176469,113.2168960571289,Severe,Severe
2019-06-06 14:00:00,160.51157407407405,145.10464477539062,Severe,Severe
2019-06-06 15:00:00,159.319623655914,157.8106689453125,Severe,Severe
2019-06-06 16:00:00,184.3595238095238,179.49403381347656,Severe,Severe
2019-06-06 17:00:00,169.5766129032258,168.6369171142578,Severe,Severe
2019-06-06 18:00:00,161.8919117647059,156.31155395507812,Severe,Severe
2019-06-06 19:00:00,140.5972222222222,131.4219512939453,Severe,Severe
2019-06-06 20:00:00,123.35534188034188,108.42876434326172,Severe,Severe
2019-06-06 21:00:00,216.74391891891892,210.41262817382812,Severe,Severe
2019-06-06 22:00:00,185.3098039215686,175.4730682373047,Severe,Severe
2019-06-06 23:00:00,248.64337606837603,236.38682556152344,Severe,Severe
2019-06-07 00:00:00,202.78645833333331,126.03813171386719,Severe,Severe
2019-06-07 01:00:00,205.71428571428572,185.36721801757812,Severe,Severe
2019-06-07 02:00:00,141.88796296296294,109.68951416015625,Severe,Severe
2019-06-07 03:00:00,17.695833333333333,3.9139115810394287,Normal,Normal
2019-06-07 04:00:00,124.89947916666668,82.65745544433594,Severe,Moderate
2019-06-07 05:00:00,44.50980392156863,24.46525001525879,Moderate,Moderate
2019-06-07 06:00:00,19.23611111111111,2.971404552459717,Normal,Normal
2019-06-07 07:00:00,108.42619047619048,54.62470245361328,Severe,Moderate
2019-06-07 08:00:00,7.4416666666666655,3.7263424396514893,Normal,Normal
2019-06-07 09:00:00,76.88819444444444,69.83557891845703,Moderate,Moderate
2019-06-07 10:00:00,99.72916666666666,78.72847747802734,Severe,Moderate
2019-06-07 11:00:00,85.07222222222222,75.0255126953125,Moderate,Moderate
2019-06-07 12:00:00,130.68145161290323,126.08556365966797,Severe,Severe
2019-06-07 13:00:00,132.04777777777778,133.64991760253906,Severe,Severe
2019-06-07 14:00:00,178.31538461538463,169.00286865234375,Severe,Severe
2019-06-07 15:00:00,193.09784946236562,188.23895263671875,Severe,Severe
2019-06-07 16:00:00,179.68897849462365,178.3931884765625,Severe,Severe
2019-06-07 17:00:00,129.6671717171717,131.83865356445312,Severe,Severe
2019-06-07 18:00:00,185.52849462365592,180.4045867919922,Severe,Severe
2019-06-07 19:00:00,129.57139639639638,124.57671356201172,Severe,Severe
2019-06-07 20:00:00,92.09244791666667,86.90621948242188,Severe,Moderate
2019-06-07 21:00:00,218.11357142857145,215.403076171875,Severe,Severe
2019-06-07 22:00:00,176.7921717171717,173.73143005371094,Severe,Severe
2019-06-07 23:00:00,224.17589285714288,222.20535278320312,Severe,Severe
2019-06-08 00:00:00,266.275,230.68446350097656,Severe,Severe
2019-06-08 01:00:00,219.2416666666667,154.89404296875,Severe,Severe
2019-06-08 02:00:00,184.1325,172.66433715820312,Severe,Severe
2019-06-08 03:00:00,97.6125,77.68949127197266,Severe,Moderate
2019-06-08 04:00:00,145.845,128.57252502441406,Severe,Severe
2019-06-08 05:00:00,2.560714285714286,28.326215744018555,Normal,Moderate
2019-06-08 06:00:00,25.933974358974357,39.36914825439453,Moderate,Moderate
2019-06-08 07:00:00,48.74111111111111,46.99875259399414,Moderate,Moderate
2019-06-08 08:00:00,24.55,19.580055236816406,Moderate,Normal
2019-06-08 09:00:00,67.8108695652174,63.417728424072266,Moderate,Moderate
2019-06-08 10:00:00,93.19971264367815,77.5703353881836,Severe,Moderate
2019-06-08 11:00:00,106.13944444444446,97.0061264038086,Severe,Severe
2019-06-08 12:00:00,114.44391891891892,112.89356994628906,Severe,Severe
2019-06-08 13:00:00,149.35810185185184,139.18734741210938,Severe,Severe
2019-06-08 14:00:00,157.03095238095239,149.15577697753906,Severe,Severe
2019-06-08 15:00:00,179.775,169.87344360351562,Severe,Severe
2019-06-08 16:00:00,153.50906862745094,145.70919799804688,Severe,Severe
2019-06-08 17:00:00,177.15972222222223,165.07960510253906,Severe,Severe
2019-06-08 18:00:00,156.80462962962963,146.58523559570312,Severe,Severe
2019-06-08 19:00:00,103.42580645161291,81.15629577636719,Severe,Moderate
2019-06-08 20:00:00,164.42692307692306,147.40199279785156,Severe,Severe
2019-06-08 21:00:00,173.43464912280706,158.78622436523438,Severe,Severe
2019-06-08 22:00:00,214.828125,197.75006103515625,Severe,Severe
2019-06-08 23:00:00,216.7245238095238,216.3163299560547,Severe,Severe
2019-06-09 00:00:00,216.54166666666666,174.71917724609375,Severe,Severe
2019-06-09 01:00:00,108.0,113.63789367675781,Severe,Severe
2019-06-09 02:00:00,94.20833333333333,74.83552551269531,Severe,Moderate
2019-06-09 03:00:00,0.3666666666666667,79.56624603271484,Normal,Moderate
2019-06-09 04:00:00,105.55520833333333,60.494964599609375,Severe,Moderate
2019-06-09 05:00:00,85.16858974358973,53.95187759399414,Moderate,Moderate
2019-06-09 06:00:00,35.439473684210526,17.361597061157227,Moderate,Normal
2019-06-09 07:00:00,30.0,29.254926681518555,Moderate,Moderate
2019-06-09 08:00:00,8.17936507936508,18.955129623413086,Normal,Normal
2019-06-09 09:00:00,73.2076388888889,68.6975326538086,Moderate,Moderate
2019-06-09 10:00:00,98.54456521739131,84.6112060546875,Severe,Moderate
2019-06-09 11:00:00,97.85305555555556,83.64661407470703,Severe,Moderate
2019-06-09 12:00:00,168.90364583333331,166.27740478515625,Severe,Severe
2019-06-09 13:00:00,159.47438271604938,150.7071990966797,Severe,Severe
2019-06-09 14:00:00,158.66225490196078,162.75144958496094,Severe,Severe
2019-06-09 15:00:00,182.13333333333333,174.3787078857422,Severe,Severe
2019-06-09 16:00:00,165.21119047619047,157.52743530273438,Severe,Severe
2019-06-09 17:00:00,169.31770833333331,145.84828186035156,Severe,Severe
2019-06-09 18:00:00,158.25757575757575,146.62460327148438,Severe,Severe
2019-06-09 19:00:00,125.61967592592595,117.03719329833984,Severe,Severe
2019-06-09 20:00:00,134.9036324786325,126.0777587890625,Severe,Severe
2019-06-09 21:00:00,215.6947619047619,208.83010864257812,Severe,Severe
2019-06-09 22:00:00,201.5239247311828,200.1802978515625,Severe,Severe
2019-06-09 23:00:00,145.5642156862745,143.90911865234375,Severe,Severe
2019-06-10 00:00:00,226.89385964912282,206.69332885742188,Severe,Severe
2019-06-10 01:00:00,197.49848484848488,125.38203430175781,Severe,Severe
2019-06-10 02:00:00,122.83402777777776,110.82816314697266,Severe,Severe
2019-06-10 03:00:00,180.0,148.84432983398438,Severe,Severe
2019-06-10 04:00:00,87.87307692307694,79.56676483154297,Moderate,Moderate
2019-06-10 05:00:00,30.402564102564103,38.71452331542969,Moderate,Moderate
2019-06-10 06:00:00,4.693981481481482,2.779254674911499,Normal,Normal
2019-06-10 07:00:00,84.07948717948717,56.12421417236328,Moderate,Moderate
2019-06-10 08:00:00,8.25,3.482292652130127,Normal,Normal
2019-06-10 09:00:00,111.66052631578945,104.45118713378906,Severe,Severe
2019-06-10 10:00:00,60.1746913580247,56.678157806396484,Moderate,Moderate
2019-06-10 11:00:00,89.92202380952381,76.92948913574219,Moderate,Moderate
2019-06-10 12:00:00,125.32190476190476,119.38497161865234,Severe,Severe
2019-06-10 13:00:00,131.92583333333334,128.23211669921875,Severe,Severe
2019-06-10 14:00:00,143.54819819819818,129.23162841796875,Severe,Severe
2019-06-10 15:00:00,159.5986559139785,144.5175018310547,Severe,Severe
2019-06-10 16:00:00,163.87995495495494,161.8769989013672,Severe,Severe
2019-06-10 17:00:00,188.83181818181816,195.1216583251953,Severe,Severe
2019-06-10 18:00:00,177.8617886178862,172.26536560058594,Severe,Severe
2019-06-10 19:00:00,90.31796874999999,90.8506088256836,Severe,Severe
2019-06-10 20:00:00,108.81474358974359,105.99890899658203,Severe,Severe
2019-06-10 21:00:00,220.26597222222222,210.3822479248047,Severe,Severe
2019-06-10 22:00:00,133.50625,113.4300308227539,Severe,Severe
2019-06-10 23:00:00,228.76250000000002,197.67051696777344,Severe,Severe
2019-06-11 00:00:00,240.9724358974359,223.22564697265625,Severe,Severe
2019-06-11 01:00:00,137.9688888888889,138.5966339111328,Severe,Severe
2019-06-11 02:00:00,117.43842592592591,86.14559173583984,Severe,Moderate
2019-06-11 03:00:00,77.06666666666668,55.48482894897461,Moderate,Moderate
2019-06-11 04:00:00,113.92121212121211,87.32339477539062,Severe,Moderate
2019-06-11 05:00:00,85.79444444444445,40.39592742919922,Moderate,Moderate
2019-06-11 06:00:00,6.959999999999999,1.2344812154769897,Normal,Normal
2019-06-11 07:00:00,44.75588235294118,40.489070892333984,Moderate,Moderate
2019-06-11 08:00:00,24.180357142857144,9.871596336364746,Moderate,Normal
2019-06-11 09:00:00,90.92575757575759,65.73854064941406,Severe,Moderate
2019-06-11 10:00:00,64.60039682539683,48.53999328613281,Moderate,Moderate
2019-06-11 11:00:00,121.29747474747477,87.12120819091797,Severe,Moderate
2019-06-11 12:00:00,142.9779569892473,129.82835388183594,Severe,Severe
2019-06-11 13:00:00,151.04904761904763,135.39053344726562,Severe,Severe
2019-06-11 14:00:00,120.74320987654322,115.84912109375,Severe,Severe
2019-06-11 15:00:00,154.43709677419352,130.5338592529297,Severe,Severe
2019-06-11 16:00:00,192.4509259259259,173.89927673339844,Severe,Severe
2019-06-11 17:00:00,227.9477272727273,217.66726684570312,Severe,Severe
2019-06-11 18:00:00,207.45441176470587,196.28988647460938,Severe,Severe
2019-06-11 19:00:00,140.4401315789474,132.4256134033203,Severe,Severe
2019-06-11 20:00:00,163.24166666666667,141.31466674804688,Severe,Severe
2019-06-11 21:00:00,232.56833333333333,226.33905029296875,Severe,Severe
2019-06-11 22:00:00,171.04238095238094,158.2417755126953,Severe,Severe
2019-06-11 23:00:00,243.53118279569895,239.51124572753906,Severe,Severe
2019-06-12 00:00:00,272.85555555555555,175.5098114013672,Severe,Severe
2019-06-12 01:00:00,167.83257575757577,103.41220092773438,Severe,Severe
2019-06-12 02:00:00,129.9409090909091,85.82414245605469,Severe,Moderate
2019-06-12 03:00:00,30.716666666666672,3.721285343170166,Moderate,Normal
2019-06-12 04:00:00,95.3845238095238,53.53919219970703,Severe,Moderate
2019-06-12 05:00:00,38.24583333333333,32.59632873535156,Moderate,Moderate
2019-06-12 06:00:00,38.170833333333334,12.32366943359375,Moderate,Normal
2019-06-12 07:00:00,57.154824561403515,17.154617309570312,Moderate,Normal
2019-06-12 08:00:00,39.48802083333334,19.956918716430664,Moderate,Normal
2019-06-12 09:00:00,108.70238095238096,41.53121566772461,Severe,Moderate
2019-06-12 10:00:00,94.85260416666667,69.47314453125,Severe,Moderate
2019-06-12 11:00:00,108.01706349206349,75.89354705810547,Severe,Moderate
2019-06-12 12:00:00,124.29766666666666,110.61732482910156,Severe,Severe
2019-06-12 13:00:00,180.54583333333335,143.843994140625,Severe,Severe
2019-06-12 14:00:00,154.88620689655173,134.34060668945312,Severe,Severe
2019-06-12 15:00:00,165.47011494252877,148.71987915039062,Severe,Severe
2019-06-12 16:00:00,174.8285714285714,161.2696990966797,Severe,Severe
2019-06-12 17:00:00,177.84871794871793,160.208984375,Severe,Severe
2019-06-12 18:00:00,227.0625,183.57188415527344,Severe,Severe
2019-06-12 19:00:00,134.56171875,103.53214263916016,Severe,Severe
2019-06-12 20:00:00,167.815,142.8797607421875,Severe,Severe
2019-06-12 21:00:00,191.03079710144925,157.86459350585938,Severe,Severe
2019-06-12 22:00:00,169.0666666666667,143.1313018798828,Severe,Severe
2019-06-12 23:00:00,229.26666666666665,179.4118194580078,Severe,Severe
2019-06-13 00:00:00,251.0902777777778,174.6109619140625,Severe,Severe
2019-06-13 01:00:00,175.22878787878787,115.32947540283203,Severe,Severe
2019-06-13 02:00:00,68.95555555555556,34.88220977783203,Moderate,Moderate
2019-06-13 03:00:00,96.31785714285715,21.55837059020996,Severe,Moderate
2019-06-13 04:00:00,139.88333333333333,88.13311767578125,Severe,Moderate
2019-06-13 05:00:00,60.82115384615384,43.80072784423828,Moderate,Moderate
2019-06-13 06:00:00,20.937254901960785,6.5852508544921875,Moderate,Normal
2019-06-13 07:00:00,58.281140350877195,27.866064071655273,Moderate,Moderate
2019-06-13 08:00:00,70.82894736842105,8.4649076461792,Moderate,Normal
2019-06-13 09:00:00,45.390625,14.289164543151855,Moderate,Normal
2019-06-13 10:00:00,101.79315476190474,81.33305358886719,Severe,Moderate
2019-06-13 11:00:00,116.2529411764706,102.15936279296875,Severe,Severe
2019-06-13 12:00:00,150.27586206896552,113.31452178955078,Severe,Severe
2019-06-13 13:00:00,168.38279569892472,141.93406677246094,Severe,Severe
2019-06-13 14:00:00,158.7163888888889,121.89161682128906,Severe,Severe
2019-06-13 15:00:00,186.42442528735629,153.14141845703125,Severe,Severe
2019-06-13 16:00:00,114.72936507936508,98.57745361328125,Severe,Severe
2019-06-13 17:00:00,210.75858585858583,198.14418029785156,Severe,Severe
2019-06-13 18:00:00,216.61081081081085,193.739990234375,Severe,Severe
2019-06-13 19:00:00,157.69380952380953,137.0557098388672,Severe,Severe
2019-06-13 20:00:00,127.31597222222223,107.95906829833984,Severe,Severe
2019-06-13 21:00:00,215.6219298245614,203.14857482910156,Severe,Severe
2019-06-13 22:00:00,181.45197368421054,167.7108154296875,Severe,Severe
2019-06-13 23:00:00,237.8388888888889,222.0537567138672,Severe,Severe
2019-06-14 00:00:00,231.84126984126985,182.5037384033203,Severe,Severe
2019-06-14 01:00:00,123.28518518518518,83.68826293945312,Severe,Moderate
2019-06-14 02:00:00,138.19469696969696,81.79853820800781,Severe,Moderate
2019-06-14 03:00:00,72.0,26.85846519470215,Moderate,Moderate
2019-06-14 04:00:00,153.68888888888887,87.58364868164062,Severe,Moderate
2019-06-14 05:00:00,70.90490196078431,40.62977600097656,Moderate,Moderate
2019-06-14 06:00:00,22.116666666666664,6.487727642059326,Moderate,Normal
2019-06-14 07:00:00,96.21499999999999,23.296113967895508,Severe,Moderate
2019-06-14 08:00:00,22.115942028985504,9.335454940795898,Moderate,Normal
2019-06-14 09:00:00,97.55555555555557,81.57109832763672,Severe,Moderate
2019-06-14 10:00:00,66.78363095238095,61.4807243347168,Moderate,Moderate
2019-06-14 11:00:00,130.18988095238095,105.17133331298828,Severe,Severe
2019-06-14 12:00:00,149.8376262626263,150.32272338867188,Severe,Severe
2019-06-14 13:00:00,139.2627976190476,141.18101501464844,Severe,Severe
2019-06-14 14:00:00,176.22323232323234,170.4583282470703,Severe,Severe
2019-06-14 15:00:00,204.29131944444444,181.78858947753906,Severe,Severe
2019-06-14 16:00:00,190.27628205128204,182.4085693359375,Severe,Severe
2019-06-14 17:00:00,157.38809523809522,142.6721954345703,Severe,Severe
2019-06-14 18:00:00,183.458125,175.098388671875,Severe,Severe
2019-06-14 19:00:00,133.2792792792793,129.36050415039062,Severe,Severe
2019-06-14 20:00:00,149.11060606060605,140.87030029296875,Severe,Severe
2019-06-14 21:00:00,202.63406862745097,186.83018493652344,Severe,Severe
2019-06-14 22:00:00,213.7515350877193,201.13133239746094,Severe,Severe
2019-06-14 23:00:00,200.00175438596492,190.53662109375,Severe,Severe
2019-06-15 00:00:00,245.19074074074075,225.07374572753906,Severe,Severe
2019-06-15 01:00:00,157.09047619047618,63.11931610107422,Severe,Moderate
2019-06-15 02:00:00,155.89523809523808,141.5330047607422,Severe,Severe
2019-06-15 03:00:00,88.88055555555555,26.723764419555664,Moderate,Moderate
2019-06-15 04:00:00,236.28333333333333,161.3821563720703,Severe,Severe
2019-06-15 05:00:00,40.66488095238095,26.214601516723633,Moderate,Moderate
2019-06-15 06:00:00,30.65833333333333,12.976143836975098,Moderate,Normal
2019-06-15 07:00:00,85.5888888888889,56.66867446899414,Moderate,Moderate
2019-06-15 08:00:00,22.247777777777777,18.13813018798828,Moderate,Normal
2019-06-15 09:00:00,47.53333333333333,26.48431396484375,Moderate,Moderate
2019-06-15 10:00:00,146.60384615384618,129.4797821044922,Severe,Severe
2019-06-15 11:00:00,125.0901515151515,95.42794799804688,Severe,Severe
2019-06-15 12:00:00,121.07348484848484,109.70036315917969,Severe,Severe
2019-06-15 13:00:00,145.39868421052628,133.4262237548828,Severe,Severe
2019-06-15 14:00:00,157.63480392156865,135.26544189453125,Severe,Severe
2019-06-15 15:00:00,194.28425925925924,194.35704040527344,Severe,Severe
2019-06-15 16:00:00,192.79919354838708,181.88754272460938,Severe,Severe
2019-06-15 17:00:00,163.0782608695652,141.4616241455078,Severe,Severe
2019-06-15 18:00:00,180.79444444444445,156.14173889160156,Severe,Severe
2019-06-15 23:00:00,237.8371527777778,222.2852783203125,Severe,Severe
2019-06-16 00:00:00,283.5239583333333,266.4783020019531,Severe,Severe
2019-06-16 01:00:00,185.6472222222222,76.43878936767578,Severe,Moderate
2019-06-16 02:00:00,81.72083333333333,62.95685958862305,Moderate,Moderate
2019-06-16 03:00:00,220.05333333333334,164.6457061767578,Severe,Severe
2019-06-16 04:00:00,107.39333333333335,97.63418579101562,Severe,Severe
2019-06-16 05:00:00,47.707142857142856,37.740509033203125,Moderate,Moderate
2019-06-16 06:00:00,28.791228070175436,8.046504020690918,Moderate,Normal
2019-06-16 07:00:00,27.20357142857143,26.409608840942383,Moderate,Moderate
2019-06-16 08:00:00,40.97083333333334,20.927560806274414,Moderate,Moderate
2019-06-16 09:00:00,125.8,73.20756530761719,Severe,Moderate
2019-06-16 10:00:00,103.9485119047619,80.8740005493164,Severe,Moderate
2019-06-16 11:00:00,92.82129629629631,72.39939880371094,Severe,Moderate
2019-06-16 12:00:00,152.02598039215687,145.3600311279297,Severe,Severe
2019-06-16 13:00:00,161.38429487179488,154.36474609375,Severe,Severe
2019-06-16 14:00:00,203.13055555555556,187.10630798339844,Severe,Severe
2019-06-16 15:00:00,183.25729166666667,183.12088012695312,Severe,Severe
2019-06-16 16:00:00,156.48459595959594,142.64202880859375,Severe,Severe
2019-06-16 17:00:00,186.03181818181815,169.528076171875,Severe,Severe
2019-06-16 18:00:00,160.32346491228068,163.2514190673828,Severe,Severe
2019-06-16 19:00:00,113.52013888888888,110.67276000976562,Severe,Severe
2019-06-16 20:00:00,113.96862745098039,117.41033172607422,Severe,Severe
2019-06-16 21:00:00,197.5057142857143,193.9112548828125,Severe,Severe
2019-06-16 22:00:00,188.8408333333333,191.44212341308594,Severe,Severe
2019-06-16 23:00:00,211.5840909090909,208.0188446044922,Severe,Severe
2019-06-17 00:00:00,235.4421052631579,203.5860595703125,Severe,Severe
2019-06-17 01:00:00,69.9888888888889,46.57554626464844,Moderate,Moderate
2019-06-17 02:00:00,115.74083333333333,116.39449310302734,Severe,Severe
2019-06-17 03:00:00,180.0,129.65528869628906,Severe,Severe
2019-06-17 04:00:00,86.79880952380952,57.556209564208984,Moderate,Moderate
2019-06-17 05:00:00,10.203030303030301,6.471606731414795,Normal,Normal
2019-06-17 06:00:00,42.45980392156862,32.95743179321289,Moderate,Moderate
2019-06-17 07:00:00,30.272222222222222,27.09404754638672,Moderate,Moderate
2019-06-17 08:00:00,45.5475,40.54398727416992,Moderate,Moderate
2019-06-17 09:00:00,103.01742424242424,89.89599609375,Severe,Moderate
2019-06-17 10:00:00,84.08566666666665,76.60319519042969,Moderate,Moderate
2019-06-17 11:00:00,76.47068965517242,76.31900787353516,Moderate,Moderate
2019-06-17 12:00:00,165.08055555555555,154.10108947753906,Severe,Severe
2019-06-17 13:00:00,142.80788288288286,120.21988677978516,Severe,Severe
2019-06-17 14:00:00,147.59310344827585,135.69418334960938,Severe,Severe
2019-06-17 15:00:00,147.48311403508774,139.19046020507812,Severe,Severe
2019-06-17 16:00:00,182.57720588235293,178.189208984375,Severe,Severe
2019-06-17 17:00:00,161.8425925925926,154.1894073486328,Severe,Severe
2019-06-17 18:00:00,175.73535353535357,174.62863159179688,Severe,Severe
2019-06-17 19:00:00,116.74127906976744,113.6583251953125,Severe,Severe
2019-06-17 20:00:00,145.02231182795697,143.52090454101562,Severe,Severe
2019-06-17 21:00:00,208.8076388888889,196.9222869873047,Severe,Severe
2019-06-17 22:00:00,190.51414728682172,188.5390167236328,Severe,Severe
2019-06-17 23:00:00,225.64921875,220.25051879882812,Severe,Severe
2019-06-18 00:00:00,211.90648148148148,183.17681884765625,Severe,Severe
2019-06-18 01:00:00,180.0,56.3876953125,Severe,Moderate
2019-06-18 02:00:00,151.36666666666667,123.74471282958984,Severe,Severe
2019-06-18 03:00:00,73.91333333333333,55.63068771362305,Moderate,Moderate
2019-06-18 04:00:00,77.21666666666667,67.59680938720703,Moderate,Moderate
2019-06-18 05:00:00,32.333333333333336,25.130615234375,Moderate,Moderate
2019-06-18 06:00:00,22.57559523809524,25.05294418334961,Moderate,Moderate
2019-06-18 07:00:00,22.534375,22.547134399414062,Moderate,Moderate
2019-06-18 08:00:00,26.278070175438597,26.629446029663086,Moderate,Moderate
2019-06-18 09:00:00,90.55916666666667,87.37800598144531,Severe,Moderate
2019-06-18 10:00:00,94.84166666666668,77.99520111083984,Severe,Moderate
2019-06-18 11:00:00,93.92930107526882,85.75345611572266,Severe,Moderate
2019-06-18 12:00:00,169.8156862745098,168.3932342529297,Severe,Severe
2019-06-18 13:00:00,156.16396396396397,153.06216430664062,Severe,Severe
2019-06-18 14:00:00,161.0706140350877,150.4593963623047,Severe,Severe
2019-06-18 15:00:00,175.05952380952382,173.4305419921875,Severe,Severe
2019-06-18 16:00:00,163.69114583333334,158.13914489746094,Severe,Severe
2019-06-18 17:00:00,225.4371212121212,198.92149353027344,Severe,Severe
2019-06-18 18:00:00,172.43819444444443,169.60174560546875,Severe,Severe
2019-06-18 19:00:00,128.2642543859649,122.5917739868164,Severe,Severe
2019-06-18 20:00:00,158.75743243243244,170.95584106445312,Severe,Severe
2019-06-18 21:00:00,172.29078947368419,169.24066162109375,Severe,Severe
2019-06-18 22:00:00,214.15833333333336,220.21908569335938,Severe,Severe
2019-06-18 23:00:00,231.68793103448274,225.9161834716797,Severe,Severe
2019-06-19 00:00:00,241.85833333333332,176.89222717285156,Severe,Severe
2019-06-19 01:00:00,160.0,147.74090576171875,Severe,Severe
2019-06-19 02:00:00,164.29242424242423,82.18743133544922,Severe,Moderate
2019-06-19 03:00:00,0.0,4.654569149017334,Normal,Normal
2019-06-19 04:00:00,139.209375,91.8859634399414,Severe,Severe
2019-06-19 05:00:00,0.20500000000000002,3.3789420127868652,Normal,Normal
2019-06-19 06:00:00,21.480000000000004,17.65247917175293,Moderate,Normal
2019-06-19 07:00:00,69.06145833333333,26.837865829467773,Moderate,Moderate
2019-06-19 08:00:00,25.490833333333335,21.92249298095703,Moderate,Moderate
2019-06-19 09:00:00,83.01439393939394,77.92090606689453,Moderate,Moderate
2019-06-19 10:00:00,105.36858974358975,98.42001342773438,Severe,Severe
2019-06-19 11:00:00,115.46290322580646,106.50904083251953,Severe,Severe
2019-06-19 12:00:00,141.57894736842107,141.02426147460938,Severe,Severe
2019-06-19 13:00:00,143.07948717948722,137.90467834472656,Severe,Severe
2019-06-19 14:00:00,181.33010752688173,179.34242248535156,Severe,Severe
2019-06-19 15:00:00,193.44195402298854,181.78988647460938,Severe,Severe
2019-06-19 16:00:00,132.50916666666666,123.68508911132812,Severe,Severe
2019-06-19 17:00:00,181.60880952380953,174.6582794189453,Severe,Severe
2019-06-19 18:00:00,156.56854166666668,155.6015625,Severe,Severe
2019-06-19 19:00:00,108.1626126126126,108.92865753173828,Severe,Severe
2019-06-19 20:00:00,176.09947916666667,174.953857421875,Severe,Severe
2019-06-19 21:00:00,185.92658730158732,179.53744506835938,Severe,Severe
2019-06-19 22:00:00,179.17104166666667,182.8008575439453,Severe,Severe
2019-06-19 23:00:00,254.81928571428574,246.2271270751953,Severe,Severe
2019-06-20 00:00:00,272.40777777777777,217.26290893554688,Severe,Severe
2019-06-20 01:00:00,102.85714285714286,85.36296844482422,Severe,Moderate
2019-06-20 02:00:00,105.23809523809526,97.2763671875,Severe,Severe
2019-06-20 03:00:00,180.0,132.10240173339844,Severe,Severe
2019-06-20 04:00:00,142.91410256410256,96.33370208740234,Severe,Severe
2019-06-20 05:00:00,45.0,35.41393280029297,Moderate,Moderate
2019-06-20 06:00:00,22.154687500000005,33.17753982543945,Moderate,Moderate
2019-06-20 07:00:00,44.208333333333336,44.204532623291016,Moderate,Moderate
2019-06-20 08:00:00,6.123529411764706,4.223906993865967,Normal,Normal
2019-06-20 09:00:00,96.94444444444444,90.29025268554688,Severe,Severe
2019-06-20 10:00:00,73.10544871794872,62.46732711791992,Moderate,Moderate
2019-06-20 11:00:00,112.58385416666667,105.12187957763672,Severe,Severe
2019-06-20 12:00:00,109.53181818181817,99.4655532836914,Severe,Severe
2019-06-20 13:00:00,128.42481060606062,114.44709014892578,Severe,Severe
2019-06-20 14:00:00,215.94114583333334,212.1949462890625,Severe,Severe
2019-06-20 15:00:00,205.501724137931,179.76206970214844,Severe,Severe
2019-06-20 16:00:00,151.7175,135.27310180664062,Severe,Severe
2019-06-20 17:00:00,194.91544117647058,176.85601806640625,Severe,Severe
2019-06-20 18:00:00,181.7239316239316,173.870361328125,Severe,Severe
2019-06-20 19:00:00,116.14018518518519,106.17990112304688,Severe,Severe
2019-06-20 20:00:00,140.41145833333331,142.13931274414062,Severe,Severe
2019-06-20 21:00:00,205.8201754385965,201.686767578125,Severe,Severe
2019-06-20 22:00:00,225.15576923076924,225.565673828125,Severe,Severe
2019-06-20 23:00:00,231.55324074074073,217.85247802734375,Severe,Severe
2019-06-21 00:00:00,231.79444444444445,204.43072509765625,Severe,Severe
2019-06-21 01:00:00,154.28571428571428,102.55303955078125,Severe,Severe
2019-06-21 02:00:00,93.61145833333333,94.46731567382812,Severe,Severe
2019-06-21 03:00:00,216.05333333333334,146.48422241210938,Severe,Severe
2019-06-21 04:00:00,53.6904761904762,38.88204574584961,Moderate,Moderate
2019-06-21 05:00:00,49.388888888888886,33.079715728759766,Moderate,Moderate
2019-06-21 06:00:00,6.423809523809524,2.28692364692688,Normal,Normal
2019-06-21 07:00:00,43.22254901960784,41.626312255859375,Moderate,Moderate
2019-06-21 08:00:00,4.4303921568627445,5.257404804229736,Normal,Normal
2019-06-21 09:00:00,108.51893939393939,91.56824493408203,Severe,Severe
2019-06-21 10:00:00,98.41577380952381,82.58556365966797,Severe,Moderate
2019-06-21 11:00:00,109.21580459770115,88.03130340576172,Severe,Moderate
2019-06-21 12:00:00,121.27500000000002,119.95206451416016,Severe,Severe
2019-06-21 13:00:00,129.74952380952382,118.89993286132812,Severe,Severe
2019-06-21 14:00:00,187.8,165.21348571777344,Severe,Severe
2019-06-21 15:00:00,148.5640804597701,143.1365203857422,Severe,Severe
2019-06-21 16:00:00,149.6051075268817,132.31674194335938,Severe,Severe
2019-06-21 17:00:00,177.64279279279282,157.42605590820312,Severe,Severe
2019-06-21 18:00:00,165.24814814814815,160.93093872070312,Severe,Severe
2019-06-21 19:00:00,92.4113425925926,88.8916015625,Severe,Moderate
2019-06-21 20:00:00,159.45856481481482,152.05874633789062,Severe,Severe
2019-06-21 21:00:00,228.7855855855856,225.7792205810547,Severe,Severe
2019-06-21 22:00:00,184.83979166666668,182.8601531982422,Severe,Severe
2019-06-21 23:00:00,256.34374999999994,245.38473510742188,Severe,Severe
2019-06-22 00:00:00,250.7138888888889,237.7592010498047,Severe,Severe
2019-06-22 01:00:00,120.0,52.63957595825195,Severe,Moderate
2019-06-22 02:00:00,63.43055555555555,62.82491683959961,Moderate,Moderate
2019-06-22 03:00:00,91.89583333333333,123.90682220458984,Severe,Severe
2019-06-22 04:00:00,142.38787878787878,90.68982696533203,Severe,Severe
2019-06-22 05:00:00,25.88823529411765,21.052047729492188,Moderate,Moderate
2019-06-22 06:00:00,24.81527777777778,24.53461456298828,Moderate,Moderate
2019-06-22 07:00:00,40.96228070175439,37.29429244995117,Moderate,Moderate
2019-06-22 08:00:00,29.85,29.35562515258789,Moderate,Moderate
2019-06-22 09:00:00,72.5371212121212,69.70275115966797,Moderate,Moderate
2019-06-22 10:00:00,62.096428571428575,59.03913116455078,Moderate,Moderate
2019-06-22 11:00:00,107.5725806451613,92.21851348876953,Severe,Severe
2019-06-22 12:00:00,162.09714285714284,142.5955352783203,Severe,Severe
2019-06-22 13:00:00,131.6407608695652,126.79712677001953,Severe,Severe
2019-06-22 14:00:00,188.67195121951218,172.15542602539062,Severe,Severe
2019-06-22 15:00:00,131.7738888888889,123.6864242553711,Severe,Severe
2019-06-22 16:00:00,148.49632352941177,141.02792358398438,Severe,Severe
2019-06-22 17:00:00,172.66690476190476,147.62820434570312,Severe,Severe
2019-06-22 18:00:00,198.5695075757575,187.24378967285156,Severe,Severe
2019-06-22 19:00:00,89.21062500000001,84.50348663330078,Moderate,Moderate
2019-06-22 20:00:00,160.6987373737374,157.8180694580078,Severe,Severe
2019-06-22 21:00:00,183.71458333333334,179.6133270263672,Severe,Severe
2019-06-22 22:00:00,182.17745098039214,184.39126586914062,Severe,Severe
2019-06-22 23:00:00,227.35476190476192,222.5717010498047,Severe,Severe
2019-06-23 00:00:00,227.96749999999997,210.1484832763672,Severe,Severe
2019-06-23 01:00:00,154.71388888888887,93.0162582397461,Severe,Severe
2019-06-23 02:00:00,230.7537878787879,176.31809997558594,Severe,Severe
2019-06-23 03:00:00,0.0,5.139983654022217,Normal,Normal
2019-06-23 04:00:00,64.64803921568627,67.02484893798828,Moderate,Moderate
2019-06-23 05:00:00,58.95128205128205,42.86614990234375,Moderate,Moderate
2019-06-23 06:00:00,22.25320512820513,21.006153106689453,Moderate,Moderate
2019-06-23 07:00:00,28.323076923076922,26.675996780395508,Moderate,Moderate
2019-06-23 08:00:00,10.579761904761906,2.8544504642486572,Normal,Normal
2019-06-23 09:00:00,95.66833333333334,91.6955337524414,Severe,Severe
2019-06-23 10:00:00,84.06631944444445,77.00027465820312,Moderate,Moderate
2019-06-23 11:00:00,106.17194444444445,94.76451873779297,Severe,Severe
2019-06-23 12:00:00,148.55049019607844,146.9729461669922,Severe,Severe
2019-06-23 13:00:00,131.2409523809524,113.85712432861328,Severe,Severe
2019-06-23 14:00:00,202.64611111111114,192.7357635498047,Severe,Severe
2019-06-23 15:00:00,173.25432098765432,174.35240173339844,Severe,Severe
2019-06-23 16:00:00,140.97660256410256,129.03334045410156,Severe,Severe
2019-06-23 17:00:00,166.19460784313725,155.49618530273438,Severe,Severe
2019-06-23 18:00:00,190.79144736842107,173.68585205078125,Severe,Severe
2019-06-23 19:00:00,164.1611111111111,158.1916046142578,Severe,Severe
2019-06-23 20:00:00,114.64285714285714,110.48590850830078,Severe,Severe
2019-06-23 21:00:00,203.01437499999997,197.2857666015625,Severe,Severe
2019-06-23 22:00:00,183.11764705882354,181.95567321777344,Severe,Severe
2019-06-23 23:00:00,267.6054054054054,251.11354064941406,Severe,Severe
2019-06-24 00:00:00,237.37555555555554,215.07772827148438,Severe,Severe
2019-06-24 01:00:00,252.0,178.7156219482422,Severe,Severe
2019-06-24 02:00:00,132.09358974358975,99.52340698242188,Severe,Severe
2019-06-24 03:00:00,121.92777777777779,77.57684326171875,Severe,Moderate
2019-06-24 04:00:00,74.16888888888889,42.9413948059082,Moderate,Moderate
2019-06-24 05:00:00,51.584920634920636,54.14082336425781,Moderate,Moderate
2019-06-24 06:00:00,23.634722222222226,15.777332305908203,Moderate,Normal
2019-06-24 07:00:00,51.42857142857143,50.40920639038086,Moderate,Moderate
2019-06-24 08:00:00,25.575,10.539484024047852,Moderate,Normal
2019-06-24 09:00:00,99.05873015873014,92.25416564941406,Severe,Severe
2019-06-24 10:00:00,81.61785714285716,71.66095733642578,Moderate,Moderate
2019-06-24 11:00:00,97.05722222222222,85.72489166259766,Severe,Moderate
2019-06-24 12:00:00,176.09696969696972,172.58706665039062,Severe,Severe
2019-06-24 13:00:00,146.95472222222222,139.18301391601562,Severe,Severe
2019-06-24 14:00:00,171.03055555555557,147.5703582763672,Severe,Severe
2019-06-24 15:00:00,202.330303030303,197.38792419433594,Severe,Severe
2019-06-24 16:00:00,150.24305555555554,135.635009765625,Severe,Severe
2019-06-24 17:00:00,186.16414141414143,170.55145263671875,Severe,Severe
2019-06-24 18:00:00,156.61833333333334,153.1737823486328,Severe,Severe
2019-06-24 19:00:00,111.95482456140353,108.91411590576172,Severe,Severe
2019-06-24 20:00:00,145.15902777777777,139.81201171875,Severe,Severe
2019-06-24 21:00:00,204.284009009009,203.83628845214844,Severe,Severe
2019-06-24 22:00:00,161.59013157894736,161.38742065429688,Severe,Severe
2019-06-24 23:00:00,262.694623655914,237.06829833984375,Severe,Severe
2019-06-25 00:00:00,266.275,242.8514404296875,Severe,Severe
2019-06-25 01:00:00,144.0,109.15757751464844,Severe,Severe
2019-06-25 02:00:00,202.79166666666666,178.47756958007812,Severe,Severe
2019-06-25 03:00:00,0.0,1.3681622743606567,Normal,Normal
2019-06-25 04:00:00,64.83076923076922,47.24061965942383,Moderate,Moderate
2019-06-25 05:00:00,57.772222222222226,22.050376892089844,Moderate,Moderate
2019-06-25 06:00:00,55.15833333333334,47.833221435546875,Moderate,Moderate
2019-06-25 07:00:00,46.050000000000004,38.209922790527344,Moderate,Moderate
2019-06-25 08:00:00,2.016666666666667,3.6911087036132812,Normal,Normal
2019-06-25 09:00:00,69.48625,65.05473327636719,Moderate,Moderate
2019-06-25 10:00:00,116.97934782608694,96.29114532470703,Severe,Severe
2019-06-25 11:00:00,104.69999999999999,98.19937133789062,Severe,Severe
2019-06-25 12:00:00,127.19950980392159,127.76414489746094,Severe,Severe
2019-06-25 13:00:00,136.25906862745097,133.0448455810547,Severe,Severe
2019-06-25 14:00:00,158.6476851851852,149.6957244873047,Severe,Severe
2019-06-25 15:00:00,217.19833333333332,216.2135772705078,Severe,Severe
2019-06-25 16:00:00,162.2858585858586,147.902587890625,Severe,Severe
2019-06-25 17:00:00,211.42361111111111,188.13510131835938,Severe,Severe
2019-06-25 18:00:00,191.80333333333334,184.88233947753906,Severe,Severe
2019-06-25 19:00:00,123.67659574468085,109.05913543701172,Severe,Severe
2019-06-25 20:00:00,164.80050505050505,156.30467224121094,Severe,Severe
2019-06-25 21:00:00,191.87222222222223,180.3660430908203,Severe,Severe
2019-06-25 22:00:00,181.3502314814815,182.09774780273438,Severe,Severe
2019-06-25 23:00:00,258.12828282828286,256.8523864746094,Severe,Severe
2019-06-26 00:00:00,266.40208333333334,180.77032470703125,Severe,Severe
2019-06-26 01:00:00,160.98333333333332,125.28359985351562,Severe,Severe
2019-06-26 02:00:00,46.18125,45.76630401611328,Moderate,Moderate
2019-06-26 03:00:00,182.10833333333335,126.09040832519531,Severe,Severe
2019-06-26 04:00:00,127.51333333333332,67.6122817993164,Severe,Moderate
2019-06-26 05:00:00,67.70555555555556,26.008865356445312,Moderate,Moderate
2019-06-26 06:00:00,19.507083333333334,21.556398391723633,Normal,Moderate
2019-06-26 07:00:00,43.84803921568628,21.210052490234375,Moderate,Moderate
2019-06-26 08:00:00,28.640476190476193,26.348678588867188,Moderate,Moderate
2019-06-26 09:00:00,67.99166666666666,63.30703353881836,Moderate,Moderate
2019-06-26 10:00:00,103.02654320987656,75.68058013916016,Severe,Moderate
2019-06-26 11:00:00,122.66171875,107.08120727539062,Severe,Severe
2019-06-26 12:00:00,143.7955128205128,151.86680603027344,Severe,Severe
2019-06-26 13:00:00,128.85128205128203,116.72588348388672,Severe,Severe
2019-06-26 14:00:00,200.7311827956989,192.63168334960938,Severe,Severe
2019-06-26 15:00:00,214.2987654320988,196.84771728515625,Severe,Severe
2019-06-26 16:00:00,160.99583333333334,155.60281372070312,Severe,Severe
2019-06-26 17:00:00,250.49666666666667,213.719970703125,Severe,Severe
2019-06-27 10:00:00,122.52708333333334,94.31239318847656,Severe,Severe
2019-06-27 11:00:00,100.01180555555555,86.93136596679688,Severe,Moderate
2019-06-27 12:00:00,122.49343434343433,121.17300415039062,Severe,Severe
2019-06-27 13:00:00,139.04192708333332,131.79469299316406,Severe,Severe
2019-06-27 14:00:00,173.71960784313725,163.29856872558594,Severe,Severe
2019-06-27 15:00:00,190.005,170.59417724609375,Severe,Severe
2019-06-27 16:00:00,130.63265765765763,111.0063705444336,Severe,Severe
2019-06-27 17:00:00,232.79629629629633,198.58290100097656,Severe,Severe
2019-06-27 18:00:00,189.90101010101012,183.85308837890625,Severe,Severe
2019-06-27 19:00:00,133.47538759689922,116.50491333007812,Severe,Severe
2019-06-27 20:00:00,117.46732456140349,97.63501739501953,Severe,Severe
2019-06-27 21:00:00,192.27407407407406,179.73204040527344,Severe,Severe
2019-06-27 22:00:00,198.89523809523808,201.09500122070312,Severe,Severe
2019-06-27 23:00:00,228.55482456140354,211.3046417236328,Severe,Severe
2019-06-28 00:00:00,243.2184210526316,201.37301635742188,Severe,Severe
2019-06-28 01:00:00,240.0,139.9487762451172,Severe,Severe
2019-06-28 02:00:00,91.946875,69.24903869628906,Severe,Moderate
2019-06-28 03:00:00,122.18333333333334,81.77888488769531,Severe,Moderate
2019-06-28 04:00:00,79.26372549019608,103.35826873779297,Moderate,Severe
2019-06-28 05:00:00,4.053205128205129,2.332418918609619,Normal,Normal
2019-06-28 06:00:00,35.52142857142857,19.973892211914062,Moderate,Normal
2019-06-28 07:00:00,83.58823529411765,31.626541137695312,Moderate,Moderate
2019-06-28 08:00:00,12.101587301587301,5.645778179168701,Normal,Normal
2019-06-28 09:00:00,84.1711111111111,77.99919128417969,Moderate,Moderate
2019-06-28 10:00:00,101.07391304347827,69.69417572021484,Severe,Moderate
2019-06-28 11:00:00,100.1295138888889,75.0781478881836,Severe,Moderate
2019-06-28 12:00:00,134.5373563218391,106.2022933959961,Severe,Severe
2019-06-28 13:00:00,166.49627192982453,145.81076049804688,Severe,Severe
2019-06-28 14:00:00,144.0748062015504,107.21281433105469,Severe,Severe
2019-06-28 15:00:00,180.92999999999998,160.61639404296875,Severe,Severe
2019-06-28 16:00:00,172.91776315789477,153.8243408203125,Severe,Severe
2019-06-28 17:00:00,222.11397849462367,194.55029296875,Severe,Severe
2019-06-28 18:00:00,180.27230392156864,156.718017578125,Severe,Severe
2019-06-28 19:00:00,207.0594086021505,183.46229553222656,Severe,Severe
2019-06-28 20:00:00,181.7032738095238,151.02978515625,Severe,Severe
2019-06-28 21:00:00,189.26333333333335,142.16148376464844,Severe,Severe
2019-06-28 22:00:00,192.35363247863248,157.81211853027344,Severe,Severe
2019-06-28 23:00:00,233.35347222222222,193.67677307128906,Severe,Severe
2019-06-29 00:00:00,271.74901960784314,187.62799072265625,Severe,Severe
2019-06-29 01:00:00,226.1833333333333,145.5433349609375,Severe,Severe
2019-06-29 02:00:00,115.6775641025641,105.60558319091797,Severe,Severe
2019-06-29 03:00:00,120.95,62.878028869628906,Severe,Moderate
2019-06-29 04:00:00,101.08750000000002,53.12174987792969,Severe,Moderate
2019-06-29 05:00:00,28.610937500000002,21.89306640625,Moderate,Moderate
2019-06-29 06:00:00,10.643627450980391,4.023344993591309,Normal,Normal
2019-06-29 07:00:00,71.45677083333334,45.116111755371094,Moderate,Moderate
2019-06-29 08:00:00,43.40869565217391,28.7498779296875,Moderate,Moderate
2019-06-29 09:00:00,71.30877192982456,78.48345947265625,Moderate,Moderate
2019-06-29 10:00:00,78.84583333333333,60.254554748535156,Moderate,Moderate
2019-06-29 11:00:00,106.05576923076924,79.02324676513672,Severe,Moderate
2019-06-29 12:00:00,158.23137254901962,140.45022583007812,Severe,Severe
2019-06-29 13:00:00,175.75488505747128,151.94387817382812,Severe,Severe
2019-06-29 14:00:00,125.49494949494948,112.92916870117188,Severe,Severe
2019-06-29 15:00:00,184.11770833333335,145.64276123046875,Severe,Severe
2019-06-29 16:00:00,167.355,152.67050170898438,Severe,Severe
2019-06-29 17:00:00,193.70000000000002,158.65814208984375,Severe,Severe
2019-06-29 18:00:00,197.17214285714286,174.44528198242188,Severe,Severe
2019-06-29 19:00:00,153.59338235294118,142.95123291015625,Severe,Severe
2019-06-29 20:00:00,141.82386363636365,134.64634704589844,Severe,Severe
2019-06-29 21:00:00,207.25656565656564,199.26683044433594,Severe,Severe
2019-06-29 22:00:00,205.80675675675676,187.67149353027344,Severe,Severe
2019-06-29 23:00:00,171.2081081081081,161.68565368652344,Severe,Severe
2019-07-01 00:00:00,277.5517543859649,217.69981384277344,Severe,Severe
2019-07-01 01:00:00,180.0,132.1280059814453,Severe,Severe
2019-07-01 02:00:00,107.25714285714285,104.19600677490234,Severe,Severe
2019-07-01 03:00:00,180.0,86.76505279541016,Severe,Moderate
2019-07-01 04:00:00,74.60000000000001,35.224918365478516,Moderate,Moderate
2019-07-01 05:00:00,104.66071428571429,76.81641387939453,Severe,Moderate
2019-07-01 06:00:00,68.85046296296296,37.50965118408203,Moderate,Moderate
2019-07-01 07:00:00,35.73222222222223,27.11474609375,Moderate,Moderate
2019-07-01 08:00:00,79.48245614035088,58.084293365478516,Moderate,Moderate
2019-07-01 09:00:00,84.93518518518519,62.75049591064453,Moderate,Moderate
2019-07-01 10:00:00,81.28302469135804,60.246219635009766,Moderate,Moderate
2019-07-01 11:00:00,94.04252873563219,76.50149536132812,Severe,Moderate
2019-07-01 12:00:00,139.83020833333336,116.74372100830078,Severe,Severe
2019-07-01 13:00:00,158.2488095238095,141.2009735107422,Severe,Severe
2019-07-01 14:00:00,182.2507575757576,160.3589324951172,Severe,Severe
2019-07-01 15:00:00,180.83995726495726,154.61322021484375,Severe,Severe
2019-07-01 16:00:00,187.39444444444447,174.59564208984375,Severe,Severe
2019-07-01 17:00:00,174.83680555555554,181.0189208984375,Severe,Severe
2019-07-01 18:00:00,200.84194444444444,178.2953338623047,Severe,Severe
2019-07-01 19:00:00,173.75087719298247,153.0912322998047,Severe,Severe
2019-07-01 20:00:00,119.93245614035088,101.8506851196289,Severe,Severe
2019-07-01 21:00:00,190.11041666666665,176.7365264892578,Severe,Severe
2019-07-01 22:00:00,216.03506944444447,209.2967071533203,Severe,Severe
2019-07-01 23:00:00,215.60243055555557,212.98284912109375,Severe,Severe
2019-07-02 00:00:00,55.4,40.56233596801758,Moderate,Moderate
2019-07-02 01:00:00,27.705952380952386,3.2930359840393066,Moderate,Normal
2019-07-02 02:00:00,74.48333333333335,4.97957706451416,Moderate,Normal
2019-07-02 03:00:00,19.85,2.143357992172241,Normal,Normal
2019-07-02 04:00:00,10.8,5.975998878479004,Normal,Normal
2019-07-02 05:00:00,22.466666666666665,0.8128193616867065,Moderate,Normal
2019-07-02 06:00:00,128.225,7.316738128662109,Severe,Normal
2019-07-02 07:00:00,40.394444444444446,10.772313117980957,Moderate,Normal
2019-07-02 08:00:00,223.01666666666665,110.35895538330078,Severe,Severe
2019-07-02 09:00:00,97.42592592592592,52.538475036621094,Severe,Moderate
2019-07-02 10:00:00,148.0455128205128,41.29283905029297,Severe,Moderate
2019-07-02 11:00:00,68.45098039215686,43.987003326416016,Moderate,Moderate
2019-07-02 12:00:00,176.57083333333335,64.2597885131836,Severe,Moderate
2019-07-02 13:00:00,219.41304347826082,154.9213409423828,Severe,Severe
2019-07-02 14:00:00,194.27894736842103,152.6369171142578,Severe,Severe
2019-07-02 15:00:00,172.20868055555556,70.0368423461914,Severe,Moderate
2019-07-02 16:00:00,224.07833333333335,117.69970703125,Severe,Severe
2019-07-02 17:00:00,211.9549019607843,157.23733520507812,Severe,Severe
2019-07-02 18:00:00,220.0246527777778,163.9486846923828,Severe,Severe
2019-07-02 19:00:00,196.46637931034482,160.2527618408203,Severe,Severe
2019-07-02 20:00:00,268.6931818181818,181.31491088867188,Severe,Severe
2019-07-02 21:00:00,201.80803571428575,174.9738311767578,Severe,Severe
2019-07-02 22:00:00,222.01083333333332,181.5030059814453,Severe,Severe
2019-07-02 23:00:00,173.747,123.29731750488281,Severe,Severe
2019-07-03 00:00:00,270.825,203.9178009033203,Severe,Severe
2019-07-03 01:00:00,122.4922619047619,66.47715759277344,Severe,Moderate
2019-07-03 02:00:00,95.22666666666667,66.709228515625,Severe,Moderate
2019-07-03 03:00:00,17.180555555555554,43.316097259521484,Normal,Moderate
2019-07-03 04:00:00,67.375,35.02606964111328,Moderate,Moderate
2019-07-03 05:00:00,60.17272727272727,38.072566986083984,Moderate,Moderate
2019-07-03 06:00:00,26.435119047619047,12.760965347290039,Moderate,Normal
2019-07-03 07:00:00,97.75595238095238,51.5693473815918,Severe,Moderate
2019-07-03 08:00:00,57.56111111111112,20.535919189453125,Moderate,Moderate
2019-07-03 09:00:00,125.31944444444446,45.90507125854492,Severe,Moderate
2019-07-03 10:00:00,54.70092592592593,45.76513671875,Moderate,Moderate
2019-07-03 11:00:00,76.40666666666667,51.74303436279297,Moderate,Moderate
2019-07-03 12:00:00,176.72536231884058,121.0448226928711,Severe,Severe
2019-07-03 13:00:00,167.2064516129032,131.5034942626953,Severe,Severe
2019-07-03 14:00:00,179.0704761904762,156.03700256347656,Severe,Severe
2019-07-03 15:00:00,200.4119047619048,191.21176147460938,Severe,Severe
2019-07-03 16:00:00,177.00201149425288,173.2667236328125,Severe,Severe
2019-07-03 17:00:00,166.928,149.0849609375,Severe,Severe
2019-07-03 18:00:00,173.09856321839078,159.92713928222656,Severe,Severe
2019-07-03 19:00:00,211.13279569892472,183.5612335205078,Severe,Severe
2019-07-03 20:00:00,187.7814814814815,170.1148223876953,Severe,Severe
2019-07-03 21:00:00,196.34714285714287,167.61410522460938,Severe,Severe
2019-07-03 22:00:00,225.61421568627452,208.66734313964844,Severe,Severe
2019-07-03 23:00:00,161.82528735632187,142.5554656982422,Severe,Severe
2019-07-04 00:00:00,139.98125,83.3275146484375,Severe,Moderate
2019-07-04 01:00:00,89.58472222222223,51.70560836791992,Moderate,Moderate
2019-07-04 02:00:00,52.10897435897436,39.76640319824219,Moderate,Moderate
2019-07-04 03:00:00,0.0,6.058135032653809,Normal,Normal
2019-07-04 04:00:00,51.343055555555566,39.35697937011719,Moderate,Moderate
2019-07-04 05:00:00,120.20833333333333,107.6412353515625,Severe,Severe
2019-07-04 06:00:00,30.16271929824561,9.915494918823242,Moderate,Normal
2019-07-04 07:00:00,69.42333333333333,57.42988204956055,Moderate,Moderate
2019-07-04 08:00:00,57.010937500000004,41.92272186279297,Moderate,Moderate
2019-07-04 09:00:00,115.55,64.30352020263672,Severe,Moderate
2019-07-04 10:00:00,69.39833333333334,64.40959167480469,Moderate,Moderate
2019-07-04 11:00:00,108.59523809523809,58.67204666137695,Severe,Moderate
2019-07-04 12:00:00,141.1170634920635,97.55680084228516,Severe,Severe
2019-07-04 13:00:00,128.51346153846154,116.12388610839844,Severe,Severe
2019-07-04 14:00:00,164.05833333333334,157.7438507080078,Severe,Severe
2019-07-04 15:00:00,200.28833333333336,153.7153778076172,Severe,Severe
2019-07-04 16:00:00,197.2729885057471,163.12158203125,Severe,Severe
2019-07-04 17:00:00,169.31089743589743,126.31623840332031,Severe,Severe
2019-07-04 18:00:00,214.46666666666667,191.21347045898438,Severe,Severe
2019-07-04 19:00:00,200.1427536231884,165.33233642578125,Severe,Severe
2019-07-04 20:00:00,169.4854938271605,137.33135986328125,Severe,Severe
2019-07-04 21:00:00,140.59469696969697,134.98353576660156,Severe,Severe
2019-07-04 22:00:00,252.308908045977,238.41610717773438,Severe,Severe
2019-07-04 23:00:00,194.90386904761905,188.83224487304688,Severe,Severe
2019-07-05 00:00:00,135.82500000000002,106.53660583496094,Severe,Severe
2019-07-05 01:00:00,135.05277777777778,94.06806182861328,Severe,Severe
2019-07-05 02:00:00,59.329861111111114,34.07172393798828,Moderate,Moderate
2019-07-05 03:00:00,11.348333333333333,6.231138229370117,Normal,Normal
2019-07-05 04:00:00,16.058333333333334,7.674378395080566,Normal,Normal
2019-07-05 05:00:00,44.707051282051275,28.885812759399414,Moderate,Moderate
2019-07-05 06:00:00,58.07007575757575,29.961713790893555,Moderate,Moderate
2019-07-05 07:00:00,54.35364583333333,48.11932373046875,Moderate,Moderate
2019-07-05 08:00:00,49.536111111111104,38.56020736694336,Moderate,Moderate
2019-07-05 09:00:00,34.94318181818182,26.908485412597656,Moderate,Moderate
2019-07-05 10:00:00,97.22862318840579,89.60292053222656,Severe,Moderate
2019-07-05 11:00:00,117.62083333333334,98.56207275390625,Severe,Severe
2019-07-05 12:00:00,181.7142156862745,173.21665954589844,Severe,Severe
2019-07-05 13:00:00,153.77592592592595,128.5882568359375,Severe,Severe
2019-07-05 14:00:00,166.57033333333334,158.60995483398438,Severe,Severe
2019-07-05 15:00:00,143.16911764705884,108.30440521240234,Severe,Severe
2019-07-05 16:00:00,194.985,193.35218811035156,Severe,Severe
2019-07-05 17:00:00,185.07573529411764,153.7816162109375,Severe,Severe
2019-07-05 18:00:00,242.72270114942532,217.71714782714844,Severe,Severe
2019-07-05 19:00:00,189.70701754385962,168.57322692871094,Severe,Severe
2019-07-05 20:00:00,157.579375,148.44386291503906,Severe,Severe
2019-07-05 21:00:00,184.02824074074076,163.07427978515625,Severe,Severe
2019-07-05 22:00:00,224.49421296296293,164.6254425048828,Severe,Severe
2019-07-05 23:00:00,247.1662037037037,233.7608184814453,Severe,Severe
2019-07-06 00:00:00,231.0844696969697,180.85557556152344,Severe,Severe
2019-07-06 01:00:00,145.4529761904762,113.14837646484375,Severe,Severe
2019-07-06 02:00:00,125.0,120.95966339111328,Severe,Severe
2019-07-06 03:00:00,125.31388888888888,74.24644470214844,Severe,Moderate
2019-07-06 04:00:00,144.6486111111111,115.47505950927734,Severe,Severe
2019-07-06 05:00:00,63.30885416666666,62.73918151855469,Moderate,Moderate
2019-07-06 06:00:00,48.32549019607843,10.615269660949707,Moderate,Normal
2019-07-06 07:00:00,91.42916666666667,48.260894775390625,Severe,Moderate
2019-07-06 14:00:00,165.32708333333332,179.38677978515625,Severe,Severe
2019-07-06 15:00:00,211.84264705882353,209.8666229248047,Severe,Severe
2019-07-06 16:00:00,180.3882882882883,175.98110961914062,Severe,Severe
2019-07-06 17:00:00,205.05479797979797,203.8595733642578,Severe,Severe
2019-07-06 18:00:00,206.86344086021504,187.69021606445312,Severe,Severe
2019-07-06 19:00:00,147.73425925925923,143.19473266601562,Severe,Severe
2019-07-06 20:00:00,159.2972972972973,136.5483856201172,Severe,Severe
2019-07-06 21:00:00,172.57443181818184,148.24888610839844,Severe,Severe
2019-07-06 22:00:00,215.16574074074072,219.19464111328125,Severe,Severe
2019-07-06 23:00:00,308.26444444444445,274.6120910644531,Severe,Severe
2019-07-07 00:00:00,160.59583333333333,137.79656982421875,Severe,Severe
2019-07-07 01:00:00,164.8451388888889,144.20057678222656,Severe,Severe
2019-07-07 02:00:00,83.22916666666666,56.86989974975586,Moderate,Moderate
2019-07-07 03:00:00,171.07999999999998,91.17851257324219,Severe,Severe
2019-07-07 04:00:00,107.93095238095238,92.4776840209961,Severe,Severe
2019-07-07 05:00:00,35.46666666666667,8.588951110839844,Moderate,Normal
2019-07-07 06:00:00,34.24074074074074,17.09705352783203,Moderate,Normal
2019-07-07 07:00:00,26.690625,26.01414680480957,Moderate,Moderate
2019-07-07 08:00:00,22.595454545454547,19.576555252075195,Moderate,Normal
2019-07-07 09:00:00,92.51842105263158,85.298828125,Severe,Moderate
2019-07-07 10:00:00,63.70277777777777,55.796836853027344,Moderate,Moderate
2019-07-07 11:00:00,113.32944444444442,87.02992248535156,Severe,Moderate
2019-07-07 12:00:00,157.04142857142855,146.7188262939453,Severe,Severe
2019-07-07 13:00:00,158.8375,148.50067138671875,Severe,Severe
2019-07-07 14:00:00,186.69594594594594,178.04440307617188,Severe,Severe
2019-07-07 15:00:00,205.74111111111108,202.69029235839844,Severe,Severe
2019-07-07 16:00:00,158.70982142857142,150.98475646972656,Severe,Severe
2019-07-07 17:00:00,181.995,169.44442749023438,Severe,Severe
2019-07-07 18:00:00,215.95527777777775,205.1869354248047,Severe,Severe
2019-07-07 19:00:00,144.6450396825397,143.2605743408203,Severe,Severe
2019-07-07 20:00:00,149.62777777777777,132.14501953125,Severe,Severe
2019-07-07 21:00:00,209.82020833333337,207.4158935546875,Severe,Severe
2019-07-07 22:00:00,218.73815789473682,214.23841857910156,Severe,Severe
2019-07-07 23:00:00,239.94298245614033,214.96774291992188,Severe,Severe
2019-07-08 00:00:00,268.06296296296296,215.17189025878906,Severe,Severe
2019-07-08 01:00:00,153.66666666666666,112.11922454833984,Severe,Severe
2019-07-08 02:00:00,121.73611111111111,112.35382080078125,Severe,Severe
2019-07-08 03:00:00,11.741666666666667,24.7831974029541,Normal,Moderate
2019-07-08 04:00:00,78.42333333333333,50.49349594116211,Moderate,Moderate
2019-07-08 05:00:00,26.005555555555553,13.06826114654541,Moderate,Normal
2019-07-08 06:00:00,31.480208333333337,15.847066879272461,Moderate,Normal
2019-07-08 07:00:00,58.64956140350878,45.696502685546875,Moderate,Moderate
2019-07-08 08:00:00,7.30111111111111,5.063987731933594,Normal,Normal
2019-07-08 09:00:00,117.95,78.38905334472656,Severe,Moderate
2019-07-08 10:00:00,112.05083333333334,94.81182861328125,Severe,Severe
2019-07-08 11:00:00,77.52199999999999,59.287437438964844,Moderate,Moderate
2019-07-08 12:00:00,132.3246913580247,114.88249969482422,Severe,Severe
2019-07-08 13:00:00,167.26451612903227,151.55364990234375,Severe,Severe
2019-07-08 14:00:00,211.66171875,199.9878692626953,Severe,Severe
2019-07-08 15:00:00,179.05575396825398,158.84327697753906,Severe,Severe
2019-07-08 16:00:00,158.54857142857142,153.84535217285156,Severe,Severe
2019-07-08 17:00:00,148.9557471264368,136.95277404785156,Severe,Severe
2019-07-08 18:00:00,207.1520202020202,191.53158569335938,Severe,Severe
2019-07-08 19:00:00,143.82134146341465,120.7821044921875,Severe,Severe
2019-07-08 20:00:00,208.107264957265,200.33055114746094,Severe,Severe
2019-07-08 21:00:00,160.0448717948718,150.0228729248047,Severe,Severe
2019-07-08 22:00:00,251.6290476190476,237.35519409179688,Severe,Severe
2019-07-08 23:00:00,214.77449494949494,201.03236389160156,Severe,Severe
2019-07-09 00:00:00,228.581884057971,190.78530883789062,Severe,Severe
2019-07-09 01:00:00,87.30666666666666,95.38700866699219,Moderate,Severe
2019-07-09 02:00:00,158.84345238095239,112.61486053466797,Severe,Severe
2019-07-09 03:00:00,102.659375,57.713836669921875,Severe,Moderate
2019-07-09 04:00:00,107.23030303030303,68.67371368408203,Severe,Moderate
2019-07-09 05:00:00,41.1775,40.39968490600586,Moderate,Moderate
2019-07-09 06:00:00,58.863690476190484,38.172828674316406,Moderate,Moderate
2019-07-09 07:00:00,64.92916666666667,48.99882888793945,Moderate,Moderate
2019-07-09 08:00:00,36.18703703703704,28.12215805053711,Moderate,Moderate
2019-07-09 09:00:00,77.10000000000001,62.43203353881836,Moderate,Moderate
2019-07-09 10:00:00,98.93173076923078,81.47037506103516,Severe,Moderate
2019-07-09 11:00:00,94.0703125,69.19546508789062,Severe,Moderate
2019-07-09 12:00:00,167.21714285714285,168.846923828125,Severe,Severe
2019-07-09 13:00:00,127.91911764705883,120.73351287841797,Severe,Severe
2019-07-09 14:00:00,165.7515625,159.85366821289062,Severe,Severe
2019-07-09 15:00:00,183.46881720430108,184.1837158203125,Severe,Severe
2019-07-09 16:00:00,160.28434343434347,156.1253662109375,Severe,Severe
2019-07-09 17:00:00,219.32298850574713,200.79833984375,Severe,Severe
2019-07-09 18:00:00,235.49570707070708,233.53060913085938,Severe,Severe
2019-07-09 19:00:00,134.2341085271318,123.68363952636719,Severe,Severe
2019-07-09 20:00:00,169.2077380952381,169.21145629882812,Severe,Severe
2019-07-09 21:00:00,184.84247967479672,190.22715759277344,Severe,Severe
2019-07-09 22:00:00,182.98400900900901,182.4707489013672,Severe,Severe
2019-07-09 23:00:00,226.92555555555555,205.81150817871094,Severe,Severe
2019-07-10 00:00:00,217.16666666666666,183.28321838378906,Severe,Severe
2019-07-10 01:00:00,102.85714285714286,80.07421875,Severe,Moderate
2019-07-10 02:00:00,180.0,115.22006225585938,Severe,Severe
2019-07-10 03:00:00,120.0,38.30732727050781,Severe,Moderate
2019-07-10 04:00:00,69.05833333333334,37.319923400878906,Moderate,Moderate
2019-07-10 05:00:00,61.068518518518516,35.56504821777344,Moderate,Moderate
2019-07-10 06:00:00,5.883333333333334,6.012662410736084,Normal,Normal
2019-07-10 07:00:00,68.478125,66.79852294921875,Moderate,Moderate
2019-07-10 08:00:00,28.0,26.069360733032227,Moderate,Moderate
2019-07-10 09:00:00,88.28174603174602,69.9351806640625,Moderate,Moderate
2019-07-10 10:00:00,74.09782608695652,75.29448699951172,Moderate,Moderate
2019-07-10 11:00:00,125.5155172413793,103.20394134521484,Severe,Severe
2019-07-10 12:00:00,124.13207070707071,111.4507827758789,Severe,Severe
2019-07-10 13:00:00,165.53803418803417,157.4913787841797,Severe,Severe
2019-07-10 14:00:00,187.49273504273506,171.517333984375,Severe,Severe
2019-07-10 15:00:00,158.27285714285716,153.26039123535156,Severe,Severe
2019-07-10 16:00:00,195.1875,194.4012908935547,Severe,Severe
2019-07-10 17:00:00,157.10416666666669,155.18711853027344,Severe,Severe
2019-07-10 18:00:00,175.73970588235292,166.1766815185547,Severe,Severe
2019-07-10 19:00:00,192.63205128205126,183.4217071533203,Severe,Severe
2019-07-10 20:00:00,137.74166666666667,118.83690643310547,Severe,Severe
2019-07-10 21:00:00,187.8275,170.98451232910156,Severe,Severe
2019-07-10 22:00:00,222.5425925925926,211.17832946777344,Severe,Severe
2019-07-10 23:00:00,189.9724537037037,189.76168823242188,Severe,Severe
2019-07-11 00:00:00,241.49635416666666,241.9656524658203,Severe,Severe
2019-07-11 01:00:00,165.4238888888889,104.86556243896484,Severe,Severe
2019-07-11 02:00:00,105.78397435897435,89.14537811279297,Severe,Moderate
2019-07-11 03:00:00,90.40625,5.602446556091309,Severe,Normal
2019-07-11 04:00:00,143.15151515151513,126.03504180908203,Severe,Severe
2019-07-11 05:00:00,111.85166666666666,104.8470230102539,Severe,Severe
2019-07-11 06:00:00,4.61875,5.2301435470581055,Normal,Normal
2019-07-11 07:00:00,106.06190476190476,86.12322235107422,Severe,Moderate
2019-07-11 08:00:00,42.858823529411765,24.239151000976562,Moderate,Moderate
2019-07-11 09:00:00,84.06666666666666,72.83609771728516,Moderate,Moderate
2019-07-11 10:00:00,73.40866666666666,54.295440673828125,Moderate,Moderate
2019-07-11 11:00:00,112.83035714285714,102.93452453613281,Severe,Severe
2019-07-11 12:00:00,108.53958333333333,87.40473937988281,Severe,Moderate
2019-07-11 13:00:00,173.68587962962962,156.76133728027344,Severe,Severe
2019-07-11 14:00:00,141.59942528735633,139.3267059326172,Severe,Severe
2019-07-11 15:00:00,143.91317204301075,144.02505493164062,Severe,Severe
2019-07-11 16:00:00,178.24166666666667,163.0623321533203,Severe,Severe
2019-07-11 17:00:00,225.31919191919192,219.6498260498047,Severe,Severe
2019-07-11 18:00:00,187.36929824561406,173.63253784179688,Severe,Severe
2019-07-11 19:00:00,159.6436403508772,149.24420166015625,Severe,Severe
2019-07-11 20:00:00,172.11395833333333,169.07174682617188,Severe,Severe
2019-07-11 21:00:00,184.79490740740738,187.2254180908203,Severe,Severe
2019-07-11 22:00:00,231.5497619047619,219.93328857421875,Severe,Severe
2019-07-11 23:00:00,171.3015765765766,177.2277374267578,Severe,Severe
2019-07-12 00:00:00,250.125,201.26382446289062,Severe,Severe
2019-07-12 01:00:00,98.871875,79.44805908203125,Severe,Moderate
2019-07-12 02:00:00,155.0142857142857,118.19496154785156,Severe,Severe
2019-07-12 03:00:00,18.711111111111112,4.3251051902771,Normal,Normal
2019-07-12 04:00:00,55.88888888888889,54.90216064453125,Moderate,Moderate
2019-07-12 05:00:00,59.92395833333334,31.016767501831055,Moderate,Moderate
2019-07-12 06:00:00,19.18458333333333,14.992485046386719,Normal,Normal
2019-07-12 07:00:00,61.88421052631579,44.87053298950195,Moderate,Moderate
2019-07-12 08:00:00,25.176984126984127,30.666513442993164,Moderate,Moderate
2019-07-12 09:00:00,89.36052631578949,75.63859558105469,Moderate,Moderate
2019-07-12 10:00:00,105.996875,93.97737884521484,Severe,Severe
2019-07-12 11:00:00,110.14805555555557,97.68441009521484,Severe,Severe
2019-07-12 12:00:00,119.58130630630633,100.91861724853516,Severe,Severe
2019-07-12 13:00:00,171.40922619047618,163.02676391601562,Severe,Severe
2019-07-12 14:00:00,182.1948412698413,173.3724822998047,Severe,Severe
2019-07-12 15:00:00,189.41348039215683,183.88221740722656,Severe,Severe
2019-07-12 16:00:00,169.2873873873874,157.59349060058594,Severe,Severe
2019-07-12 17:00:00,190.56599099099094,183.5471954345703,Severe,Severe
2019-07-12 18:00:00,194.37314814814815,194.53424072265625,Severe,Severe
2019-07-12 19:00:00,132.24700854700856,129.78884887695312,Severe,Severe
2019-07-12 20:00:00,137.2439393939394,128.6157684326172,Severe,Severe
2019-07-12 21:00:00,209.8310185185185,206.72633361816406,Severe,Severe
2019-07-12 22:00:00,191.6201388888889,192.66041564941406,Severe,Severe
2019-07-12 23:00:00,233.21666666666667,231.7993621826172,Severe,Severe
2019-07-13 00:00:00,244.06666666666666,209.814453125,Severe,Severe
2019-07-13 01:00:00,141.3857142857143,58.610931396484375,Severe,Moderate
2019-07-13 02:00:00,131.08257575757577,123.52867889404297,Severe,Severe
2019-07-13 03:00:00,67.2547619047619,59.970298767089844,Moderate,Moderate
2019-07-13 04:00:00,72.06212121212121,63.81315612792969,Moderate,Moderate
2019-07-13 05:00:00,41.0,36.18533706665039,Moderate,Moderate
2019-07-13 06:00:00,6.1627777777777775,3.0966360569000244,Normal,Normal
2019-07-13 07:00:00,69.29607843137255,52.23218536376953,Moderate,Moderate
2019-07-13 08:00:00,48.9968253968254,37.00061798095703,Moderate,Moderate
2019-07-13 09:00:00,68.22460317460317,66.8997802734375,Moderate,Moderate
2019-07-13 10:00:00,84.5653846153846,78.88727569580078,Moderate,Moderate
2019-07-13 11:00:00,104.35053763440861,90.14875030517578,Severe,Severe
2019-07-13 12:00:00,155.51538461538462,147.6497039794922,Severe,Severe
2019-07-13 13:00:00,147.72004504504505,147.13504028320312,Severe,Severe
2019-07-13 14:00:00,162.96380952380954,165.37921142578125,Severe,Severe
2019-07-13 15:00:00,171.0185185185185,142.6082763671875,Severe,Severe
2019-07-13 16:00:00,162.2267156862745,152.97097778320312,Severe,Severe
2019-07-13 17:00:00,199.989898989899,187.4563751220703,Severe,Severe
2019-07-13 18:00:00,205.0242424242424,202.350830078125,Severe,Severe
2019-07-13 19:00:00,119.77032520325204,114.67723083496094,Severe,Severe
2019-07-13 20:00:00,143.54211711711713,145.87002563476562,Severe,Severe
2019-07-13 21:00:00,207.8971544715447,209.2715606689453,Severe,Severe
2019-07-13 22:00:00,177.411875,169.183837890625,Severe,Severe
2019-07-13 23:00:00,212.93103448275866,194.40101623535156,Severe,Severe
2019-07-14 00:00:00,205.58550724637684,185.529296875,Severe,Severe
2019-07-14 01:00:00,90.0,41.44691467285156,Moderate,Moderate
2019-07-14 02:00:00,105.18571428571428,89.6088638305664,Severe,Moderate
2019-07-14 03:00:00,253.28333333333333,164.45338439941406,Severe,Severe
2019-07-14 04:00:00,60.485416666666666,63.97465133666992,Moderate,Moderate
2019-07-14 05:00:00,27.357777777777777,6.119778156280518,Moderate,Normal
2019-07-14 06:00:00,18.329761904761906,4.339186191558838,Normal,Normal
2019-07-14 07:00:00,42.95833333333333,41.482093811035156,Moderate,Moderate
2019-07-14 08:00:00,23.486363636363638,15.93053913116455,Moderate,Normal
2019-07-14 09:00:00,94.8768115942029,77.0328369140625,Severe,Moderate
2019-07-14 10:00:00,67.53055555555555,58.92529296875,Moderate,Moderate
2019-07-14 11:00:00,108.25172413793102,93.68766784667969,Severe,Severe
2019-07-14 12:00:00,183.89027777777778,173.0635528564453,Severe,Severe
2019-07-14 13:00:00,130.9585416666667,123.10820007324219,Severe,Severe
2019-07-14 14:00:00,179.10104166666667,181.17239379882812,Severe,Severe
2019-07-14 15:00:00,193.21960784313728,173.8538055419922,Severe,Severe
2019-07-14 16:00:00,150.75803571428574,150.74716186523438,Severe,Severe
2019-07-14 17:00:00,184.11145833333336,185.96047973632812,Severe,Severe
2019-07-14 18:00:00,139.54256756756757,137.61068725585938,Severe,Severe
2019-07-14 19:00:00,125.90583333333333,113.0206527709961,Severe,Severe
2019-07-14 20:00:00,139.88085585585586,141.30401611328125,Severe,Severe
2019-07-14 21:00:00,186.6344298245614,181.24681091308594,Severe,Severe
2019-07-14 22:00:00,206.84508547008548,211.5487060546875,Severe,Severe
2019-07-14 23:00:00,244.90599999999998,228.8411102294922,Severe,Severe
2019-07-15 00:00:00,219.86274509803923,202.92141723632812,Severe,Severe
2019-07-15 01:00:00,216.0,171.44227600097656,Severe,Severe
2019-07-15 02:00:00,162.2388888888889,131.22642517089844,Severe,Severe
2019-07-15 03:00:00,32.922222222222224,11.209673881530762,Moderate,Normal
2019-07-15 04:00:00,36.615,34.907894134521484,Moderate,Moderate
2019-07-15 05:00:00,57.53492063492064,46.05303192138672,Moderate,Moderate
2019-07-15 06:00:00,6.930357142857142,2.9517524242401123,Normal,Normal
2019-07-15 07:00:00,38.406862745098046,39.959449768066406,Moderate,Moderate
2019-07-15 08:00:00,61.45958333333333,49.12126922607422,Moderate,Moderate
2019-07-15 09:00:00,60.98083333333334,61.38587188720703,Moderate,Moderate
2019-07-15 10:00:00,79.16121794871795,63.363040924072266,Moderate,Moderate
2019-07-15 11:00:00,122.63390804597701,118.431640625,Severe,Severe
2019-07-15 12:00:00,158.48243243243243,153.3250274658203,Severe,Severe
2019-07-15 13:00:00,128.46734234234236,127.64945220947266,Severe,Severe
2019-07-15 14:00:00,141.9846153846154,130.23907470703125,Severe,Severe
2019-07-15 15:00:00,154.4969135802469,147.05909729003906,Severe,Severe
2019-07-15 16:00:00,159.07279411764708,152.6853790283203,Severe,Severe
2019-07-15 17:00:00,206.75571428571428,189.3925018310547,Severe,Severe
2019-07-15 18:00:00,195.99761904761903,193.93365478515625,Severe,Severe
2019-07-15 19:00:00,146.5632882882883,124.00849914550781,Severe,Severe
2019-07-15 20:00:00,160.96068376068374,146.79747009277344,Severe,Severe
2019-07-15 21:00:00,192.98910256410258,190.0463104248047,Severe,Severe
2019-07-15 23:00:00,231.95130208333333,226.11666870117188,Severe,Severe
2019-07-16 00:00:00,248.07000000000002,210.80783081054688,Severe,Severe
2019-07-16 01:00:00,174.59545454545457,120.26811218261719,Severe,Severe
2019-07-16 02:00:00,121.05902777777777,95.47795867919922,Severe,Severe
2019-07-16 03:00:00,240.0,194.37721252441406,Severe,Severe
2019-07-16 04:00:00,38.230000000000004,38.59482192993164,Moderate,Moderate
2019-07-16 05:00:00,25.46611111111111,25.41199493408203,Moderate,Moderate
2019-07-16 06:00:00,7.647619047619047,5.89760684967041,Normal,Normal
2019-07-16 07:00:00,64.17291666666667,60.93471145629883,Moderate,Moderate
2019-07-16 08:00:00,35.57061403508772,27.644460678100586,Moderate,Moderate
2019-07-16 09:00:00,86.353125,71.15485382080078,Moderate,Moderate
2019-07-16 10:00:00,57.38958333333333,41.44413757324219,Moderate,Moderate
2019-07-16 11:00:00,142.98225806451612,128.72471618652344,Severe,Severe
2019-07-16 12:00:00,106.26688596491228,101.64334106445312,Severe,Severe
2019-07-16 13:00:00,157.03055555555557,150.14796447753906,Severe,Severe
2019-07-16 14:00:00,142.63851351351354,143.3087615966797,Severe,Severe
2019-07-16 15:00:00,166.79666666666668,157.00357055664062,Severe,Severe
2019-07-16 16:00:00,179.70000000000002,157.50880432128906,Severe,Severe
2019-07-16 17:00:00,192.10245098039218,179.9860076904297,Severe,Severe
2019-07-16 18:00:00,166.61515151515152,161.78895568847656,Severe,Severe
2019-07-16 19:00:00,141.76008771929824,134.06320190429688,Severe,Severe
2019-07-16 20:00:00,163.6224537037037,137.83058166503906,Severe,Severe
2019-07-16 21:00:00,168.3792735042735,161.407958984375,Severe,Severe
2019-07-16 22:00:00,235.56323529411765,226.59205627441406,Severe,Severe
2019-07-16 23:00:00,226.23063725490195,204.58262634277344,Severe,Severe
2019-07-17 00:00:00,227.89736842105265,179.57528686523438,Severe,Severe
2019-07-17 01:00:00,180.0,140.30165100097656,Severe,Severe
2019-07-17 02:00:00,141.55833333333334,128.84190368652344,Severe,Severe
2019-07-17 03:00:00,144.0,99.35838317871094,Severe,Severe
2019-07-17 04:00:00,50.14222222222222,27.025211334228516,Moderate,Moderate
2019-07-17 05:00:00,25.505555555555556,23.74127960205078,Moderate,Moderate
2019-07-17 06:00:00,4.104487179487179,3.1472880840301514,Normal,Normal
2019-07-17 07:00:00,79.49696969696969,69.00361633300781,Moderate,Moderate
2019-07-17 08:00:00,25.443749999999998,36.3480224609375,Moderate,Moderate
2019-07-17 09:00:00,89.16851851851851,79.06686401367188,Moderate,Moderate
2019-07-17 10:00:00,88.20030864197531,75.6936264038086,Moderate,Moderate
2019-07-17 11:00:00,86.18437499999999,68.90895080566406,Moderate,Moderate
2019-07-17 12:00:00,146.20180180180185,140.1611785888672,Severe,Severe
2019-07-17 13:00:00,173.79259259259257,150.8506622314453,Severe,Severe
2019-07-17 14:00:00,169.35092592592594,143.6298828125,Severe,Severe
2019-07-17 15:00:00,212.60897435897434,210.65463256835938,Severe,Severe
2019-07-17 16:00:00,188.40732323232322,179.8121795654297,Severe,Severe
2019-07-17 17:00:00,151.8505747126437,140.91465759277344,Severe,Severe
2019-07-17 18:00:00,167.15766666666667,151.3047332763672,Severe,Severe
2019-07-17 19:00:00,146.71074561403512,138.8240509033203,Severe,Severe
2019-07-17 20:00:00,153.4139705882353,143.96519470214844,Severe,Severe
2019-07-17 21:00:00,186.74583333333334,180.28073120117188,Severe,Severe
2019-07-17 22:00:00,215.11734234234237,210.2824249267578,Severe,Severe
2019-07-17 23:00:00,235.22401960784313,225.6231231689453,Severe,Severe
2019-07-18 00:00:00,191.10566666666665,177.20347595214844,Severe,Severe
2019-07-18 01:00:00,160.0,112.47490692138672,Severe,Severe
2019-07-18 02:00:00,135.56742424242427,118.71271514892578,Severe,Severe
2019-07-18 03:00:00,60.0,30.225881576538086,Moderate,Moderate
2019-07-18 04:00:00,92.48846153846154,92.00206756591797,Severe,Severe
2019-07-18 05:00:00,61.830555555555556,56.966094970703125,Moderate,Moderate
2019-07-18 06:00:00,49.722619047619055,45.777103424072266,Moderate,Moderate
2019-07-18 07:00:00,49.826666666666675,36.10059356689453,Moderate,Moderate
2019-07-18 08:00:00,60.26865079365079,35.41374969482422,Moderate,Moderate
2019-07-18 09:00:00,100.70396825396826,66.82221221923828,Severe,Moderate
2019-07-18 10:00:00,103.78695652173913,87.94708251953125,Severe,Moderate
2019-07-18 11:00:00,110.53383838383837,71.81803894042969,Severe,Moderate
2019-07-18 12:00:00,150.74848484848485,143.2838897705078,Severe,Severe
2019-07-18 13:00:00,136.25170940170943,133.1009979248047,Severe,Severe
2019-07-18 14:00:00,193.98697916666666,191.887939453125,Severe,Severe
2019-07-18 15:00:00,165.26357142857142,148.729248046875,Severe,Severe
2019-07-18 16:00:00,140.60299999999998,134.29055786132812,Severe,Severe
2019-07-18 17:00:00,198.54677419354834,183.54685974121094,Severe,Severe
2019-07-18 18:00:00,201.44144736842105,192.19471740722656,Severe,Severe
2019-07-18 19:00:00,130.53449074074072,125.99433135986328,Severe,Severe
2019-07-18 20:00:00,157.6660569105691,148.47946166992188,Severe,Severe
2019-07-18 21:00:00,221.26764705882354,215.526611328125,Severe,Severe
2019-07-18 22:00:00,203.28963414634146,192.44943237304688,Severe,Severe
2019-07-18 23:00:00,204.85220588235296,195.64614868164062,Severe,Severe
2019-07-19 00:00:00,190.8677777777778,156.55560302734375,Severe,Severe
2019-07-19 01:00:00,135.61770833333333,100.88687133789062,Severe,Severe
2019-07-19 02:00:00,106.67348484848485,96.47588348388672,Severe,Severe
2019-07-19 03:00:00,180.0,121.99242401123047,Severe,Severe
2019-07-19 04:00:00,102.97878787878788,82.24401092529297,Severe,Moderate
2019-07-19 05:00:00,22.34351851851852,19.35559844970703,Moderate,Normal
2019-07-19 06:00:00,19.128125,18.781259536743164,Normal,Normal
2019-07-19 07:00:00,53.7531746031746,49.65447235107422,Moderate,Moderate
2019-07-19 08:00:00,30.070614035087722,20.596004486083984,Moderate,Moderate
2019-07-19 09:00:00,69.09927536231883,68.1652603149414,Moderate,Moderate
2019-07-19 10:00:00,118.81466666666665,114.79087829589844,Severe,Severe
2019-07-19 11:00:00,95.16913580246913,84.7923355102539,Severe,Moderate
2019-07-19 12:00:00,155.77132352941177,148.1369171142578,Severe,Severe
2019-07-19 13:00:00,141.5363095238095,134.7872314453125,Severe,Severe
2019-07-19 14:00:00,165.04854166666667,159.4666290283203,Severe,Severe
2019-07-19 15:00:00,170.14772727272728,129.309326171875,Severe,Severe
2019-07-19 16:00:00,162.76846846846848,157.35923767089844,Severe,Severe
2019-07-19 17:00:00,130.0609195402299,106.04386138916016,Severe,Severe
2019-07-19 18:00:00,183.33726851851853,171.80128479003906,Severe,Severe
2019-07-19 19:00:00,168.99144144144142,155.7009735107422,Severe,Severe
2019-07-19 20:00:00,150.39699074074073,143.34144592285156,Severe,Severe
2019-07-19 21:00:00,203.4019379844961,194.90248107910156,Severe,Severe
2019-07-19 22:00:00,190.40254629629632,176.67764282226562,Severe,Severe
2019-07-19 23:00:00,215.9785984848485,199.6277313232422,Severe,Severe
2019-07-20 00:00:00,218.2561403508772,186.24288940429688,Severe,Severe
2019-07-20 01:00:00,160.0,122.74735260009766,Severe,Severe
2019-07-20 02:00:00,133.48106060606062,114.21031951904297,Severe,Severe
2019-07-20 03:00:00,64.75833333333334,77.39708709716797,Moderate,Moderate
2019-07-20 04:00:00,81.76071428571429,66.21755981445312,Moderate,Moderate
2019-07-20 05:00:00,75.01708333333335,41.10288619995117,Moderate,Moderate
2019-07-20 06:00:00,49.657738095238095,46.05087661743164,Moderate,Moderate
2019-07-20 07:00:00,37.28611111111111,34.00322341918945,Moderate,Moderate
2019-07-20 08:00:00,62.95757575757575,48.107723236083984,Moderate,Moderate
2019-07-20 09:00:00,82.18412698412699,79.63126373291016,Moderate,Moderate
2019-07-20 10:00:00,96.62200000000001,89.46034240722656,Severe,Moderate
2019-07-20 11:00:00,103.75,95.03755950927734,Severe,Severe
2019-07-20 12:00:00,172.39802631578945,167.01901245117188,Severe,Severe
2019-07-20 13:00:00,112.26559829059829,110.2656478881836,Severe,Severe
2019-07-20 14:00:00,182.81791666666666,178.82662963867188,Severe,Severe
2019-07-20 15:00:00,142.95190476190476,134.91197204589844,Severe,Severe
2019-07-20 16:00:00,207.9830459770115,193.69528198242188,Severe,Severe
2019-07-20 17:00:00,210.49005376344087,197.76229858398438,Severe,Severe
2019-07-20 18:00:00,152.9328828828829,136.17701721191406,Severe,Severe
2019-07-20 19:00:00,119.45416666666665,114.1283950805664,Severe,Severe
2019-07-20 20:00:00,161.55857142857147,147.8207244873047,Severe,Severe
2019-07-20 21:00:00,205.59024390243906,189.87478637695312,Severe,Severe
2019-07-20 22:00:00,210.59594594594594,197.07839965820312,Severe,Severe
2019-07-20 23:00:00,195.7480769230769,187.27304077148438,Severe,Severe
2019-07-21 00:00:00,233.6583333333333,209.73544311523438,Severe,Severe
2019-07-21 01:00:00,216.0,150.07362365722656,Severe,Severe
2019-07-21 02:00:00,86.01602564102564,62.41633987426758,Moderate,Moderate
2019-07-21 03:00:00,240.75555555555556,196.284912109375,Severe,Severe
2019-07-21 04:00:00,103.97500000000001,91.535888671875,Severe,Severe
2019-07-21 05:00:00,27.045,7.045453071594238,Moderate,Normal
2019-07-21 06:00:00,22.486666666666668,14.31926155090332,Moderate,Normal
2019-07-21 07:00:00,56.18205128205128,27.531883239746094,Moderate,Moderate
2019-07-21 08:00:00,39.367063492063494,32.04121398925781,Moderate,Moderate
2019-07-21 09:00:00,96.25083333333333,89.25293731689453,Severe,Moderate
2019-07-21 10:00:00,88.05805555555555,83.89099884033203,Moderate,Moderate
2019-07-21 11:00:00,124.60353535353534,106.0775146484375,Severe,Severe
2019-07-21 12:00:00,156.12447916666667,153.97802734375,Severe,Severe
2019-07-21 13:00:00,130.48921568627452,126.93333435058594,Severe,Severe
2019-07-21 14:00:00,179.2865740740741,170.2499237060547,Severe,Severe
2019-07-21 15:00:00,179.36102150537633,163.6995391845703,Severe,Severe
2019-07-21 16:00:00,156.3849537037037,152.86903381347656,Severe,Severe
2019-07-21 17:00:00,167.36136363636365,139.3538818359375,Severe,Severe
2019-07-21 18:00:00,174.2891891891892,169.45553588867188,Severe,Severe
2019-07-21 19:00:00,114.62395833333335,99.8956298828125,Severe,Severe
2019-07-21 20:00:00,148.62032520325204,146.21730041503906,Severe,Severe
2019-07-21 21:00:00,191.86481481481482,190.45724487304688,Severe,Severe
2019-07-21 22:00:00,234.77166666666668,216.4618377685547,Severe,Severe
2019-07-21 23:00:00,206.04429824561404,193.8125762939453,Severe,Severe
2019-07-22 00:00:00,232.57555555555558,189.16294860839844,Severe,Severe
2019-07-22 01:00:00,240.0,186.2024383544922,Severe,Severe
2019-07-22 02:00:00,143.1439393939394,102.52243041992188,Severe,Severe
2019-07-22 03:00:00,241.1833333333333,177.0173797607422,Severe,Severe
2019-07-22 04:00:00,65.5763888888889,41.82172775268555,Moderate,Moderate
2019-07-22 05:00:00,55.38461538461539,46.739723205566406,Moderate,Moderate
2019-07-22 06:00:00,22.544117647058822,22.11855125427246,Moderate,Moderate
2019-07-22 07:00:00,108.18583333333333,82.69255828857422,Severe,Moderate
2019-07-22 08:00:00,43.91078431372549,20.88458251953125,Moderate,Moderate
2019-07-22 09:00:00,74.1595238095238,61.32415008544922,Moderate,Moderate
2019-07-22 10:00:00,96.28229166666665,79.78600311279297,Severe,Moderate
2019-07-22 11:00:00,122.12716049382716,119.13457489013672,Severe,Severe
2019-07-22 12:00:00,156.05761904761906,151.52346801757812,Severe,Severe
2019-07-22 13:00:00,164.1497311827957,142.94981384277344,Severe,Severe
2019-07-22 14:00:00,136.73833333333332,116.3960952758789,Severe,Severe
2019-07-22 15:00:00,145.35160256410256,133.37425231933594,Severe,Severe
2019-07-22 16:00:00,155.38048245614036,139.59683227539062,Severe,Severe
2019-07-22 17:00:00,223.34190476190477,200.5042266845703,Severe,Severe
2019-07-22 18:00:00,180.53793859649122,167.3258056640625,Severe,Severe
2019-07-22 19:00:00,116.17697368421054,110.3977279663086,Severe,Severe
2019-07-22 20:00:00,141.12404761904764,119.54298400878906,Severe,Severe
2019-07-22 21:00:00,214.14649122807018,191.4830780029297,Severe,Severe
2019-07-22 22:00:00,202.9298611111111,190.05007934570312,Severe,Severe
2019-07-22 23:00:00,229.2311274509804,215.73684692382812,Severe,Severe
2019-07-23 00:00:00,269.35791666666665,208.91116333007812,Severe,Severe
2019-07-23 01:00:00,142.9102564102564,123.04769134521484,Severe,Severe
2019-07-23 02:00:00,163.76515151515153,130.35450744628906,Severe,Severe
2019-07-23 03:00:00,3.895833333333333,52.58165740966797,Normal,Moderate
2019-07-23 04:00:00,69.0848484848485,60.618995666503906,Moderate,Moderate
2019-07-23 05:00:00,2.5743589743589745,2.069577932357788,Normal,Normal
2019-07-23 06:00:00,34.21805555555556,21.808929443359375,Moderate,Moderate
2019-07-23 07:00:00,70.69880952380952,66.02075958251953,Moderate,Moderate
2019-07-23 08:00:00,31.856060606060602,18.472942352294922,Moderate,Normal
2019-07-23 09:00:00,72.7969696969697,64.87012481689453,Moderate,Moderate
2019-07-23 10:00:00,86.04754901960784,61.76628494262695,Moderate,Moderate
2019-07-23 11:00:00,121.40166666666669,120.2744369506836,Severe,Severe
2019-07-23 12:00:00,116.58866666666667,109.71693420410156,Severe,Severe
2019-07-23 13:00:00,177.76233333333334,163.24241638183594,Severe,Severe
2019-07-23 14:00:00,130.6892156862745,123.93316650390625,Severe,Severe
2019-07-23 15:00:00,198.22571428571428,186.4069061279297,Severe,Severe
2019-07-23 16:00:00,166.75520833333331,153.98707580566406,Severe,Severe
2019-07-23 17:00:00,228.44212962962968,204.68484497070312,Severe,Severe
2019-07-23 18:00:00,188.94520202020203,186.378662109375,Severe,Severe
2019-07-23 19:00:00,115.2404761904762,112.09039306640625,Severe,Severe
2019-07-23 20:00:00,163.84797979797978,155.9422149658203,Severe,Severe
2019-07-23 21:00:00,173.98354166666667,161.1383819580078,Severe,Severe
2019-07-23 22:00:00,229.56833333333333,221.14993286132812,Severe,Severe
2019-07-23 23:00:00,193.16458333333333,189.79409790039062,Severe,Severe
2019-07-24 00:00:00,249.29895833333333,214.93408203125,Severe,Severe
2019-07-24 01:00:00,162.01574074074074,114.01039123535156,Severe,Severe
2019-07-24 02:00:00,160.1287037037037,71.69131469726562,Severe,Moderate
2019-07-24 03:00:00,121.87777777777778,84.52457427978516,Severe,Moderate
2019-07-24 04:00:00,62.35476190476191,44.06012725830078,Moderate,Moderate
2019-07-24 05:00:00,1.4833333333333334,16.649906158447266,Normal,Normal
2019-07-24 06:00:00,9.401666666666666,4.852778434753418,Normal,Normal
2019-07-24 07:00:00,78.43452380952381,61.22299575805664,Moderate,Moderate
2019-07-24 08:00:00,50.83240740740741,25.43952751159668,Moderate,Moderate
2019-07-24 09:00:00,83.42450980392157,64.50054931640625,Moderate,Moderate
2019-07-24 10:00:00,92.654012345679,70.47242736816406,Severe,Moderate
2019-07-24 11:00:00,111.83933333333334,90.49351501464844,Severe,Severe
2019-07-24 12:00:00,150.13560606060608,122.67918395996094,Severe,Severe
2019-07-24 13:00:00,185.23969298245612,161.7790069580078,Severe,Severe
2019-07-24 14:00:00,193.2151515151515,168.33273315429688,Severe,Severe
2019-07-24 15:00:00,147.30263157894737,138.61727905273438,Severe,Severe
2019-07-24 16:00:00,201.93799019607846,177.87814331054688,Severe,Severe
2019-07-24 17:00:00,163.40416666666667,135.247802734375,Severe,Severe
2019-07-24 18:00:00,189.1196428571428,177.0052032470703,Severe,Severe
2019-07-24 19:00:00,164.87916666666666,136.41001892089844,Severe,Severe
2019-07-24 20:00:00,132.63581081081082,100.77630615234375,Severe,Severe
2019-07-24 21:00:00,174.9963963963964,168.0391082763672,Severe,Severe
2019-07-24 22:00:00,215.98252032520324,201.01576232910156,Severe,Severe
2019-07-24 23:00:00,224.01062499999998,206.3706817626953,Severe,Severe
2019-07-25 00:00:00,233.99019607843135,209.15138244628906,Severe,Severe
2019-07-25 01:00:00,149.73499999999999,115.7265625,Severe,Severe
2019-07-25 02:00:00,134.27348484848483,100.90815734863281,Severe,Severe
2019-07-25 03:00:00,6.4,98.17439270019531,Normal,Severe
2019-07-25 04:00:00,102.55757575757575,48.99128723144531,Severe,Moderate
2019-07-25 05:00:00,41.94761904761905,25.044775009155273,Moderate,Moderate
2019-07-25 06:00:00,18.269166666666667,6.331905841827393,Normal,Normal
2019-07-25 07:00:00,63.76739130434783,59.86750411987305,Moderate,Moderate
2019-07-25 08:00:00,20.288541666666667,6.318970680236816,Moderate,Normal
2019-07-25 09:00:00,87.35625,66.7199478149414,Moderate,Moderate
2019-07-25 10:00:00,83.30096153846154,73.10833740234375,Moderate,Moderate
2019-07-25 11:00:00,98.94880952380952,80.46283721923828,Severe,Moderate
2019-07-25 12:00:00,157.5575,138.91543579101562,Severe,Severe
2019-07-25 13:00:00,181.72070707070708,176.5089874267578,Severe,Severe
2019-07-25 14:00:00,133.02,119.56163787841797,Severe,Severe
2019-07-25 15:00:00,173.4311904761905,143.11241149902344,Severe,Severe
2019-07-25 16:00:00,168.2309139784946,152.44625854492188,Severe,Severe
2019-07-25 17:00:00,220.94850427350428,203.7364959716797,Severe,Severe
2019-07-25 18:00:00,183.09537037037038,177.51226806640625,Severe,Severe
2019-07-25 19:00:00,155.0421052631579,151.2479705810547,Severe,Severe
2019-07-25 20:00:00,128.81203703703707,113.98540496826172,Severe,Severe
2019-07-25 21:00:00,185.13171296296298,159.40170288085938,Severe,Severe
2019-07-25 22:00:00,231.3125,222.5276336669922,Severe,Severe
2019-07-25 23:00:00,210.24681372549023,200.66546630859375,Severe,Severe
2019-07-26 00:00:00,232.84833333333336,211.6039581298828,Severe,Severe
2019-07-26 01:00:00,155.11666666666667,153.23721313476562,Severe,Severe
2019-07-26 02:00:00,135.63869047619048,83.17301940917969,Severe,Moderate
2019-07-26 03:00:00,31.61666666666667,83.31208038330078,Moderate,Moderate
2019-07-26 04:00:00,76.60888888888888,45.97571563720703,Moderate,Moderate
2019-07-26 05:00:00,29.429487179487182,27.11906623840332,Moderate,Moderate
2019-07-26 06:00:00,24.97892156862745,17.600509643554688,Moderate,Normal
2019-07-26 07:00:00,25.688888888888886,24.440210342407227,Moderate,Moderate
2019-07-26 08:00:00,35.635000000000005,26.887699127197266,Moderate,Moderate
2019-07-26 09:00:00,54.04791666666666,42.6673469543457,Moderate,Moderate
2019-07-26 10:00:00,105.38260869565218,96.74427795410156,Severe,Severe
2019-07-26 11:00:00,138.0076388888889,118.29756927490234,Severe,Severe
2019-07-26 12:00:00,125.3967261904762,116.1404037475586,Severe,Severe
2019-07-26 13:00:00,193.05541666666667,164.9637451171875,Severe,Severe
2019-07-26 14:00:00,153.64666666666668,141.84881591796875,Severe,Severe
2019-07-26 15:00:00,151.31130952380954,138.24948120117188,Severe,Severe
2019-07-26 16:00:00,169.83518518518517,157.79071044921875,Severe,Severe
2019-07-26 17:00:00,162.35645161290321,133.7836151123047,Severe,Severe
2019-07-26 18:00:00,189.07023809523812,169.59030151367188,Severe,Severe
2019-07-26 19:00:00,171.0991666666667,132.44729614257812,Severe,Severe
2019-07-26 20:00:00,153.94511494252873,121.03469848632812,Severe,Severe
2019-07-26 21:00:00,274.49647435897435,257.2855224609375,Severe,Severe
2019-07-26 22:00:00,206.57777777777775,185.89561462402344,Severe,Severe
2019-07-26 23:00:00,248.00645161290322,215.90721130371094,Severe,Severe
2019-07-27 00:00:00,264.6478070175438,173.54598999023438,Severe,Severe
2019-07-27 01:00:00,204.87738095238095,134.75613403320312,Severe,Severe
2019-07-27 02:00:00,158.6486842105263,96.75067138671875,Severe,Severe
2019-07-27 03:00:00,114.78194444444443,77.25672149658203,Severe,Moderate
2019-07-27 04:00:00,82.56964285714285,55.098411560058594,Moderate,Moderate
2019-07-27 05:00:00,68.81833333333333,33.203792572021484,Moderate,Moderate
2019-07-27 06:00:00,80.5851851851852,47.25870895385742,Moderate,Moderate
2019-07-27 07:00:00,71.34666666666666,28.3188419342041,Moderate,Moderate
2019-07-27 08:00:00,57.152499999999996,28.569576263427734,Moderate,Moderate
2019-07-27 09:00:00,96.17916666666666,60.79751205444336,Severe,Moderate
2019-07-27 10:00:00,90.99047619047619,65.6771011352539,Severe,Moderate
2019-07-27 11:00:00,111.01701388888887,88.5171127319336,Severe,Moderate
2019-07-27 12:00:00,145.22972222222222,115.62361907958984,Severe,Severe
2019-07-27 13:00:00,174.54207317073173,151.11073303222656,Severe,Severe
2019-07-27 14:00:00,191.11077235772356,166.84078979492188,Severe,Severe
2019-07-27 15:00:00,142.8,117.52731323242188,Severe,Severe
2019-07-27 16:00:00,164.58941441441442,149.86260986328125,Severe,Severe
2019-07-27 17:00:00,172.31619047619049,145.8103485107422,Severe,Severe
2019-07-27 18:00:00,211.73897849462364,195.24363708496094,Severe,Severe
2019-07-27 19:00:00,185.57763157894738,169.9415283203125,Severe,Severe
2019-07-27 20:00:00,161.97222222222217,136.08558654785156,Severe,Severe
2019-07-27 21:00:00,172.04342105263157,145.8424835205078,Severe,Severe
2019-07-27 22:00:00,220.05726495726498,209.12741088867188,Severe,Severe
2019-07-27 23:00:00,195.1953703703704,178.48316955566406,Severe,Severe
2019-07-28 00:00:00,198.47368421052633,159.28358459472656,Severe,Severe
2019-07-28 01:00:00,219.5648148148148,172.8494873046875,Severe,Severe
2019-07-28 02:00:00,111.1171875,102.6805191040039,Severe,Severe
2019-07-28 03:00:00,93.9125,77.92119598388672,Severe,Moderate
2019-07-28 04:00:00,115.51746031746032,98.19114685058594,Severe,Severe
2019-07-28 05:00:00,14.752222222222223,2.1130640506744385,Normal,Normal
2019-07-28 06:00:00,32.188235294117646,23.550199508666992,Moderate,Moderate
2019-07-28 07:00:00,59.41111111111112,40.47565460205078,Moderate,Moderate
2019-07-28 08:00:00,3.9156250000000004,4.172079086303711,Normal,Normal
2019-07-28 09:00:00,75.65238095238095,63.38779830932617,Moderate,Moderate
2019-07-28 10:00:00,82.44933333333333,78.7004623413086,Moderate,Moderate
2019-07-28 11:00:00,102.95208333333335,95.00372314453125,Severe,Severe
2019-07-28 12:00:00,141.3264705882353,128.2193603515625,Severe,Severe
2019-07-28 13:00:00,150.7248015873016,142.5869903564453,Severe,Severe
2019-07-28 14:00:00,217.90942982456144,217.6656036376953,Severe,Severe
2019-07-28 15:00:00,171.8045238095238,153.9990692138672,Severe,Severe
2019-07-28 16:00:00,131.63357142857143,127.1526107788086,Severe,Severe
2019-07-28 17:00:00,190.22860360360357,178.0155487060547,Severe,Severe
2019-07-28 18:00:00,178.60095238095238,178.71775817871094,Severe,Severe
2019-07-28 19:00:00,118.30528455284555,118.78827667236328,Severe,Severe
2019-07-28 20:00:00,157.49920634920633,141.7091522216797,Severe,Severe
2019-07-28 21:00:00,194.96880952380954,187.74423217773438,Severe,Severe
2019-07-28 22:00:00,181.9421052631579,182.2585906982422,Severe,Severe
2019-07-28 23:00:00,255.1564285714286,248.33802795410156,Severe,Severe
2019-07-29 00:00:00,198.92666666666668,172.98011779785156,Severe,Severe
2019-07-29 01:00:00,221.50416666666666,140.54592895507812,Severe,Severe
2019-07-29 02:00:00,155.20119047619048,102.75045013427734,Severe,Severe
2019-07-29 03:00:00,181.99166666666667,46.028541564941406,Severe,Moderate
2019-07-29 04:00:00,37.29555555555556,33.13801193237305,Moderate,Moderate
2019-07-29 05:00:00,77.73333333333333,68.36505126953125,Moderate,Moderate
2019-07-29 06:00:00,24.297777777777778,21.45253562927246,Moderate,Moderate
2019-07-29 07:00:00,41.097500000000004,31.959203720092773,Moderate,Moderate
2019-07-29 08:00:00,57.160964912280704,37.66002655029297,Moderate,Moderate
2019-07-29 09:00:00,102.36190476190475,88.1048583984375,Severe,Moderate
2019-07-29 10:00:00,71.27934782608695,65.42591857910156,Moderate,Moderate
2019-07-29 11:00:00,143.4425287356322,127.75956726074219,Severe,Severe
2019-07-29 12:00:00,147.3661616161616,146.08892822265625,Severe,Severe
2019-07-29 13:00:00,153.03421052631577,147.4947052001953,Severe,Severe
2019-07-29 14:00:00,152.2174603174603,144.95025634765625,Severe,Severe
2019-07-29 15:00:00,180.24313725490197,167.3417205810547,Severe,Severe
2019-07-29 16:00:00,174.3016666666667,165.81756591796875,Severe,Severe
2019-07-29 17:00:00,159.0011904761905,154.9363250732422,Severe,Severe
2019-07-29 18:00:00,181.54950980392155,169.87326049804688,Severe,Severe
2019-07-29 19:00:00,161.42286324786326,153.84268188476562,Severe,Severe
2019-07-29 20:00:00,163.80738636363637,157.4140167236328,Severe,Severe
2019-07-29 21:00:00,158.22865853658536,147.8753662109375,Severe,Severe
2019-07-29 22:00:00,228.76030701754385,227.5988311767578,Severe,Severe
2019-07-29 23:00:00,194.11414141414141,190.99517822265625,Severe,Severe
2019-07-30 00:00:00,231.80227272727276,203.88172912597656,Severe,Severe
2019-07-30 01:00:00,205.71428571428572,163.56248474121094,Severe,Severe
2019-07-30 02:00:00,127.86111111111113,83.08199310302734,Severe,Moderate
2019-07-30 03:00:00,122.96666666666665,28.312583923339844,Severe,Moderate
2019-07-30 04:00:00,58.66904761904762,54.2262077331543,Moderate,Moderate
2019-07-30 05:00:00,54.56157407407407,32.75627136230469,Moderate,Moderate
2019-07-30 06:00:00,4.197395833333334,4.205541133880615,Normal,Normal
2019-07-30 07:00:00,45.471875,40.179317474365234,Moderate,Moderate
2019-07-30 08:00:00,27.32412280701754,17.62605094909668,Moderate,Normal
2019-07-30 09:00:00,109.01833333333335,98.85599517822266,Severe,Severe
2019-07-30 10:00:00,80.03125,50.40623092651367,Moderate,Moderate
2019-07-30 11:00:00,128.70987654320987,118.115234375,Severe,Severe
2019-07-30 12:00:00,163.21,155.42877197265625,Severe,Severe
2019-07-30 13:00:00,129.8861111111111,117.61223602294922,Severe,Severe
2019-07-30 15:00:00,197.82833333333332,173.45947265625,Severe,Severe
2019-07-30 16:00:00,196.60333333333332,159.07362365722656,Severe,Severe
2019-07-30 17:00:00,177.16774193548386,149.75379943847656,Severe,Severe
2019-07-30 18:00:00,226.4637096774194,209.19847106933594,Severe,Severe
2019-07-30 19:00:00,194.38693693693693,176.2952117919922,Severe,Severe
2019-07-30 20:00:00,171.6425,153.3302001953125,Severe,Severe
2019-07-30 21:00:00,163.78650793650795,132.08059692382812,Severe,Severe
2019-07-30 22:00:00,217.33442982456137,181.7021942138672,Severe,Severe
2019-07-30 23:00:00,200.18404761904762,190.2799530029297,Severe,Severe
2019-08-01 00:00:00,223.71599999999998,193.8505859375,Severe,Severe
2019-08-01 01:00:00,187.38888888888889,122.55365753173828,Severe,Severe
2019-08-01 02:00:00,155.8215277777778,131.8024444580078,Severe,Severe
2019-08-01 03:00:00,0.0,0.2865310311317444,Normal,Normal
2019-08-01 04:00:00,66.4602564102564,79.83914947509766,Moderate,Moderate
2019-08-01 05:00:00,67.03846153846153,57.506874084472656,Moderate,Moderate
2019-08-01 06:00:00,3.0892857142857144,3.932689905166626,Normal,Normal
2019-08-01 07:00:00,81.52450980392157,80.9443359375,Moderate,Moderate
2019-08-01 08:00:00,9.1171875,7.472438812255859,Normal,Normal
2019-08-01 09:00:00,105.61136363636363,89.05079650878906,Severe,Moderate
2019-08-01 10:00:00,73.23024691358025,77.66470336914062,Moderate,Moderate
2019-08-01 11:00:00,126.80733333333332,113.03356170654297,Severe,Severe
2019-08-01 12:00:00,144.89166666666665,136.47695922851562,Severe,Severe
2019-08-01 13:00:00,107.24543010752687,100.08251190185547,Severe,Severe
2019-08-01 14:00:00,191.50114942528737,188.9451904296875,Severe,Severe
2019-08-01 15:00:00,226.61826923076922,209.4698028564453,Severe,Severe
2019-08-01 16:00:00,159.2560975609756,122.59907531738281,Severe,Severe
2019-08-01 17:00:00,182.7651960784314,187.02310180664062,Severe,Severe
2019-08-01 18:00:00,196.12121212121212,181.32260131835938,Severe,Severe
2019-08-01 19:00:00,142.08208333333332,136.3177490234375,Severe,Severe
2019-08-01 20:00:00,125.13952380952381,125.82816314697266,Severe,Severe
2019-08-01 21:00:00,208.63175675675674,195.83773803710938,Severe,Severe
2019-08-01 22:00:00,196.06921296296298,187.86358642578125,Severe,Severe
2019-08-01 23:00:00,250.2046875,205.029296875,Severe,Severe
2019-08-02 00:00:00,202.38958333333335,190.6783905029297,Severe,Severe
2019-08-02 01:00:00,180.1616666666667,127.2503662109375,Severe,Severe
2019-08-02 02:00:00,60.98541666666667,65.41169738769531,Moderate,Moderate
2019-08-02 03:00:00,288.0,178.46902465820312,Severe,Severe
2019-08-02 04:00:00,34.78333333333333,37.328800201416016,Moderate,Moderate
2019-08-02 05:00:00,66.77051282051283,27.719717025756836,Moderate,Moderate
2019-08-02 06:00:00,24.29702380952381,22.580739974975586,Moderate,Moderate
2019-08-02 07:00:00,59.075,48.811622619628906,Moderate,Moderate
2019-08-02 08:00:00,37.48653846153846,10.59215259552002,Moderate,Normal
2019-08-02 09:00:00,58.850724637681154,51.9536247253418,Moderate,Moderate
2019-08-02 10:00:00,88.20833333333333,71.4745864868164,Moderate,Moderate
2019-08-02 11:00:00,116.80766666666666,81.77055358886719,Severe,Moderate
2019-08-02 12:00:00,166.1345238095238,146.74098205566406,Severe,Severe
2019-08-02 13:00:00,165.86453488372092,158.89349365234375,Severe,Severe
2019-08-02 14:00:00,156.4375,142.37733459472656,Severe,Severe
2019-08-02 15:00:00,191.11075268817206,178.38836669921875,Severe,Severe
2019-08-02 16:00:00,142.21381578947367,138.00994873046875,Severe,Severe
2019-08-02 17:00:00,195.4517156862745,162.98037719726562,Severe,Severe
2019-08-02 18:00:00,217.0795045045045,208.44883728027344,Severe,Severe
2019-08-02 19:00:00,150.9986842105263,149.59255981445312,Severe,Severe
2019-08-02 20:00:00,127.77606837606837,120.0362548828125,Severe,Severe
2019-08-02 21:00:00,188.97424242424242,170.6656494140625,Severe,Severe
2019-08-02 22:00:00,230.81036036036036,215.35720825195312,Severe,Severe
2019-08-02 23:00:00,220.7205426356589,210.41949462890625,Severe,Severe
2019-08-03 00:00:00,212.92800000000003,183.40599060058594,Severe,Severe
2019-08-03 01:00:00,290.3597222222222,198.0672607421875,Severe,Severe
2019-08-03 02:00:00,101.72121212121213,72.58959197998047,Severe,Moderate
2019-08-03 03:00:00,150.04166666666666,54.66240310668945,Severe,Moderate
2019-08-03 04:00:00,52.98939393939394,28.987890243530273,Moderate,Moderate
2019-08-03 05:00:00,87.95324074074072,54.11492919921875,Moderate,Moderate
2019-08-03 06:00:00,11.042592592592591,4.109946250915527,Normal,Normal
2019-08-03 07:00:00,72.58333333333333,64.17794036865234,Moderate,Moderate
2019-08-03 08:00:00,29.623550724637678,15.47679615020752,Moderate,Normal
2019-08-03 09:00:00,71.53039215686276,69.78654479980469,Moderate,Moderate
2019-08-03 10:00:00,94.22708333333333,69.72039794921875,Severe,Moderate
2019-08-03 11:00:00,135.98717948717947,116.23068237304688,Severe,Severe
2019-08-03 12:00:00,128.12366666666668,126.24870300292969,Severe,Severe
2019-08-03 13:00:00,173.3579268292683,152.23245239257812,Severe,Severe
2019-08-03 14:00:00,125.73055555555554,106.66937255859375,Severe,Severe
2019-08-03 15:00:00,206.38245614035085,178.0453643798828,Severe,Severe
2019-08-03 16:00:00,170.55563725490197,138.0990753173828,Severe,Severe
2019-08-03 17:00:00,177.0638888888889,143.27073669433594,Severe,Severe
2019-08-03 18:00:00,251.34166666666667,224.77479553222656,Severe,Severe
2019-08-03 19:00:00,154.65811403508772,141.5559539794922,Severe,Severe
2019-08-03 20:00:00,162.8252314814815,136.59071350097656,Severe,Severe
2019-08-03 21:00:00,238.78571428571428,223.21044921875,Severe,Severe
2019-08-03 22:00:00,153.73405797101447,129.0126495361328,Severe,Severe
2019-08-03 23:00:00,252.8801587301588,248.65371704101562,Severe,Severe
2019-08-04 00:00:00,186.59298245614036,181.91050720214844,Severe,Severe
2019-08-04 01:00:00,210.0,158.8543701171875,Severe,Severe
2019-08-04 02:00:00,144.79666666666668,69.37979888916016,Severe,Moderate
2019-08-04 03:00:00,241.52777777777774,108.61377716064453,Severe,Severe
2019-08-04 07:00:00,25.974122807017544,21.397106170654297,Moderate,Moderate
2019-08-04 08:00:00,41.95570175438597,29.5903263092041,Moderate,Moderate
2019-08-04 09:00:00,59.72065217391304,29.490907669067383,Moderate,Moderate
2019-08-04 10:00:00,85.53020833333333,69.13589477539062,Moderate,Moderate
2019-08-04 11:00:00,130.00732323232327,104.84184265136719,Severe,Severe
2019-08-04 12:00:00,118.86102941176469,97.9604721069336,Severe,Severe
2019-08-04 13:00:00,166.56732456140352,163.7886199951172,Severe,Severe
2019-08-04 14:00:00,192.1209677419355,182.10397338867188,Severe,Severe
2019-08-04 15:00:00,195.14427083333334,188.211181640625,Severe,Severe
2019-08-04 16:00:00,160.27523148148148,147.84315490722656,Severe,Severe
2019-08-04 17:00:00,187.48281250000002,170.33602905273438,Severe,Severe
2019-08-04 18:00:00,222.88357843137254,203.8634490966797,Severe,Severe
2019-08-04 19:00:00,129.27017543859648,117.02195739746094,Severe,Severe
2019-08-04 20:00:00,162.22525252525256,163.79788208007812,Severe,Severe
2019-08-04 21:00:00,195.75925925925927,179.4977569580078,Severe,Severe
2019-08-04 22:00:00,203.11203703703703,180.27957153320312,Severe,Severe
2019-08-04 23:00:00,225.00086206896552,216.0460662841797,Severe,Severe
2019-08-05 00:00:00,186.38055555555556,176.40408325195312,Severe,Severe
2019-08-05 01:00:00,164.91296296296298,102.66386413574219,Severe,Severe
2019-08-05 02:00:00,138.88578431372548,126.16581726074219,Severe,Severe
2019-08-05 03:00:00,8.466666666666667,122.99140167236328,Normal,Severe
2019-08-05 04:00:00,102.39607843137253,83.9052963256836,Severe,Moderate
2019-08-05 05:00:00,41.48939393939394,30.902132034301758,Moderate,Moderate
2019-08-05 06:00:00,39.54880952380953,30.666702270507812,Moderate,Moderate
2019-08-05 07:00:00,75.14012345679014,54.55229949951172,Moderate,Moderate
2019-08-05 08:00:00,9.787222222222223,6.07725715637207,Normal,Normal
2019-08-05 09:00:00,122.01111111111112,97.56391906738281,Severe,Severe
2019-08-05 10:00:00,61.076,61.554046630859375,Moderate,Moderate
2019-08-05 11:00:00,115.34642857142855,96.85250091552734,Severe,Severe
2019-08-05 12:00:00,140.84545454545454,131.41566467285156,Severe,Severe
2019-08-05 13:00:00,131.67202380952384,126.45301818847656,Severe,Severe
2019-08-05 14:00:00,164.51414141414142,138.70706176757812,Severe,Severe
2019-08-05 15:00:00,190.41639784946236,164.17774963378906,Severe,Severe
2019-08-05 16:00:00,195.4756756756757,177.6393280029297,Severe,Severe
2019-08-05 17:00:00,158.84189814814815,134.14208984375,Severe,Severe
2019-08-05 18:00:00,225.08813131313133,192.30039978027344,Severe,Severe
2019-08-05 19:00:00,163.58841463414635,142.1433868408203,Severe,Severe
2019-08-05 20:00:00,149.546626984127,141.6148681640625,Severe,Severe
2019-08-05 21:00:00,184.6910714285714,176.65733337402344,Severe,Severe
2019-08-05 22:00:00,223.09777777777782,216.8990936279297,Severe,Severe
2019-08-05 23:00:00,209.18179824561403,213.7864990234375,Severe,Severe
2019-08-06 00:00:00,241.25476190476192,230.26402282714844,Severe,Severe
2019-08-06 01:00:00,144.0,135.81430053710938,Severe,Severe
2019-08-06 02:00:00,101.87045454545455,59.974365234375,Severe,Moderate
2019-08-06 03:00:00,6.625,87.50167083740234,Normal,Moderate
2019-08-06 04:00:00,71.4969696969697,65.38949584960938,Moderate,Moderate
2019-08-06 05:00:00,30.798717948717943,26.706918716430664,Moderate,Moderate
2019-08-06 06:00:00,38.42820512820513,15.015165328979492,Moderate,Normal
2019-08-06 07:00:00,64.47948717948718,56.17960739135742,Moderate,Moderate
2019-08-06 08:00:00,18.265350877192986,11.901474952697754,Normal,Normal
2019-08-06 09:00:00,82.82173913043479,73.38268280029297,Moderate,Moderate
2019-08-06 10:00:00,89.84166666666667,81.22386932373047,Moderate,Moderate
2019-08-06 11:00:00,136.75,112.57054901123047,Severe,Severe
2019-08-06 12:00:00,173.7896551724138,170.32571411132812,Severe,Severe
2019-08-06 13:00:00,172.96574074074073,166.16233825683594,Severe,Severe
2019-08-06 14:00:00,103.40297619047617,103.74674224853516,Severe,Severe
2019-08-06 15:00:00,207.7878787878788,196.23086547851562,Severe,Severe
2019-08-06 16:00:00,135.15416666666667,129.4713134765625,Severe,Severe
2019-08-06 19:00:00,148.95833333333334,155.11715698242188,Severe,Severe
2019-08-06 20:00:00,86.5772435897436,74.89099884033203,Moderate,Moderate
2019-08-06 21:00:00,220.01969696969698,218.78871154785156,Severe,Severe
2019-08-06 22:00:00,199.11617647058824,188.33290100097656,Severe,Severe
2019-08-06 23:00:00,213.9037037037037,218.67337036132812,Severe,Severe
2019-08-07 00:00:00,223.47982456140352,178.5084228515625,Severe,Severe
2019-08-07 01:00:00,138.46153846153845,110.92898559570312,Severe,Severe
2019-08-07 02:00:00,166.71439393939394,112.79364776611328,Severe,Severe
2019-08-07 03:00:00,180.0,59.063358306884766,Severe,Moderate
2019-08-07 04:00:00,114.91794871794872,60.30706787109375,Severe,Moderate
2019-08-07 05:00:00,41.1625,30.140710830688477,Moderate,Moderate
2019-08-07 06:00:00,24.973958333333336,15.681337356567383,Moderate,Normal
2019-08-07 07:00:00,66.83888888888889,58.30989074707031,Moderate,Moderate
2019-08-07 08:00:00,8.02280701754386,6.48542594909668,Normal,Normal
2019-08-07 09:00:00,88.0858024691358,77.54672241210938,Moderate,Moderate
2019-08-07 10:00:00,66.17717391304348,66.39286804199219,Moderate,Moderate
2019-08-07 11:00:00,132.4495098039216,112.32018280029297,Severe,Severe
2019-08-07 12:00:00,143.69375,136.5038299560547,Severe,Severe
2019-08-07 13:00:00,148.63759689922483,142.0367889404297,Severe,Severe
2019-08-07 14:00:00,154.31798245614036,146.5367431640625,Severe,Severe
2019-08-07 15:00:00,173.7070707070707,165.81689453125,Severe,Severe
2019-08-07 16:00:00,165.0241452991453,153.32583618164062,Severe,Severe
2019-08-07 17:00:00,172.90662393162393,170.37881469726562,Severe,Severe
2019-08-07 18:00:00,201.42472222222224,189.510498046875,Severe,Severe
2019-08-07 19:00:00,135.53353658536582,127.77993774414062,Severe,Severe
2019-08-07 20:00:00,125.34684684684686,115.46278381347656,Severe,Severe
2019-08-07 21:00:00,167.26016260162604,157.04739379882812,Severe,Severe
2019-08-07 22:00:00,224.49758771929822,228.53587341308594,Severe,Severe
2019-08-07 23:00:00,225.74040404040403,221.71788024902344,Severe,Severe
2019-08-08 00:00:00,214.66439393939393,189.8799285888672,Severe,Severe
2019-08-08 01:00:00,136.94761904761904,101.41716766357422,Severe,Severe
2019-08-08 02:00:00,135.4343137254902,112.80220031738281,Severe,Severe
2019-08-08 03:00:00,98.50833333333334,91.93258666992188,Severe,Severe
2019-08-08 04:00:00,65.825,48.04465103149414,Moderate,Moderate
2019-08-08 05:00:00,49.19888888888888,48.27022933959961,Moderate,Moderate
2019-08-08 06:00:00,20.647807017543858,10.116225242614746,Moderate,Normal
2019-08-08 07:00:00,88.29803921568627,84.85157775878906,Moderate,Moderate
2019-08-08 08:00:00,25.38375,28.530935287475586,Moderate,Moderate
2019-08-08 09:00:00,77.67333333333333,73.14920043945312,Moderate,Moderate
2019-08-08 10:00:00,63.07272727272727,53.103702545166016,Moderate,Moderate
2019-08-08 11:00:00,121.69919354838709,98.23353576660156,Severe,Severe
2019-08-08 12:00:00,142.95075757575756,127.53055572509766,Severe,Severe
2019-08-08 13:00:00,145.09654471544718,129.2865447998047,Severe,Severe
2019-08-08 14:00:00,150.93055555555557,140.96791076660156,Severe,Severe
2019-08-08 15:00:00,160.74166666666665,150.52359008789062,Severe,Severe
2019-08-08 16:00:00,185.6176190476191,163.55262756347656,Severe,Severe
2019-08-08 17:00:00,191.41666666666666,166.54820251464844,Severe,Severe
2019-08-08 18:00:00,211.7622685185185,201.75390625,Severe,Severe
2019-08-08 19:00:00,184.30604166666666,160.63192749023438,Severe,Severe
2019-08-08 20:00:00,126.63760162601625,110.87060546875,Severe,Severe
2019-08-08 21:00:00,174.8897435897436,157.21656799316406,Severe,Severe
2019-08-08 22:00:00,214.45386178861784,207.13319396972656,Severe,Severe
2019-08-08 23:00:00,233.29369369369368,228.1040496826172,Severe,Severe
2019-08-09 00:00:00,204.50333333333333,189.1588134765625,Severe,Severe
2019-08-09 01:00:00,170.4923076923077,149.83444213867188,Severe,Severe
2019-08-09 02:00:00,110.02115384615385,90.30696105957031,Severe,Severe
2019-08-09 03:00:00,148.80333333333334,89.28009033203125,Severe,Moderate
2019-08-09 04:00:00,61.906410256410254,56.76593017578125,Moderate,Moderate
2019-08-09 05:00:00,27.681250000000002,2.0692830085754395,Moderate,Normal
2019-08-09 06:00:00,20.310526315789474,11.255943298339844,Moderate,Normal
2019-08-09 07:00:00,55.42166666666667,64.5403060913086,Moderate,Moderate
2019-08-09 08:00:00,14.738095238095237,5.673739910125732,Normal,Normal
2019-08-09 09:00:00,59.41287878787878,51.67329025268555,Moderate,Moderate
2019-08-09 10:00:00,121.59027777777777,89.63603973388672,Severe,Moderate
2019-08-09 11:00:00,147.1532738095238,124.11616516113281,Severe,Severe
2019-08-09 12:00:00,128.8727011494253,115.69403076171875,Severe,Severe
2019-08-09 13:00:00,145.04742063492063,140.8292694091797,Severe,Severe
2019-08-09 14:00:00,161.78828828828827,149.02145385742188,Severe,Severe
2019-08-09 15:00:00,233.7203947368421,213.04827880859375,Severe,Severe
2019-08-09 16:00:00,175.446875,159.32553100585938,Severe,Severe
2019-08-09 17:00:00,172.87166666666667,165.90744018554688,Severe,Severe
2019-08-09 18:00:00,228.74758771929822,215.49766540527344,Severe,Severe
2019-08-09 19:00:00,139.75793650793653,125.57801818847656,Severe,Severe
2019-08-09 20:00:00,175.57478070175438,167.14857482910156,Severe,Severe
2019-08-09 21:00:00,191.73793859649123,185.3785400390625,Severe,Severe
2019-08-09 22:00:00,226.78026315789472,209.84385681152344,Severe,Severe
2019-08-09 23:00:00,221.27666666666667,203.4856414794922,Severe,Severe
2019-08-10 00:00:00,253.27631578947367,204.8545684814453,Severe,Severe
2019-08-10 01:00:00,150.04358974358976,115.26058197021484,Severe,Severe
2019-08-10 02:00:00,103.2638888888889,91.73857879638672,Severe,Severe
2019-08-10 03:00:00,110.70416666666667,95.84043884277344,Severe,Severe
2019-08-10 04:00:00,109.80357142857143,61.61537551879883,Severe,Moderate
2019-08-10 05:00:00,91.92820512820512,71.76744842529297,Severe,Moderate
2019-08-10 06:00:00,22.548611111111114,18.861631393432617,Moderate,Normal
2019-08-10 07:00:00,40.300000000000004,38.98683166503906,Moderate,Moderate
2019-08-10 08:00:00,31.74953703703703,30.07139778137207,Moderate,Moderate
2019-08-10 09:00:00,66.98066666666668,64.32910919189453,Moderate,Moderate
2019-08-10 10:00:00,99.24062500000001,91.86691284179688,Severe,Severe
2019-08-10 11:00:00,104.1029569892473,101.52005767822266,Severe,Severe
2019-08-10 12:00:00,156.87500000000003,147.45220947265625,Severe,Severe
2019-08-10 13:00:00,128.85172413793106,122.3965835571289,Severe,Severe
2019-08-10 14:00:00,165.36544715447155,162.35923767089844,Severe,Severe
2019-08-10 15:00:00,186.7260752688172,183.16476440429688,Severe,Severe
2019-08-10 16:00:00,182.38651960784316,164.6712188720703,Severe,Severe
2019-08-10 17:00:00,201.45128205128205,191.17909240722656,Severe,Severe
2019-08-10 18:00:00,175.12583333333333,173.9019012451172,Severe,Severe
2019-08-10 19:00:00,137.61646341463413,132.57090759277344,Severe,Severe
2019-08-10 20:00:00,164.88642857142855,147.8387908935547,Severe,Severe
2019-08-10 21:00:00,188.1051282051282,169.63340759277344,Severe,Severe
2019-08-10 22:00:00,224.54868421052632,216.98098754882812,Severe,Severe
2019-08-10 23:00:00,213.85934959349595,205.61073303222656,Severe,Severe
2019-08-11 00:00:00,220.70869565217387,212.8211212158203,Severe,Severe
2019-08-11 01:00:00,181.40925925925927,126.8948974609375,Severe,Severe
2019-08-11 02:00:00,124.45166666666667,87.58686065673828,Severe,Moderate
2019-08-11 04:00:00,84.97777777777777,64.16934204101562,Moderate,Moderate
2019-08-11 05:00:00,34.177976190476194,25.192626953125,Moderate,Moderate
2019-08-11 06:00:00,26.333333333333336,17.80364227294922,Moderate,Normal
2019-08-11 07:00:00,47.99166666666666,23.661331176757812,Moderate,Moderate
2019-08-11 08:00:00,12.79824561403509,6.603244304656982,Normal,Normal
2019-08-11 09:00:00,63.99027777777777,55.51485824584961,Moderate,Moderate
2019-08-11 10:00:00,104.85595238095237,100.41046905517578,Severe,Severe
2019-08-11 11:00:00,106.79320987654322,101.13334655761719,Severe,Severe
2019-08-11 12:00:00,157.9648648648649,150.7509002685547,Severe,Severe
2019-08-11 13:00:00,178.83833333333334,167.1581268310547,Severe,Severe
2019-08-11 14:00:00,169.2561403508772,168.330322265625,Severe,Severe
2019-08-11 15:00:00,193.40078125,176.310791015625,Severe,Severe
2019-08-11 16:00:00,187.40576923076924,171.1316680908203,Severe,Severe
2019-08-11 17:00:00,191.30115740740743,183.1270294189453,Severe,Severe
2019-08-11 18:00:00,169.66756756756757,165.5104217529297,Severe,Severe
2019-08-11 19:00:00,148.4268292682927,140.96954345703125,Severe,Severe
2019-08-11 20:00:00,135.511875,132.37451171875,Severe,Severe
2019-08-11 21:00:00,193.4552845528455,195.14193725585938,Severe,Severe
2019-08-11 22:00:00,211.83627450980396,207.09689331054688,Severe,Severe
2019-08-11 23:00:00,203.14950980392157,202.58506774902344,Severe,Severe
2019-08-12 00:00:00,260.30980392156863,232.99703979492188,Severe,Severe
2019-08-12 01:00:00,144.0,109.9003677368164,Severe,Severe
2019-08-12 02:00:00,182.42249999999999,116.49134826660156,Severe,Severe
2019-08-12 03:00:00,120.0,57.080745697021484,Severe,Moderate
2019-08-12 04:00:00,43.85454545454545,34.04471969604492,Moderate,Moderate
2019-08-12 05:00:00,45.577083333333334,44.27137756347656,Moderate,Moderate
2019-08-12 06:00:00,42.51904761904761,33.40296173095703,Moderate,Moderate
2019-08-12 07:00:00,51.934374999999996,43.632102966308594,Moderate,Moderate
2019-08-12 08:00:00,27.623611111111114,25.139503479003906,Moderate,Moderate
2019-08-12 09:00:00,92.51159420289854,96.56388092041016,Severe,Severe
2019-08-12 10:00:00,73.15633333333334,71.31901550292969,Moderate,Moderate
2019-08-12 11:00:00,113.71451612903225,108.46636199951172,Severe,Severe
2019-08-12 12:00:00,146.50225225225228,145.0795440673828,Severe,Severe
2019-08-12 13:00:00,151.8580459770115,145.9525146484375,Severe,Severe
2019-08-12 14:00:00,165.28072916666667,156.49285888671875,Severe,Severe
2019-08-12 15:00:00,197.4902777777778,180.64596557617188,Severe,Severe
2019-08-12 16:00:00,137.29267676767677,128.65042114257812,Severe,Severe
2019-08-12 17:00:00,206.88716216216216,187.10108947753906,Severe,Severe
2019-08-12 18:00:00,217.81341463414634,210.8037109375,Severe,Severe
2019-08-12 19:00:00,150.4075396825397,131.51318359375,Severe,Severe
2019-08-12 20:00:00,102.87348484848485,98.7667236328125,Severe,Severe
2019-08-12 21:00:00,177.63928571428573,173.45376586914062,Severe,Severe
2019-08-12 22:00:00,207.92613636363637,202.5193328857422,Severe,Severe
2019-08-12 23:00:00,241.11666666666665,231.315185546875,Severe,Severe
2019-08-13 00:00:00,243.98541666666665,223.4206085205078,Severe,Severe
2019-08-13 01:00:00,196.36363636363637,164.09368896484375,Severe,Severe
2019-08-13 02:00:00,160.0,124.73081970214844,Severe,Severe
2019-08-13 03:00:00,0.5555555555555556,2.224949359893799,Normal,Normal
2019-08-13 04:00:00,87.09166666666667,71.96383666992188,Moderate,Moderate
2019-08-13 05:00:00,0.42777777777777776,0.8452962040901184,Normal,Normal
2019-08-13 06:00:00,67.19888888888889,22.712099075317383,Moderate,Moderate
2019-08-13 07:00:00,59.738157894736844,46.6267204284668,Moderate,Moderate
2019-08-13 08:00:00,24.848148148148148,22.71811866760254,Moderate,Moderate
2019-08-13 09:00:00,81.4326923076923,74.35979461669922,Moderate,Moderate
2019-08-13 10:00:00,72.05544871794872,68.26268005371094,Moderate,Moderate
2019-08-13 11:00:00,108.36923076923077,102.73110961914062,Severe,Severe
2019-08-13 12:00:00,114.82261904761906,110.7593994140625,Severe,Severe
2019-08-13 13:00:00,152.81306306306303,143.77220153808594,Severe,Severe
2019-08-13 14:00:00,138.3094017094017,136.24034118652344,Severe,Severe
2019-08-13 15:00:00,193.86296296296297,202.4319610595703,Severe,Severe
2019-08-13 16:00:00,165.20104166666667,157.50608825683594,Severe,Severe
2019-08-13 17:00:00,227.91527777777776,215.01480102539062,Severe,Severe
2019-08-13 18:00:00,164.3872685185185,162.2528076171875,Severe,Severe
2019-08-13 19:00:00,123.35132575757575,119.96417999267578,Severe,Severe
2019-08-13 20:00:00,154.05995370370368,150.9888153076172,Severe,Severe
2019-08-13 21:00:00,169.87895833333334,164.9127655029297,Severe,Severe
2019-08-13 22:00:00,216.7854761904762,214.3286590576172,Severe,Severe
2019-08-13 23:00:00,221.1065789473684,219.6659393310547,Severe,Severe
2019-08-14 00:00:00,247.0028985507246,223.73387145996094,Severe,Severe
2019-08-14 01:00:00,118.86458333333333,97.81739807128906,Severe,Severe
2019-08-14 02:00:00,184.24027777777778,133.9265899658203,Severe,Severe
2019-08-14 03:00:00,74.58,22.242267608642578,Moderate,Moderate
2019-08-14 04:00:00,136.15833333333333,93.36375427246094,Severe,Severe
2019-08-14 05:00:00,30.665384615384617,18.72379493713379,Moderate,Normal
2019-08-14 06:00:00,22.48888888888889,18.649526596069336,Moderate,Normal
2019-08-14 07:00:00,77.19500000000001,50.782447814941406,Moderate,Moderate
2019-08-14 08:00:00,24.794117647058822,24.208040237426758,Moderate,Moderate
2019-08-14 09:00:00,67.03015873015873,64.8268051147461,Moderate,Moderate
2019-08-14 10:00:00,98.24528985507246,75.43244934082031,Severe,Moderate
2019-08-14 11:00:00,107.76813725490194,97.59318542480469,Severe,Severe
2019-08-14 12:00:00,141.52944444444444,133.15162658691406,Severe,Severe
2019-08-14 13:00:00,173.72590090090094,157.1333465576172,Severe,Severe
2019-08-14 14:00:00,167.7557142857143,159.7650909423828,Severe,Severe
2019-08-14 15:00:00,168.45045045045043,157.60824584960938,Severe,Severe
2019-08-14 16:00:00,158.37543859649122,151.33572387695312,Severe,Severe
2019-08-14 17:00:00,202.21101190476188,192.68270874023438,Severe,Severe
2019-08-14 18:00:00,204.67058823529416,203.6879119873047,Severe,Severe
2019-08-14 19:00:00,162.28968253968256,145.26939392089844,Severe,Severe
2019-08-14 20:00:00,204.17941176470586,204.80264282226562,Severe,Severe
2019-08-14 21:00:00,169.06937499999998,143.35682678222656,Severe,Severe
2019-08-14 22:00:00,185.17745098039214,164.7645263671875,Severe,Severe
2019-08-14 23:00:00,245.0065891472868,212.78627014160156,Severe,Severe
2019-08-15 00:00:00,238.00555555555556,207.0525665283203,Severe,Severe
2019-08-15 01:00:00,283.60769230769233,199.49176025390625,Severe,Severe
2019-08-15 02:00:00,105.0662037037037,105.63943481445312,Severe,Severe
2019-08-15 03:00:00,98.56666666666666,93.06742858886719,Severe,Severe
2019-08-15 04:00:00,110.07166666666667,77.43157196044922,Severe,Moderate
2019-08-15 05:00:00,57.473333333333336,35.75187683105469,Moderate,Moderate
2019-08-15 06:00:00,9.08235294117647,3.3248674869537354,Normal,Normal
2019-08-15 07:00:00,72.67121212121212,45.394229888916016,Moderate,Moderate
2019-08-15 08:00:00,28.132291666666667,22.41493797302246,Moderate,Moderate
2019-08-15 09:00:00,81.19066666666667,70.21296691894531,Moderate,Moderate
2019-08-15 10:00:00,48.14420289855073,38.45090103149414,Moderate,Moderate
2019-08-15 11:00:00,116.91160714285715,106.21186828613281,Severe,Severe
2019-08-15 12:00:00,129.35454545454544,111.07909393310547,Severe,Severe
2019-08-15 13:00:00,154.01425438596493,151.15489196777344,Severe,Severe
2019-08-15 14:00:00,140.62552083333333,148.64114379882812,Severe,Severe
2019-08-15 15:00:00,201.4024193548387,194.9598388671875,Severe,Severe
2019-08-15 16:00:00,182.4402380952381,173.85308837890625,Severe,Severe
2019-08-15 17:00:00,187.81193693693692,171.32859802246094,Severe,Severe
2019-08-15 18:00:00,146.29369918699186,136.92247009277344,Severe,Severe
2019-08-15 19:00:00,96.93974358974359,88.92962646484375,Severe,Moderate
2019-08-15 20:00:00,177.14019607843136,169.5175323486328,Severe,Severe
2019-08-15 21:00:00,213.9264705882353,185.6331787109375,Severe,Severe
2019-08-15 22:00:00,225.61447368421054,227.81851196289062,Severe,Severe
2019-08-15 23:00:00,200.165990990991,197.36509704589844,Severe,Severe
2019-08-16 00:00:00,231.5391666666667,200.21214294433594,Severe,Severe
2019-08-16 01:00:00,120.0,96.38289642333984,Severe,Severe
2019-08-16 02:00:00,181.67333333333335,121.7738265991211,Severe,Severe
2019-08-16 03:00:00,121.35000000000001,117.67486572265625,Severe,Severe
2019-08-16 04:00:00,89.38589743589743,77.69581604003906,Moderate,Moderate
2019-08-16 05:00:00,3.62051282051282,2.255469799041748,Normal,Normal
2019-08-16 06:00:00,2.9320833333333334,3.515108108520508,Normal,Normal
2019-08-16 07:00:00,60.962037037037035,55.56139373779297,Moderate,Moderate
2019-08-16 08:00:00,26.96140350877193,24.699995040893555,Moderate,Moderate
2019-08-16 09:00:00,84.73141025641024,70.21574401855469,Moderate,Moderate
2019-08-16 10:00:00,74.607,72.11475372314453,Moderate,Moderate
2019-08-16 11:00:00,101.91904761904763,81.33990478515625,Severe,Moderate
2019-08-16 12:00:00,185.01999999999998,167.46424865722656,Severe,Severe
2019-08-16 13:00:00,131.4051801801802,119.26428985595703,Severe,Severe
2019-08-16 14:00:00,167.07541666666665,162.0371551513672,Severe,Severe
2019-08-16 15:00:00,190.32319819819818,171.4932861328125,Severe,Severe
2019-08-16 16:00:00,151.73941441441443,134.13827514648438,Severe,Severe
2019-08-16 17:00:00,218.308547008547,206.0156707763672,Severe,Severe
2019-08-16 18:00:00,167.32272727272726,159.67454528808594,Severe,Severe
2019-08-16 19:00:00,143.1456140350877,137.2793731689453,Severe,Severe
2019-08-16 20:00:00,109.85717592592592,105.03689575195312,Severe,Severe
2019-08-16 21:00:00,221.7134615384615,218.51516723632812,Severe,Severe
2019-08-16 22:00:00,205.7897435897436,202.27005004882812,Severe,Severe
2019-08-16 23:00:00,240.45767543859648,222.6136932373047,Severe,Severe
2019-08-17 00:00:00,207.28260869565213,186.82052612304688,Severe,Severe
2019-08-17 01:00:00,120.3797619047619,109.84281158447266,Severe,Severe
2019-08-17 02:00:00,111.19083333333333,91.28820037841797,Severe,Severe
2019-08-17 03:00:00,157.4,96.88358306884766,Severe,Severe
2019-08-17 04:00:00,106.96309523809524,89.54600524902344,Severe,Moderate
2019-08-17 05:00:00,34.28484848484848,32.483646392822266,Moderate,Moderate
2019-08-17 06:00:00,16.835648148148152,21.29562759399414,Normal,Moderate
2019-08-17 07:00:00,57.72666666666667,47.31732177734375,Moderate,Moderate
2019-08-17 08:00:00,40.83531746031746,27.943147659301758,Moderate,Moderate
2019-08-17 09:00:00,105.52962962962964,92.76444244384766,Severe,Severe
2019-08-17 10:00:00,67.81891025641026,61.16240692138672,Moderate,Moderate
2019-08-17 11:00:00,76.95656565656566,72.87779235839844,Moderate,Moderate
2019-08-17 12:00:00,133.33358585858585,133.60275268554688,Severe,Severe
2019-08-17 13:00:00,153.55395833333336,145.06521606445312,Severe,Severe
2019-08-17 14:00:00,164.7410569105691,160.5025177001953,Severe,Severe
2019-08-17 15:00:00,162.11451612903227,153.01470947265625,Severe,Severe
2019-08-17 16:00:00,142.26250000000002,140.27313232421875,Severe,Severe
2019-08-17 17:00:00,188.21874999999997,180.60850524902344,Severe,Severe
2019-08-17 18:00:00,179.13578431372548,173.06918334960938,Severe,Severe
2019-08-17 19:00:00,111.96155303030304,108.90327453613281,Severe,Severe
2019-08-17 20:00:00,143.72261904761902,135.69137573242188,Severe,Severe
2019-08-17 21:00:00,217.5388888888889,208.4716339111328,Severe,Severe
2019-08-17 22:00:00,197.87380952380954,196.98898315429688,Severe,Severe
2019-08-17 23:00:00,240.97747747747746,224.81600952148438,Severe,Severe
2019-08-18 00:00:00,173.21333333333334,141.5862579345703,Severe,Severe
2019-08-18 01:00:00,176.94404761904758,162.78636169433594,Severe,Severe
2019-08-18 02:00:00,185.62833333333333,123.5155258178711,Severe,Severe
2019-08-18 03:00:00,182.70833333333334,159.49839782714844,Severe,Severe
2019-08-18 04:00:00,71.81875,49.29307556152344,Moderate,Moderate
2019-08-18 05:00:00,33.901515151515156,34.217262268066406,Moderate,Moderate
2019-08-18 06:00:00,23.234210526315792,14.908966064453125,Moderate,Normal
2019-08-18 07:00:00,54.52708333333332,32.178550720214844,Moderate,Moderate
2019-08-18 08:00:00,5.8960317460317455,3.400876998901367,Normal,Normal
2019-08-18 09:00:00,78.14365079365079,66.24910736083984,Moderate,Moderate
2019-08-18 10:00:00,98.81633333333333,91.12047576904297,Severe,Severe
2019-08-18 11:00:00,84.02607526881721,70.99594116210938,Moderate,Moderate
2019-08-18 12:00:00,149.33119658119656,139.37081909179688,Severe,Severe
2019-08-18 13:00:00,158.94491869918699,143.08123779296875,Severe,Severe
2019-08-18 14:00:00,183.68714285714285,175.85813903808594,Severe,Severe
2019-08-18 15:00:00,213.99871794871797,194.80577087402344,Severe,Severe
2019-08-18 16:00:00,169.18399122807017,163.7554168701172,Severe,Severe
2019-08-18 17:00:00,201.22657657657658,194.8950653076172,Severe,Severe
2019-08-18 18:00:00,146.48012820512824,137.67308044433594,Severe,Severe
2019-08-18 19:00:00,150.66162790697672,142.4830322265625,Severe,Severe
2019-08-18 20:00:00,122.28560606060606,111.72224426269531,Severe,Severe
2019-08-18 21:00:00,211.33032407407407,205.24874877929688,Severe,Severe
2019-08-18 22:00:00,234.02756410256413,223.29566955566406,Severe,Severe
2019-08-18 23:00:00,252.44423076923078,237.9071807861328,Severe,Severe
2019-08-19 00:00:00,225.6517543859649,204.9381103515625,Severe,Severe
2019-08-19 01:00:00,147.11190476190475,112.7410888671875,Severe,Severe
2019-08-19 02:00:00,165.03939393939393,127.5648422241211,Severe,Severe
2019-08-19 03:00:00,2.522222222222222,5.042595863342285,Normal,Normal
2019-08-19 04:00:00,66.08181818181818,66.2827377319336,Moderate,Moderate
2019-08-19 05:00:00,36.555882352941175,15.21387767791748,Moderate,Normal
2019-08-19 06:00:00,18.8421568627451,16.312183380126953,Normal,Normal
2019-08-19 07:00:00,91.55740740740741,70.63249969482422,Severe,Moderate
2019-08-19 08:00:00,32.239215686274505,23.65812110900879,Moderate,Moderate
2019-08-19 09:00:00,89.68541666666665,74.43425750732422,Moderate,Moderate
2019-08-19 10:00:00,96.35312499999999,87.24860382080078,Severe,Moderate
2019-08-19 11:00:00,111.72623456790123,95.58575439453125,Severe,Severe
2019-08-19 12:00:00,136.64907407407406,129.76617431640625,Severe,Severe
2019-08-19 13:00:00,136.68301282051283,124.77391052246094,Severe,Severe
2019-08-19 14:00:00,166.81225490196078,144.96682739257812,Severe,Severe
2019-08-19 15:00:00,212.53181818181818,198.10955810546875,Severe,Severe
2019-08-19 16:00:00,186.0818452380952,167.53713989257812,Severe,Severe
2019-08-19 17:00:00,202.20404040404037,178.7861785888672,Severe,Severe
2019-08-19 18:00:00,217.27388888888888,202.9600067138672,Severe,Severe
2019-08-19 19:00:00,132.2019230769231,129.71783447265625,Severe,Severe
2019-08-19 20:00:00,136.04054054054055,115.22701263427734,Severe,Severe
2019-08-19 21:00:00,198.8511261261261,191.22283935546875,Severe,Severe
2019-08-19 22:00:00,226.46557017543861,224.48046875,Severe,Severe
2019-08-19 23:00:00,225.25738095238097,210.67535400390625,Severe,Severe
2019-08-20 00:00:00,248.11984126984126,226.45889282226562,Severe,Severe
2019-08-20 01:00:00,166.15384615384616,131.17161560058594,Severe,Severe
2019-08-20 02:00:00,170.0272222222222,147.1338348388672,Severe,Severe
2019-08-20 03:00:00,34.858333333333334,2.064720392227173,Moderate,Normal
2019-08-20 04:00:00,72.30454545454545,66.03856658935547,Moderate,Moderate
2019-08-20 05:00:00,34.68333333333333,30.370948791503906,Moderate,Moderate
2019-08-20 06:00:00,21.410119047619045,18.820573806762695,Moderate,Normal
2019-08-20 07:00:00,45.37962962962963,41.091861724853516,Moderate,Moderate
2019-08-20 08:00:00,23.880833333333335,19.875354766845703,Moderate,Normal
2019-08-20 09:00:00,77.21590909090911,66.2118148803711,Moderate,Moderate
2019-08-20 10:00:00,73.858,71.53199005126953,Moderate,Moderate
2019-08-20 11:00:00,113.84462365591395,99.57831573486328,Severe,Severe
2019-08-20 12:00:00,140.4969696969697,136.25192260742188,Severe,Severe
2019-08-20 13:00:00,176.49547619047618,163.12339782714844,Severe,Severe
2019-08-20 14:00:00,171.23564814814816,162.9992218017578,Severe,Severe
2019-08-20 15:00:00,179.4352941176471,170.89163208007812,Severe,Severe
2019-08-20 16:00:00,180.04259259259257,165.07308959960938,Severe,Severe
2019-08-20 17:00:00,230.9027777777778,219.16209411621094,Severe,Severe
2019-08-20 18:00:00,170.99739583333334,166.1981964111328,Severe,Severe
2019-08-20 19:00:00,134.176875,128.67974853515625,Severe,Severe
2019-08-20 20:00:00,149.49926470588233,138.50253295898438,Severe,Severe
2019-08-20 21:00:00,204.74623015873016,202.4928436279297,Severe,Severe
2019-08-20 22:00:00,213.6127906976744,209.8210906982422,Severe,Severe
2019-08-20 23:00:00,269.58333333333337,262.481201171875,Severe,Severe
2019-08-21 00:00:00,193.17833333333334,177.4574737548828,Severe,Severe
2019-08-21 01:00:00,90.89166666666667,65.33540344238281,Severe,Moderate
2019-08-21 02:00:00,167.5878787878788,121.88862609863281,Severe,Severe
2019-08-21 03:00:00,28.3875,0.18038010597229004,Moderate,Normal
2019-08-21 04:00:00,141.2107843137255,83.9765396118164,Severe,Moderate
2019-08-21 05:00:00,9.367708333333333,2.348797559738159,Normal,Normal
2019-08-21 06:00:00,70.2538888888889,43.696372985839844,Moderate,Moderate
2019-08-21 07:00:00,27.527450980392157,23.137222290039062,Moderate,Moderate
2019-08-21 08:00:00,25.543333333333333,22.636089324951172,Moderate,Moderate
2019-08-21 09:00:00,88.16410256410255,86.34416961669922,Moderate,Moderate
2019-08-21 10:00:00,75.78301282051282,82.64864349365234,Moderate,Moderate
2019-08-21 11:00:00,142.06102941176468,122.31682586669922,Severe,Severe
2019-08-21 12:00:00,142.7669540229885,140.6321258544922,Severe,Severe
2019-08-21 13:00:00,144.03063063063064,139.74131774902344,Severe,Severe
2019-08-21 14:00:00,195.1575396825397,187.80075073242188,Severe,Severe
2019-08-21 15:00:00,193.19166666666666,179.56216430664062,Severe,Severe
2019-08-21 16:00:00,162.0828703703704,145.17959594726562,Severe,Severe
2019-08-21 17:00:00,184.57916666666665,179.83529663085938,Severe,Severe
2019-08-21 18:00:00,177.61333333333332,172.5630645751953,Severe,Severe
2019-08-21 19:00:00,135.7599593495935,126.79550170898438,Severe,Severe
2019-08-21 20:00:00,147.56944444444446,142.33786010742188,Severe,Severe
2019-08-21 21:00:00,188.74467592592592,187.78533935546875,Severe,Severe
2019-08-21 22:00:00,207.86348039215684,198.3248748779297,Severe,Severe
2019-08-21 23:00:00,222.30142857142857,208.30543518066406,Severe,Severe
2019-08-22 00:00:00,197.40666666666667,178.16342163085938,Severe,Severe
2019-08-22 01:00:00,102.12166666666667,109.4452896118164,Severe,Severe
2019-08-22 02:00:00,155.00069444444446,90.29366302490234,Severe,Severe
2019-08-22 03:00:00,144.79666666666668,122.2502670288086,Severe,Severe
2019-08-22 04:00:00,68.34696969696971,40.59528350830078,Moderate,Moderate
2019-08-22 05:00:00,91.2125,54.97776794433594,Severe,Moderate
2019-08-22 06:00:00,24.01666666666667,22.55872917175293,Moderate,Moderate
2019-08-22 07:00:00,85.65686274509804,57.73049545288086,Moderate,Moderate
2019-08-22 08:00:00,25.355999999999998,18.049772262573242,Moderate,Normal
2019-08-22 09:00:00,94.7413043478261,74.23558807373047,Severe,Moderate
2019-08-22 10:00:00,62.161458333333336,47.904964447021484,Moderate,Moderate
2019-08-22 11:00:00,110.21866666666666,91.2541732788086,Severe,Severe
2019-08-22 12:00:00,134.31880341880338,123.11067962646484,Severe,Severe
2019-08-22 13:00:00,137.64910714285713,129.92318725585938,Severe,Severe
2019-08-22 14:00:00,163.55208333333331,158.66909790039062,Severe,Severe
2019-08-22 15:00:00,177.41111111111113,175.7711639404297,Severe,Severe
2019-08-22 16:00:00,153.83214285714286,143.66468811035156,Severe,Severe
2019-08-22 17:00:00,198.4739247311828,169.19972229003906,Severe,Severe
2019-08-22 18:00:00,200.17380952380952,183.87509155273438,Severe,Severe
2019-08-22 19:00:00,170.56,160.36790466308594,Severe,Severe
2019-08-22 20:00:00,150.91644144144146,140.1786651611328,Severe,Severe
2019-08-22 21:00:00,208.45360360360363,196.7324676513672,Severe,Severe
2019-08-22 22:00:00,237.54646464646467,218.79513549804688,Severe,Severe
2019-08-22 23:00:00,246.80277777777778,235.5186309814453,Severe,Severe
2019-08-23 00:00:00,181.93684210526314,172.45074462890625,Severe,Severe
2019-08-23 01:00:00,102.68484848484849,65.67286682128906,Severe,Moderate
2019-08-23 02:00:00,183.265625,141.13885498046875,Severe,Severe
2019-08-23 03:00:00,2.9555555555555557,1.2247518301010132,Normal,Normal
2019-08-23 04:00:00,84.27111111111113,54.09517288208008,Moderate,Moderate
2019-08-23 05:00:00,25.508888888888887,16.818796157836914,Moderate,Normal
2019-08-23 06:00:00,28.419642857142858,21.152149200439453,Moderate,Moderate
2019-08-23 07:00:00,90.27708333333334,73.39190673828125,Severe,Moderate
2019-08-23 08:00:00,21.328787878787878,4.296682357788086,Moderate,Normal
2019-08-23 09:00:00,86.2611111111111,84.9156723022461,Moderate,Moderate
2019-08-23 10:00:00,68.94166666666668,55.272193908691406,Moderate,Moderate
2019-08-23 11:00:00,150.18419540229883,138.3021240234375,Severe,Severe
2019-08-23 12:00:00,125.33776041666667,106.34088134765625,Severe,Severe
2019-08-23 13:00:00,184.3961711711712,178.97323608398438,Severe,Severe
2019-08-23 14:00:00,143.65833333333333,133.67185974121094,Severe,Severe
2019-08-23 15:00:00,218.46643518518516,205.23764038085938,Severe,Severe
2019-08-23 16:00:00,150.56333333333333,123.72164916992188,Severe,Severe
2019-08-23 17:00:00,177.44309523809522,170.8802947998047,Severe,Severe
2019-08-23 18:00:00,179.97062499999998,172.32785034179688,Severe,Severe
2019-08-23 19:00:00,170.75833333333335,156.56179809570312,Severe,Severe
2019-08-23 20:00:00,121.02062500000002,100.27214050292969,Severe,Severe
2019-08-23 21:00:00,199.74333333333334,193.64218139648438,Severe,Severe
2019-08-23 22:00:00,201.64481981981982,183.0127716064453,Severe,Severe
2019-08-23 23:00:00,248.3490740740741,237.95909118652344,Severe,Severe
2019-08-24 00:00:00,267.6208333333333,264.6312561035156,Severe,Severe
2019-08-24 01:00:00,80.0,31.561790466308594,Moderate,Moderate
2019-08-24 02:00:00,184.78916666666666,129.85118103027344,Severe,Severe
2019-08-24 03:00:00,60.0,48.91792297363281,Moderate,Moderate
2019-08-24 04:00:00,112.26333333333335,91.47972106933594,Severe,Severe
2019-08-24 05:00:00,43.324561403508774,36.681373596191406,Moderate,Moderate
2019-08-24 06:00:00,29.92843137254902,16.84444808959961,Moderate,Normal
2019-08-24 07:00:00,88.27539682539684,61.1455078125,Moderate,Moderate
2019-08-24 08:00:00,21.830000000000002,18.927967071533203,Moderate,Normal
2019-08-24 09:00:00,92.48541666666667,81.53634643554688,Severe,Moderate
2019-08-24 10:00:00,82.40871212121213,64.61590576171875,Moderate,Moderate
2019-08-24 11:00:00,130.1969696969697,104.60525512695312,Severe,Severe
2019-08-24 12:00:00,143.72430555555556,139.4811248779297,Severe,Severe
2019-08-24 13:00:00,115.74144736842103,110.55711364746094,Severe,Severe
2019-08-24 14:00:00,158.09950980392156,151.8459930419922,Severe,Severe
2019-08-24 15:00:00,196.95000000000002,186.7696533203125,Severe,Severe
2019-08-24 16:00:00,138.1290404040404,136.6498565673828,Severe,Severe
2019-08-24 17:00:00,233.64607843137256,222.51803588867188,Severe,Severe
2019-08-24 18:00:00,149.22872807017544,145.0058135986328,Severe,Severe
2019-08-24 19:00:00,166.1406746031746,158.1656951904297,Severe,Severe
2019-08-24 20:00:00,132.45778985507246,131.65171813964844,Severe,Severe
2019-08-24 21:00:00,225.06752136752135,221.4071044921875,Severe,Severe
2019-08-24 22:00:00,206.8967171717172,207.472412109375,Severe,Severe
2019-08-24 23:00:00,269.18611111111113,261.0995788574219,Severe,Severe
2019-08-25 00:00:00,187.78623188405797,167.74044799804688,Severe,Severe
2019-08-25 01:00:00,57.11249999999999,65.88182830810547,Moderate,Moderate
2019-08-25 02:00:00,197.1727272727273,142.42527770996094,Severe,Severe
2019-08-25 03:00:00,180.5,109.3749008178711,Severe,Severe
2019-08-25 04:00:00,71.83229166666666,52.6768684387207,Moderate,Moderate
2019-08-25 05:00:00,33.206944444444446,31.315183639526367,Moderate,Moderate
2019-08-25 06:00:00,22.482407407407408,16.141380310058594,Moderate,Normal
2019-08-25 07:00:00,20.861250000000002,17.92757797241211,Moderate,Normal
2019-08-25 08:00:00,36.67272727272727,16.975812911987305,Moderate,Normal
2019-08-25 09:00:00,82.43765432098765,77.9078598022461,Moderate,Moderate
2019-08-25 10:00:00,77.15905797101448,63.761741638183594,Moderate,Moderate
2019-08-25 11:00:00,96.27277777777778,84.9178237915039,Severe,Moderate
2019-08-25 12:00:00,161.94649122807022,158.60858154296875,Severe,Severe
2019-08-25 13:00:00,137.9232905982906,137.0538787841797,Severe,Severe
2019-08-25 14:00:00,206.75045045045044,203.21533203125,Severe,Severe
2019-08-25 15:00:00,153.41129032258064,146.49896240234375,Severe,Severe
2019-08-25 16:00:00,159.44188034188033,149.01153564453125,Severe,Severe
2019-08-25 17:00:00,181.71200980392155,166.62782287597656,Severe,Severe
2019-08-25 18:00:00,172.5621794871795,168.34323120117188,Severe,Severe
2019-08-25 19:00:00,112.75241228070175,111.14946746826172,Severe,Severe
2019-08-25 20:00:00,119.51904761904763,115.6488265991211,Severe,Severe
2019-08-25 21:00:00,215.5886574074074,207.53741455078125,Severe,Severe
2019-08-25 22:00:00,222.47521929824563,209.1649932861328,Severe,Severe
2019-08-25 23:00:00,256.61249999999995,242.1951141357422,Severe,Severe
2019-08-26 00:00:00,224.20396825396827,199.44659423828125,Severe,Severe
2019-08-26 01:00:00,170.7654761904762,87.86434173583984,Severe,Moderate
2019-08-26 02:00:00,180.7380952380952,158.39419555664062,Severe,Severe
2019-08-26 03:00:00,30.56666666666667,2.4831933975219727,Moderate,Normal
2019-08-26 04:00:00,54.64404761904762,53.0070915222168,Moderate,Moderate
2019-08-26 05:00:00,36.44500000000001,26.883960723876953,Moderate,Moderate
2019-08-26 06:00:00,17.495416666666667,14.108942031860352,Normal,Normal
2019-08-26 07:00:00,53.90714285714286,38.55388259887695,Moderate,Moderate
2019-08-26 08:00:00,45.917857142857144,25.69549560546875,Moderate,Moderate
2019-08-26 09:00:00,84.30724637681159,84.28910827636719,Moderate,Moderate
2019-08-26 10:00:00,80.15543478260871,67.14166259765625,Moderate,Moderate
2019-08-26 11:00:00,109.23095238095239,90.16465759277344,Severe,Severe
2019-08-26 12:00:00,136.72824074074074,131.83737182617188,Severe,Severe
2019-08-26 13:00:00,154.63785714285714,143.80848693847656,Severe,Severe
2019-08-26 14:00:00,187.2179012345679,168.2948455810547,Severe,Severe
2019-08-26 15:00:00,199.1284188034188,163.98095703125,Severe,Severe
2019-08-26 16:00:00,154.11270833333333,145.47830200195312,Severe,Severe
2019-08-26 17:00:00,187.23611111111111,166.21717834472656,Severe,Severe
2019-08-26 18:00:00,177.38,171.9230499267578,Severe,Severe
2019-08-26 19:00:00,97.08728070175437,96.31006622314453,Severe,Severe
2019-08-26 20:00:00,146.06075268817204,141.8793182373047,Severe,Severe
2019-08-26 21:00:00,220.8809829059829,213.95797729492188,Severe,Severe
2019-08-26 22:00:00,222.0921171171171,205.90414428710938,Severe,Severe
2019-08-26 23:00:00,257.4617117117117,252.02972412109375,Severe,Severe
2019-08-27 00:00:00,245.24999999999997,216.2698211669922,Severe,Severe
2019-08-27 01:00:00,98.20151515151515,76.83464813232422,Severe,Moderate
2019-08-27 02:00:00,166.30128205128207,151.01766967773438,Severe,Severe
2019-08-27 03:00:00,120.0,53.2252311706543,Severe,Moderate
2019-08-27 04:00:00,34.97727272727273,34.92268371582031,Moderate,Moderate
2019-08-27 05:00:00,26.363095238095237,25.285663604736328,Moderate,Moderate
2019-08-27 06:00:00,29.12222222222222,23.95032501220703,Moderate,Moderate
2019-08-27 07:00:00,49.70595238095238,48.76974105834961,Moderate,Moderate
2019-08-27 08:00:00,28.452499999999997,19.249208450317383,Moderate,Normal
2019-08-27 09:00:00,58.79135802469136,53.24070739746094,Moderate,Moderate
2019-08-27 10:00:00,86.19886363636364,80.17212677001953,Moderate,Moderate
2019-08-27 11:00:00,96.21397849462365,81.09140014648438,Severe,Moderate
2019-08-27 12:00:00,159.4587962962963,151.08241271972656,Severe,Severe
2019-08-27 13:00:00,184.74797297297295,174.9156036376953,Severe,Severe
2019-08-27 14:00:00,140.19916666666668,137.94125366210938,Severe,Severe
2019-08-27 15:00:00,191.9980263157895,179.9019317626953,Severe,Severe
2019-08-27 16:00:00,170.37261904761905,165.2895050048828,Severe,Severe
2019-08-27 17:00:00,197.94516129032257,187.06393432617188,Severe,Severe
2019-08-27 18:00:00,176.16857142857145,170.89463806152344,Severe,Severe
2019-08-27 19:00:00,128.86496212121213,127.38849639892578,Severe,Severe
2019-08-27 20:00:00,169.55698198198198,160.34158325195312,Severe,Severe
2019-08-27 21:00:00,201.23495934959348,197.36070251464844,Severe,Severe
2019-08-27 22:00:00,221.12214285714288,214.56646728515625,Severe,Severe
2019-08-27 23:00:00,256.80785714285713,254.6177978515625,Severe,Severe
2019-08-28 00:00:00,235.98492063492063,221.14401245117188,Severe,Severe
2019-08-28 01:00:00,192.55,151.95993041992188,Severe,Severe
2019-08-28 02:00:00,174.54833333333332,135.8119659423828,Severe,Severe
2019-08-28 03:00:00,0.0,2.874660015106201,Normal,Normal
2019-08-28 04:00:00,97.8611111111111,58.44702911376953,Severe,Moderate
2019-08-28 05:00:00,78.30245098039215,36.90781021118164,Moderate,Moderate
2019-08-28 06:00:00,22.079761904761902,14.382399559020996,Moderate,Normal
2019-08-28 07:00:00,60.312962962962956,43.88315963745117,Moderate,Moderate
2019-08-28 08:00:00,25.922916666666666,23.88104248046875,Moderate,Moderate
2019-08-28 09:00:00,73.387,69.38701629638672,Moderate,Moderate
2019-08-28 10:00:00,62.633,51.22285461425781,Moderate,Moderate
2019-08-28 11:00:00,141.97097701149423,128.92413330078125,Severe,Severe
2019-08-28 12:00:00,141.77547619047618,126.58706665039062,Severe,Severe
2019-08-28 13:00:00,151.43640350877192,141.79507446289062,Severe,Severe
2019-08-28 14:00:00,173.62017543859648,167.38507080078125,Severe,Severe
2019-08-28 15:00:00,144.60952380952384,139.62086486816406,Severe,Severe
2019-08-28 16:00:00,164.87693798449612,150.8283233642578,Severe,Severe
2019-08-28 17:00:00,199.7644144144144,190.15042114257812,Severe,Severe
2019-08-28 18:00:00,141.967094017094,137.4171600341797,Severe,Severe
2019-08-28 19:00:00,105.05653153153153,105.8691635131836,Severe,Severe
2019-08-28 20:00:00,106.42752525252526,99.87338256835938,Severe,Severe
2019-08-28 21:00:00,227.13333333333335,211.30972290039062,Severe,Severe
2019-08-28 22:00:00,226.75606060606063,219.7870635986328,Severe,Severe
2019-08-28 23:00:00,273.49120370370366,271.9527587890625,Severe,Severe
2019-08-29 00:00:00,172.74659090909088,141.54722595214844,Severe,Severe
2019-08-29 01:00:00,180.0,140.17381286621094,Severe,Severe
2019-08-29 02:00:00,166.49772727272727,150.362548828125,Severe,Severe
2019-08-29 03:00:00,21.8625,2.9169793128967285,Moderate,Normal
2019-08-29 04:00:00,126.44166666666668,89.69764709472656,Severe,Moderate
2019-08-29 05:00:00,81.03095238095239,64.8125228881836,Moderate,Moderate
2019-08-29 06:00:00,29.75735294117647,17.760957717895508,Moderate,Normal
2019-08-29 07:00:00,55.96785714285714,50.46742630004883,Moderate,Moderate
2019-08-29 08:00:00,24.35340909090909,5.713485240936279,Moderate,Normal
2019-08-29 09:00:00,95.02066666666667,90.173828125,Severe,Severe
2019-08-29 10:00:00,75.05753968253968,59.12929153442383,Moderate,Moderate
2019-08-29 11:00:00,107.82619047619046,100.74999237060547,Severe,Severe
2019-08-29 12:00:00,103.0540404040404,97.55369567871094,Severe,Severe
2019-08-29 13:00:00,135.38869047619048,133.1202392578125,Severe,Severe
2019-08-29 14:00:00,193.8872549019608,188.40277099609375,Severe,Severe
2019-08-29 15:00:00,191.36111111111111,165.17420959472656,Severe,Severe
2019-08-29 16:00:00,137.44560185185185,123.35039520263672,Severe,Severe
2019-08-29 17:00:00,197.22361111111115,182.24757385253906,Severe,Severe
2019-08-29 18:00:00,176.5036036036036,161.21939086914062,Severe,Severe
2019-08-29 19:00:00,126.97171052631582,116.61329650878906,Severe,Severe
2019-08-29 20:00:00,152.17565789473687,119.57923126220703,Severe,Severe
2019-08-29 21:00:00,210.35026041666669,199.7047576904297,Severe,Severe
2019-08-29 22:00:00,212.64809523809524,197.82611083984375,Severe,Severe
2019-08-29 23:00:00,220.66641414141415,213.75933837890625,Severe,Severe
2019-08-30 00:00:00,226.86631944444443,213.1326904296875,Severe,Severe
2019-08-30 01:00:00,93.5125,74.87120819091797,Severe,Moderate
2019-08-30 02:00:00,146.58083333333335,128.36355590820312,Severe,Severe
2019-08-30 03:00:00,120.0,100.12454986572266,Severe,Severe
2019-08-30 04:00:00,84.05952380952381,58.194549560546875,Moderate,Moderate
2019-08-30 05:00:00,26.672222222222224,23.540767669677734,Moderate,Moderate
2019-08-30 06:00:00,25.80897435897436,21.782501220703125,Moderate,Moderate
2019-08-30 07:00:00,54.03712121212121,33.867042541503906,Moderate,Moderate
2019-08-30 08:00:00,21.686363636363637,18.135892868041992,Moderate,Normal
2019-08-30 09:00:00,99.6804347826087,91.3088607788086,Severe,Severe
2019-08-30 10:00:00,65.91666666666666,55.347599029541016,Moderate,Moderate
2019-08-30 11:00:00,128.44055555555556,109.38923645019531,Severe,Severe
2019-08-30 12:00:00,154.3340277777778,140.7869415283203,Severe,Severe
2019-08-30 13:00:00,158.717,150.9090118408203,Severe,Severe
2019-08-30 14:00:00,172.8236842105263,168.9217529296875,Severe,Severe
2019-08-30 15:00:00,172.99368686868684,162.04904174804688,Severe,Severe
2019-08-30 16:00:00,154.83159722222223,133.71946716308594,Severe,Severe
2019-08-30 17:00:00,209.7776041666667,196.47000122070312,Severe,Severe
2019-08-30 18:00:00,181.39166666666665,161.42539978027344,Severe,Severe
2019-08-30 19:00:00,164.03952991452994,151.38636779785156,Severe,Severe
2019-08-30 20:00:00,135.96328828828828,114.56486511230469,Severe,Severe
2019-08-30 21:00:00,220.46437500000002,207.28335571289062,Severe,Severe
2019-08-30 22:00:00,234.90225225225225,214.6398162841797,Severe,Severe
2019-08-30 23:00:00,212.13991228070176,200.41639709472656,Severe,Severe
2019-09-01 00:00:00,228.87041666666664,204.1752471923828,Severe,Severe
2019-09-01 01:00:00,214.72222222222223,170.51364135742188,Severe,Severe
2019-09-01 02:00:00,177.8048245614035,131.35922241210938,Severe,Severe
2019-09-01 03:00:00,32.116666666666674,6.9153642654418945,Moderate,Normal
2019-09-01 04:00:00,69.48815789473684,40.41288757324219,Moderate,Moderate
2019-09-01 05:00:00,6.644642857142856,4.6381354331970215,Normal,Normal
2019-09-01 06:00:00,53.719607843137254,35.80068588256836,Moderate,Moderate
2019-09-01 07:00:00,33.53263888888889,28.690298080444336,Moderate,Moderate
2019-09-01 08:00:00,21.500925925925927,19.93709945678711,Moderate,Normal
2019-09-01 09:00:00,82.80347222222223,73.95870208740234,Moderate,Moderate
2019-09-01 10:00:00,81.11628787878789,62.4517822265625,Moderate,Moderate
2019-09-01 11:00:00,114.84015151515153,95.07422637939453,Severe,Severe
2019-09-01 12:00:00,150.10578703703706,142.7872772216797,Severe,Severe
2019-09-01 13:00:00,155.72884615384615,144.52755737304688,Severe,Severe
2019-09-01 14:00:00,169.959375,169.5895538330078,Severe,Severe
2019-09-01 15:00:00,197.4775641025641,164.53147888183594,Severe,Severe
2019-09-01 16:00:00,146.11709401709402,145.463134765625,Severe,Severe
2019-09-01 17:00:00,184.41151960784313,166.79147338867188,Severe,Severe
2019-09-01 18:00:00,140.62947154471541,133.38424682617188,Severe,Severe
2019-09-01 19:00:00,130.88739316239315,121.56614685058594,Severe,Severe
2019-09-01 20:00:00,118.17109375000001,111.13541412353516,Severe,Severe
2019-09-01 21:00:00,201.59904761904764,200.90914916992188,Severe,Severe
2019-09-01 22:00:00,213.62850877192983,210.9333953857422,Severe,Severe
2019-09-01 23:00:00,266.5434343434344,255.8120880126953,Severe,Severe
2019-09-02 00:00:00,189.54117647058823,186.8927764892578,Severe,Severe
2019-09-02 01:00:00,93.77666666666667,82.01111602783203,Severe,Moderate
2019-09-02 02:00:00,151.34666666666666,129.8367462158203,Severe,Severe
2019-09-02 03:00:00,166.61666666666667,73.90978240966797,Severe,Moderate
2019-09-02 04:00:00,116.70357142857142,78.00792694091797,Severe,Moderate
2019-09-02 05:00:00,35.67156862745098,24.794355392456055,Moderate,Moderate
2019-09-02 06:00:00,22.113235294117644,16.482776641845703,Moderate,Normal
2019-09-02 07:00:00,67.72575757575758,43.122074127197266,Moderate,Moderate
2019-09-02 08:00:00,12.015686274509806,6.301313877105713,Normal,Normal
2019-09-02 09:00:00,86.18949275362318,84.15105438232422,Moderate,Moderate
2019-09-02 10:00:00,63.33898809523809,62.324371337890625,Moderate,Moderate
2019-09-02 11:00:00,108.92993827160495,95.00482940673828,Severe,Severe
2019-09-02 12:00:00,113.60858585858585,111.42849731445312,Severe,Severe
2019-09-02 13:00:00,151.59419191919193,149.0210723876953,Severe,Severe
2019-09-02 14:00:00,155.06,149.05088806152344,Severe,Severe
2019-09-02 15:00:00,177.67886904761903,165.338623046875,Severe,Severe
2019-09-02 16:00:00,167.535,150.64637756347656,Severe,Severe
2019-09-02 17:00:00,192.19615384615386,169.5359649658203,Severe,Severe
2019-09-02 18:00:00,153.3673611111111,147.24020385742188,Severe,Severe
2019-09-02 19:00:00,104.41124031007752,102.15213775634766,Severe,Severe
2019-09-02 20:00:00,139.87822580645164,130.1339874267578,Severe,Severe
2019-09-02 21:00:00,227.7354700854701,215.0868682861328,Severe,Severe
2019-09-02 22:00:00,198.31763565891472,187.991943359375,Severe,Severe
2019-09-02 23:00:00,249.6763513513514,233.19039916992188,Severe,Severe
2019-09-03 00:00:00,227.787037037037,179.3885040283203,Severe,Severe
2019-09-03 01:00:00,127.95119047619048,101.70235443115234,Severe,Severe
2019-09-03 02:00:00,203.67037037037036,105.11848449707031,Severe,Severe
2019-09-03 03:00:00,99.91388888888889,46.8482780456543,Severe,Moderate
2019-09-03 04:00:00,119.45555555555556,88.86185455322266,Severe,Moderate
2019-09-03 05:00:00,57.26845238095238,29.024059295654297,Moderate,Moderate
2019-09-03 06:00:00,47.62380952380953,36.63330841064453,Moderate,Moderate
2019-09-03 07:00:00,23.476190476190474,19.394628524780273,Moderate,Normal
2019-09-03 08:00:00,44.102777777777774,45.40371322631836,Moderate,Moderate
2019-09-03 09:00:00,101.56916666666666,71.62389373779297,Severe,Moderate
2019-09-03 10:00:00,89.6532608695652,81.80648040771484,Moderate,Moderate
2019-09-03 11:00:00,129.52816091954023,120.29093933105469,Severe,Severe
2019-09-03 12:00:00,126.33828828828831,118.03148651123047,Severe,Severe
2019-09-03 13:00:00,193.07428571428574,190.61373901367188,Severe,Severe
2019-09-03 14:00:00,137.39144144144143,127.52994537353516,Severe,Severe
2019-09-03 15:00:00,179.5438888888889,166.27951049804688,Severe,Severe
2019-09-03 16:00:00,174.08963963963964,167.01272583007812,Severe,Severe
2019-09-03 17:00:00,221.33548387096775,204.6800994873047,Severe,Severe
2019-09-03 18:00:00,173.33440860215052,172.03097534179688,Severe,Severe
2019-09-03 19:00:00,126.6558943089431,125.93386840820312,Severe,Severe
2019-09-03 20:00:00,122.9201754385965,110.51382446289062,Severe,Severe
2019-09-03 21:00:00,208.5945945945946,205.37342834472656,Severe,Severe
2019-09-03 22:00:00,233.35162037037037,226.50958251953125,Severe,Severe
2019-09-03 23:00:00,214.62657657657655,212.62400817871094,Severe,Severe
2019-09-04 00:00:00,195.54375,184.23045349121094,Severe,Severe
2019-09-04 01:00:00,99.55333333333333,86.5646743774414,Severe,Moderate
2019-09-04 02:00:00,101.34833333333333,77.80730438232422,Severe,Moderate
2019-09-04 03:00:00,123.26666666666667,52.34562683105469,Severe,Moderate
2019-09-04 04:00:00,93.82291666666667,54.53683090209961,Severe,Moderate
2019-09-04 05:00:00,40.81296296296296,35.30972671508789,Moderate,Moderate
2019-09-04 06:00:00,64.35972222222222,26.318105697631836,Moderate,Moderate
2019-09-04 07:00:00,46.25416666666668,33.49388885498047,Moderate,Moderate
2019-09-04 08:00:00,25.696825396825396,21.48662757873535,Moderate,Moderate
2019-09-04 09:00:00,73.78750000000001,63.15110778808594,Moderate,Moderate
2019-09-04 10:00:00,100.93712121212121,86.72077178955078,Severe,Moderate
2019-09-04 11:00:00,108.53009259259258,88.34573364257812,Severe,Moderate
2019-09-04 12:00:00,138.41379310344828,105.62535095214844,Severe,Severe
2019-09-04 13:00:00,158.4897619047619,140.13851928710938,Severe,Severe
2019-09-04 14:00:00,189.9222222222222,177.7924346923828,Severe,Severe
2019-09-04 15:00:00,152.72166666666664,136.25872802734375,Severe,Severe
2019-09-04 16:00:00,193.46027777777778,169.91497802734375,Severe,Severe
2019-09-04 17:00:00,163.30178571428567,108.55028533935547,Severe,Severe
2019-09-04 18:00:00,243.18906250000003,217.72850036621094,Severe,Severe
2019-09-04 19:00:00,207.17311827956993,177.89488220214844,Severe,Severe
2019-09-04 20:00:00,171.16388888888886,143.9549560546875,Severe,Severe
2019-09-04 21:00:00,209.3924019607843,172.3382568359375,Severe,Severe
2019-09-04 22:00:00,207.75952380952378,163.6000213623047,Severe,Severe
2019-09-04 23:00:00,226.12714285714284,180.1973114013672,Severe,Severe
2019-09-05 00:00:00,253.11818181818182,217.06802368164062,Severe,Severe
2019-09-05 01:00:00,164.02575757575758,89.87014770507812,Severe,Moderate
2019-09-05 02:00:00,107.51969696969697,120.42028045654297,Severe,Severe
2019-09-05 03:00:00,33.11388888888889,22.9583683013916,Moderate,Moderate
2019-09-05 04:00:00,134.46444444444444,92.58785247802734,Severe,Severe
2019-09-05 05:00:00,15.534848484848483,28.714214324951172,Normal,Moderate
2019-09-05 06:00:00,59.41111111111112,56.022064208984375,Moderate,Moderate
2019-09-05 07:00:00,82.71378205128205,47.61330032348633,Moderate,Moderate
2019-09-05 08:00:00,40.896153846153844,34.52823257446289,Moderate,Moderate
2019-09-05 09:00:00,92.18583333333333,93.56011962890625,Severe,Severe
2019-09-05 10:00:00,71.2876811594203,40.15749740600586,Moderate,Moderate
2019-09-05 11:00:00,110.01761904761904,91.6804428100586,Severe,Severe
2019-09-05 12:00:00,132.1270202020202,123.0838623046875,Severe,Severe
2019-09-05 13:00:00,170.53333333333336,153.84156799316406,Severe,Severe
2019-09-05 14:00:00,127.35714285714286,109.60208892822266,Severe,Severe
2019-09-05 15:00:00,216.00752688172045,191.9949188232422,Severe,Severe
2019-09-05 16:00:00,148.0077777777778,130.58824157714844,Severe,Severe
2019-09-05 17:00:00,168.41238095238097,148.08377075195312,Severe,Severe
2019-09-05 18:00:00,189.379674796748,167.4988555908203,Severe,Severe
2019-09-05 19:00:00,136.66299019607843,131.3565673828125,Severe,Severe
2019-09-05 20:00:00,142.49188596491229,125.17533111572266,Severe,Severe
2019-09-05 21:00:00,146.6033950617284,143.82913208007812,Severe,Severe
2019-09-05 22:00:00,206.0418918918919,174.940185546875,Severe,Severe
2019-09-05 23:00:00,224.4975225225225,209.836669921875,Severe,Severe
2019-09-06 00:00:00,235.8686507936508,210.3153533935547,Severe,Severe
2019-09-06 01:00:00,147.82401960784313,124.7391128540039,Severe,Severe
2019-09-06 02:00:00,130.425,93.9516830444336,Severe,Severe
2019-09-06 03:00:00,46.65555555555556,9.963671684265137,Moderate,Normal
2019-09-06 04:00:00,111.48809523809523,85.23725128173828,Severe,Moderate
2019-09-06 05:00:00,44.78431372549019,26.831405639648438,Moderate,Moderate
2019-09-06 06:00:00,27.741176470588233,22.748886108398438,Moderate,Moderate
2019-09-06 07:00:00,38.20643939393939,34.625003814697266,Moderate,Moderate
2019-09-06 08:00:00,25.629583333333336,25.43902587890625,Moderate,Moderate
2019-09-06 09:00:00,86.73712121212121,82.23556518554688,Moderate,Moderate
2019-09-06 10:00:00,77.81826923076923,72.12348937988281,Moderate,Moderate
2019-09-06 11:00:00,85.26532258064518,75.58946228027344,Moderate,Moderate
2019-09-06 12:00:00,147.53111111111113,140.01483154296875,Severe,Severe
2019-09-06 13:00:00,149.94215686274512,147.52088928222656,Severe,Severe
2019-09-06 14:00:00,164.16984126984127,155.3555908203125,Severe,Severe
2019-09-06 15:00:00,188.9808080808081,174.90786743164062,Severe,Severe
2019-09-06 16:00:00,173.35176767676768,166.70179748535156,Severe,Severe
2019-09-06 17:00:00,172.97063492063492,153.4007568359375,Severe,Severe
2019-09-06 18:00:00,165.0199074074074,163.74789428710938,Severe,Severe
2019-09-06 19:00:00,131.20101626016262,123.14319610595703,Severe,Severe
2019-09-06 20:00:00,149.98976190476193,142.9962615966797,Severe,Severe
2019-09-06 21:00:00,165.4156862745098,151.99029541015625,Severe,Severe
2019-09-06 22:00:00,217.23310810810813,215.1090545654297,Severe,Severe
2019-09-06 23:00:00,234.64960317460321,226.39376831054688,Severe,Severe
2019-09-07 00:00:00,239.11893939393943,206.3490753173828,Severe,Severe
2019-09-07 01:00:00,205.71428571428572,134.7402801513672,Severe,Severe
2019-09-07 02:00:00,140.7429487179487,125.69587707519531,Severe,Severe
2019-09-07 03:00:00,112.61111111111113,96.43783569335938,Severe,Severe
2019-09-07 04:00:00,83.51851851851853,79.51214599609375,Moderate,Moderate
2019-09-07 05:00:00,56.16282051282052,31.072755813598633,Moderate,Moderate
2019-09-07 06:00:00,28.704901960784316,20.483747482299805,Moderate,Moderate
2019-09-07 07:00:00,59.38333333333333,47.16909408569336,Moderate,Moderate
2019-09-07 08:00:00,4.991666666666667,6.8226542472839355,Normal,Normal
2019-09-07 09:00:00,86.72857142857143,78.00614929199219,Moderate,Moderate
2019-09-07 10:00:00,82.47355072463769,60.884185791015625,Moderate,Moderate
2019-09-07 11:00:00,93.97291666666666,84.01228332519531,Severe,Moderate
2019-09-07 12:00:00,157.45416666666665,126.77557373046875,Severe,Severe
2019-09-07 13:00:00,145.18837719298244,128.9982147216797,Severe,Severe
2019-09-07 14:00:00,173.8979797979798,170.8594207763672,Severe,Severe
2019-09-07 15:00:00,139.4810185185185,127.78192901611328,Severe,Severe
2019-09-07 16:00:00,150.4247807017544,130.0343017578125,Severe,Severe
2019-09-07 17:00:00,181.3992857142857,163.40863037109375,Severe,Severe
2019-09-07 18:00:00,221.20635964912282,210.51039123535156,Severe,Severe
2019-09-07 19:00:00,126.44954954954954,118.95547485351562,Severe,Severe
2019-09-07 20:00:00,142.21261261261265,136.68711853027344,Severe,Severe
2019-09-07 21:00:00,190.61581196581196,174.24085998535156,Severe,Severe
2019-09-07 22:00:00,224.62132352941177,208.86671447753906,Severe,Severe
2019-09-07 23:00:00,166.18004385964915,150.8004150390625,Severe,Severe
2019-09-08 00:00:00,267.7626984126984,231.1929473876953,Severe,Severe
2019-09-08 01:00:00,106.00416666666663,58.96746063232422,Severe,Moderate
2019-09-08 02:00:00,124.55250000000001,90.68122863769531,Severe,Severe
2019-09-08 03:00:00,182.84166666666667,133.60276794433594,Severe,Severe
2019-09-08 04:00:00,90.38333333333334,73.61898040771484,Severe,Moderate
2019-09-08 05:00:00,49.1888888888889,13.41837215423584,Moderate,Normal
2019-09-08 06:00:00,63.530952380952385,45.22736358642578,Moderate,Moderate
2019-09-08 07:00:00,45.55530303030303,24.609485626220703,Moderate,Moderate
2019-09-08 08:00:00,20.33219696969697,3.7936277389526367,Moderate,Normal
2019-09-08 09:00:00,88.68636363636364,84.47842407226562,Moderate,Moderate
2019-09-08 10:00:00,91.42261904761905,77.16590118408203,Severe,Moderate
2019-09-08 11:00:00,86.86076388888888,70.48157501220703,Moderate,Moderate
2019-09-08 12:00:00,129.80490196078432,102.56201934814453,Severe,Severe
2019-09-08 13:00:00,164.86550925925928,139.0341033935547,Severe,Severe
2019-09-08 14:00:00,160.4982905982906,149.92800903320312,Severe,Severe
2019-09-08 15:00:00,195.9030701754386,182.5911102294922,Severe,Severe
2019-09-08 16:00:00,168.61600877192984,155.9545440673828,Severe,Severe
2019-09-08 17:00:00,200.74655172413796,170.9402313232422,Severe,Severe
2019-09-08 18:00:00,159.5265625,139.73483276367188,Severe,Severe
2019-09-08 19:00:00,141.66907894736846,137.95628356933594,Severe,Severe
2019-09-08 20:00:00,139.47540650406503,131.5467071533203,Severe,Severe
2019-09-08 21:00:00,195.56367521367522,177.94810485839844,Severe,Severe
2019-09-08 22:00:00,199.66495098039218,176.63446044921875,Severe,Severe
2019-09-08 23:00:00,225.42800925925928,212.03221130371094,Severe,Severe
2019-09-09 00:00:00,224.24845679012347,206.7354278564453,Severe,Severe
2019-09-09 01:00:00,136.21190476190478,117.97151947021484,Severe,Severe
2019-09-09 02:00:00,157.61607142857142,134.4390106201172,Severe,Severe
2019-09-09 03:00:00,0.0,1.0756380558013916,Normal,Normal
2019-09-09 04:00:00,37.16309523809524,44.901512145996094,Moderate,Moderate
2019-09-09 05:00:00,58.583333333333336,51.34468078613281,Moderate,Moderate
2019-09-09 06:00:00,15.51184210526316,5.233628273010254,Normal,Normal
2019-09-09 07:00:00,80.15066666666667,56.4258918762207,Moderate,Moderate
2019-09-09 08:00:00,8.283771929824562,4.657555103302002,Normal,Normal
2019-09-09 09:00:00,89.76250000000002,83.02911376953125,Moderate,Moderate
2019-09-09 10:00:00,106.45694444444445,91.4012222290039,Severe,Severe
2019-09-09 11:00:00,103.79315476190474,80.50602722167969,Severe,Moderate
2019-09-09 12:00:00,94.0206896551724,77.85059356689453,Severe,Moderate
2019-09-09 13:00:00,187.6086111111111,160.9879913330078,Severe,Severe
2019-09-09 14:00:00,119.11388888888888,86.72359466552734,Severe,Moderate
2019-09-09 15:00:00,212.09189814814815,199.88636779785156,Severe,Severe
2019-09-09 16:00:00,189.27272727272728,159.2344970703125,Severe,Severe
2019-09-09 17:00:00,189.1662037037037,169.9604949951172,Severe,Severe
2019-09-09 18:00:00,203.61965811965814,195.21664428710938,Severe,Severe
2019-09-09 19:00:00,158.51463414634148,147.248779296875,Severe,Severe
2019-09-09 20:00:00,100.00591397849463,77.79965209960938,Severe,Moderate
2019-09-09 21:00:00,180.62104166666668,169.632080078125,Severe,Severe
2019-09-09 22:00:00,210.01971544715448,202.7497100830078,Severe,Severe
2019-09-09 23:00:00,230.14462365591396,213.96231079101562,Severe,Severe
2019-09-10 00:00:00,228.3340579710145,235.6073760986328,Severe,Severe
2019-09-10 01:00:00,178.015625,139.0350799560547,Severe,Severe
2019-09-10 02:00:00,122.69652777777777,103.11397552490234,Severe,Severe
2019-09-10 03:00:00,74.05666666666666,66.4729995727539,Moderate,Moderate
2019-09-10 04:00:00,38.00909090909091,36.16572952270508,Moderate,Moderate
2019-09-10 05:00:00,48.023717948717945,34.259681701660156,Moderate,Moderate
2019-09-10 06:00:00,17.543750000000003,20.822059631347656,Normal,Moderate
2019-09-10 07:00:00,32.00555555555555,30.905006408691406,Moderate,Moderate
2019-09-10 08:00:00,36.94848484848485,32.47233581542969,Moderate,Moderate
2019-09-10 09:00:00,84.25208333333335,76.39954376220703,Moderate,Moderate
2019-09-10 10:00:00,52.71005747126437,45.51826095581055,Moderate,Moderate
2019-09-10 11:00:00,96.1396551724138,90.46784210205078,Severe,Severe
2019-09-10 12:00:00,158.0532258064516,136.2033233642578,Severe,Severe
2019-09-10 13:00:00,172.2103535353535,153.6157989501953,Severe,Severe
2019-09-10 14:00:00,151.29615384615383,145.31581115722656,Severe,Severe
2019-09-10 15:00:00,179.8469696969697,177.31307983398438,Severe,Severe
2019-09-10 16:00:00,148.58903508771928,140.1833038330078,Severe,Severe
2019-09-10 17:00:00,193.97395833333331,163.98431396484375,Severe,Severe
2019-09-10 18:00:00,178.69516129032255,165.11660766601562,Severe,Severe
2019-09-10 19:00:00,85.86356589147286,79.28533935546875,Moderate,Moderate
2019-09-10 20:00:00,130.19010416666669,136.4912109375,Severe,Severe
2019-09-10 21:00:00,179.96359649122806,178.12261962890625,Severe,Severe
2019-09-10 22:00:00,201.25509259259263,201.90606689453125,Severe,Severe
2019-09-10 23:00:00,266.7788288288288,253.2955780029297,Severe,Severe
2019-09-11 00:00:00,176.30793650793652,158.01840209960938,Severe,Severe
2019-09-11 01:00:00,146.04259259259257,147.58306884765625,Severe,Severe
2019-09-11 02:00:00,195.1275641025641,167.42027282714844,Severe,Severe
2019-09-11 03:00:00,0.0,4.491344451904297,Normal,Normal
2019-09-11 04:00:00,69.76979166666666,41.773094177246094,Moderate,Moderate
2019-09-11 05:00:00,50.764444444444436,56.35410690307617,Moderate,Moderate
2019-09-11 06:00:00,18.850462962962965,19.308834075927734,Normal,Normal
2019-09-11 07:00:00,27.510227272727274,21.03712272644043,Moderate,Moderate
2019-09-11 08:00:00,53.376086956521746,33.92006301879883,Moderate,Moderate
2019-09-11 09:00:00,87.29365079365078,72.08132934570312,Moderate,Moderate
2019-09-11 10:00:00,75.459,73.74861907958984,Moderate,Moderate
2019-09-11 11:00:00,108.46206896551725,110.7099838256836,Severe,Severe
2019-09-11 12:00:00,151.93489583333334,142.04881286621094,Severe,Severe
2019-09-11 13:00:00,126.24414414414413,120.13655090332031,Severe,Severe
2019-09-11 14:00:00,152.5063063063063,140.17274475097656,Severe,Severe
2019-09-11 15:00:00,206.47939814814814,184.12039184570312,Severe,Severe
2019-09-11 16:00:00,168.63486842105263,156.52059936523438,Severe,Severe
2019-09-11 17:00:00,163.84666666666666,152.4515380859375,Severe,Severe
2019-09-11 18:00:00,178.3063063063063,174.26918029785156,Severe,Severe
2019-09-11 19:00:00,102.65833333333333,100.63578796386719,Severe,Severe
2019-09-11 20:00:00,108.22432432432431,96.6468505859375,Severe,Severe
2019-09-11 21:00:00,203.19642857142856,198.2926025390625,Severe,Severe
2019-09-11 22:00:00,205.32543859649124,199.10897827148438,Severe,Severe
2019-09-11 23:00:00,245.98009259259257,238.4642791748047,Severe,Severe
2019-09-12 00:00:00,209.87980769230768,194.17205810546875,Severe,Severe
2019-09-12 01:00:00,144.1825,114.65755462646484,Severe,Severe
2019-09-12 02:00:00,136.23385416666667,119.37187957763672,Severe,Severe
2019-09-12 03:00:00,0.0,2.727595090866089,Normal,Normal
2019-09-12 04:00:00,118.33076923076925,81.41792297363281,Severe,Moderate
2019-09-12 05:00:00,40.666666666666664,38.750083923339844,Moderate,Moderate
2019-09-12 06:00:00,40.228240740740745,31.80089569091797,Moderate,Moderate
2019-09-12 07:00:00,43.333333333333336,35.4491081237793,Moderate,Moderate
2019-09-12 08:00:00,43.867916666666666,39.08528137207031,Moderate,Moderate
2019-09-12 09:00:00,87.67936507936508,72.62104034423828,Moderate,Moderate
2019-09-12 10:00:00,73.4354938271605,72.27754211425781,Moderate,Moderate
2019-09-12 11:00:00,132.04080459770114,110.72270965576172,Severe,Severe
2019-09-12 12:00:00,125.7872807017544,110.4627914428711,Severe,Severe
2019-09-12 13:00:00,150.22972972972974,128.2292022705078,Severe,Severe
2019-09-12 14:00:00,171.5922619047619,166.79019165039062,Severe,Severe
2019-09-12 15:00:00,207.90403225806452,190.27549743652344,Severe,Severe
2019-09-12 16:00:00,144.92671568627452,138.10398864746094,Severe,Severe
2019-09-12 17:00:00,188.49273504273506,174.3521270751953,Severe,Severe
2019-09-12 18:00:00,167.97095238095238,158.37637329101562,Severe,Severe
2019-09-12 19:00:00,101.605,96.06745910644531,Severe,Severe
2019-09-12 20:00:00,117.43445945945948,116.03180694580078,Severe,Severe
2019-09-12 21:00:00,203.34758771929825,201.6566925048828,Severe,Severe
2019-09-12 22:00:00,207.16071428571425,200.02593994140625,Severe,Severe
2019-09-12 23:00:00,214.1054054054054,202.0811309814453,Severe,Severe
2019-09-13 00:00:00,208.49545454545458,175.5127716064453,Severe,Severe
2019-09-13 01:00:00,220.04848484848483,184.11959838867188,Severe,Severe
2019-09-13 02:00:00,108.1732142857143,81.779052734375,Severe,Moderate
2019-09-13 03:00:00,360.0,217.38999938964844,Severe,Severe
2019-09-13 04:00:00,93.425,75.05416107177734,Severe,Moderate
2019-09-13 05:00:00,36.251666666666665,46.421146392822266,Moderate,Moderate
2019-09-13 06:00:00,35.33484848484848,26.782636642456055,Moderate,Moderate
2019-09-13 07:00:00,27.265151515151516,17.684980392456055,Moderate,Normal
2019-09-13 08:00:00,66.43819444444445,42.60193634033203,Moderate,Moderate
2019-09-13 09:00:00,83.785,55.754905700683594,Moderate,Moderate
2019-09-13 10:00:00,119.0177536231884,100.97544860839844,Severe,Severe
2019-09-13 11:00:00,130.15539215686275,105.59093475341797,Severe,Severe
2019-09-13 12:00:00,130.76689189189193,118.42028045654297,Severe,Severe
2019-09-13 13:00:00,159.43678861788618,143.17555236816406,Severe,Severe
2019-09-13 14:00:00,139.97190476190477,133.4729461669922,Severe,Severe
2019-09-13 15:00:00,216.98576388888887,193.83656311035156,Severe,Severe
2019-09-13 16:00:00,170.8127192982456,138.2358856201172,Severe,Severe
2019-09-13 17:00:00,169.76690476190478,143.45094299316406,Severe,Severe
2019-09-13 18:00:00,176.55109649122807,153.9654083251953,Severe,Severe
2019-09-13 19:00:00,156.86534090909092,141.46031188964844,Severe,Severe
2019-09-13 20:00:00,143.94907407407408,136.36253356933594,Severe,Severe
2019-09-13 21:00:00,181.8647916666667,164.19192504882812,Severe,Severe
2019-09-13 22:00:00,187.1453947368421,176.47593688964844,Severe,Severe
2019-09-13 23:00:00,210.7096846846847,206.061767578125,Severe,Severe
2019-09-14 00:00:00,254.6795138888889,213.0513458251953,Severe,Severe
2019-09-14 01:00:00,189.72857142857143,131.54908752441406,Severe,Severe
2019-09-14 02:00:00,91.4375,85.92107391357422,Severe,Moderate
2019-09-14 03:00:00,153.625,101.89641571044922,Severe,Severe
2019-09-14 04:00:00,100.69270833333333,88.77406311035156,Severe,Moderate
2019-09-14 05:00:00,4.637878787878788,2.5874807834625244,Normal,Normal
2019-09-14 06:00:00,7.775641025641026,3.629619836807251,Normal,Normal
2019-09-14 07:00:00,71.19107142857142,48.481143951416016,Moderate,Moderate
2019-09-14 08:00:00,53.3840579710145,48.281455993652344,Moderate,Moderate
2019-09-14 09:00:00,62.020833333333336,40.30258560180664,Moderate,Moderate
2019-09-14 10:00:00,87.59434523809524,84.19120025634766,Moderate,Moderate
2019-09-14 11:00:00,123.85648148148147,110.34813690185547,Severe,Severe
2019-09-14 12:00:00,107.90176767676768,103.92182922363281,Severe,Severe
2019-09-14 13:00:00,155.94857142857143,154.6148681640625,Severe,Severe
2019-09-14 14:00:00,161.1316239316239,151.8631134033203,Severe,Severe
2019-09-14 15:00:00,181.57139639639638,180.0591583251953,Severe,Severe
2019-09-14 16:00:00,181.79671717171718,182.6017608642578,Severe,Severe
2019-09-14 17:00:00,178.2537037037037,163.45701599121094,Severe,Severe
2019-09-14 18:00:00,165.15021929824562,158.2488250732422,Severe,Severe
2019-09-14 19:00:00,114.58547008547008,111.03937530517578,Severe,Severe
2019-09-14 20:00:00,119.75518018018018,107.0673828125,Severe,Severe
2019-09-14 21:00:00,208.12800925925924,204.0519256591797,Severe,Severe
2019-09-14 22:00:00,194.42719298245615,173.6555938720703,Severe,Severe
2019-09-14 23:00:00,221.95833333333331,208.9609832763672,Severe,Severe
2019-09-15 00:00:00,223.28560606060609,195.40399169921875,Severe,Severe
2019-09-15 01:00:00,190.71666666666667,159.10923767089844,Severe,Severe
2019-09-15 02:00:00,270.0,91.34386444091797,Severe,Severe
2019-09-15 03:00:00,270.0,170.17718505859375,Severe,Severe
2019-09-15 04:00:00,106.56145833333333,67.31753540039062,Severe,Moderate
2019-09-15 05:00:00,100.37916666666666,44.12685775756836,Severe,Moderate
2019-09-16 01:00:00,0.0,4.381586074829102,Normal,Normal
2019-09-16 02:00:00,206.78333333333333,200.6997833251953,Severe,Severe
2019-09-16 04:00:00,51.025,59.64921188354492,Moderate,Moderate
2019-09-16 05:00:00,58.66410256410257,29.9368896484375,Moderate,Moderate
2019-09-16 06:00:00,25.401851851851852,18.61063003540039,Moderate,Normal
2019-09-16 07:00:00,53.6281746031746,37.884010314941406,Moderate,Moderate
2019-09-16 08:00:00,21.508695652173913,19.500320434570312,Moderate,Normal
2019-09-16 09:00:00,101.15555555555554,90.42353820800781,Severe,Severe
2019-09-16 10:00:00,68.96212121212122,64.1612777709961,Moderate,Moderate
2019-09-16 11:00:00,135.4666666666667,113.25772094726562,Severe,Severe
2019-09-16 12:00:00,126.37333333333332,122.2206039428711,Severe,Severe
2019-09-16 13:00:00,121.95000000000002,122.42726135253906,Severe,Severe
2019-09-16 14:00:00,190.51228070175438,184.36801147460938,Severe,Severe
2019-09-16 15:00:00,240.6637254901961,226.4451141357422,Severe,Severe
2019-09-16 16:00:00,176.91794871794872,157.2804412841797,Severe,Severe
2019-09-16 17:00:00,170.72060185185188,167.3288116455078,Severe,Severe
2019-09-16 18:00:00,201.76171171171174,194.66729736328125,Severe,Severe
2019-09-16 19:00:00,122.27222222222223,118.12625122070312,Severe,Severe
2019-09-16 20:00:00,143.6341463414634,137.57565307617188,Severe,Severe
2019-09-16 21:00:00,178.88958333333335,173.66123962402344,Severe,Severe
2019-09-16 22:00:00,220.8079268292683,217.029052734375,Severe,Severe
2019-09-16 23:00:00,235.88023809523807,221.54803466796875,Severe,Severe
2019-09-17 00:00:00,265.2977272727273,254.04339599609375,Severe,Severe
2019-09-17 01:00:00,90.0,77.01030731201172,Moderate,Moderate
2019-09-17 02:00:00,168.97916666666666,137.38278198242188,Severe,Severe
2019-09-17 03:00:00,0.8933333333333333,2.6451973915100098,Normal,Normal
2019-09-17 04:00:00,110.99833333333333,98.88087463378906,Severe,Severe
2019-09-17 05:00:00,28.941666666666666,3.318934917449951,Moderate,Normal
2019-09-17 06:00:00,31.34298245614035,28.04181480407715,Moderate,Moderate
2019-09-17 07:00:00,44.28703703703704,40.74706268310547,Moderate,Moderate
2019-09-17 08:00:00,3.2704545454545455,3.915017604827881,Normal,Normal
2019-09-17 09:00:00,101.06759259259259,76.0133056640625,Severe,Moderate
2019-09-17 10:00:00,50.72380952380953,49.20231628417969,Moderate,Moderate
2019-09-17 11:00:00,131.23619791666667,118.02128601074219,Severe,Severe
2019-09-17 12:00:00,84.44540229885057,76.78805541992188,Moderate,Moderate
2019-09-17 13:00:00,151.89301801801804,145.2622528076172,Severe,Severe
2019-09-17 14:00:00,160.04404761904763,144.06748962402344,Severe,Severe
2019-09-17 15:00:00,179.3078125,174.82720947265625,Severe,Severe
2019-09-17 16:00:00,176.325,172.28219604492188,Severe,Severe
2019-09-17 17:00:00,190.87941176470588,183.49258422851562,Severe,Severe
2019-09-17 18:00:00,169.56406249999998,157.20361328125,Severe,Severe
2019-09-17 19:00:00,141.25427350427353,140.5119171142578,Severe,Severe
2019-09-17 20:00:00,108.68821839080461,111.38530731201172,Severe,Severe
2019-09-17 21:00:00,199.0295238095238,187.711181640625,Severe,Severe
2019-09-17 22:00:00,219.072037037037,210.1887969970703,Severe,Severe
2019-09-17 23:00:00,229.88888888888889,227.72413635253906,Severe,Severe
2019-09-18 00:00:00,225.34230769230768,204.03973388671875,Severe,Severe
2019-09-18 01:00:00,102.85714285714286,90.52025604248047,Severe,Severe
2019-09-18 02:00:00,140.66858974358973,117.79005432128906,Severe,Severe
2019-09-18 03:00:00,131.16111111111113,89.03182220458984,Severe,Moderate
2019-09-18 04:00:00,91.9551282051282,62.942626953125,Severe,Moderate
2019-09-18 05:00:00,31.520238095238096,27.49069595336914,Moderate,Moderate
2019-09-18 06:00:00,39.44166666666666,32.67522430419922,Moderate,Moderate
2019-09-18 07:00:00,55.07000000000001,38.80257797241211,Moderate,Moderate
2019-09-18 08:00:00,4.85,5.988165855407715,Normal,Normal
2019-09-18 09:00:00,98.49066666666666,70.00091552734375,Severe,Moderate
2019-09-18 10:00:00,74.59305555555555,71.60600280761719,Moderate,Moderate
2019-09-18 11:00:00,141.8738095238095,127.99537658691406,Severe,Severe
2019-09-18 12:00:00,117.47023809523812,116.29734802246094,Severe,Severe
2019-09-18 13:00:00,139.66274509803924,134.9198455810547,Severe,Severe
2019-09-18 14:00:00,174.91770833333334,169.9706573486328,Severe,Severe
2019-09-18 15:00:00,200.0151960784314,184.86373901367188,Severe,Severe
2019-09-18 16:00:00,156.01238738738738,147.87899780273438,Severe,Severe
2019-09-18 17:00:00,180.47552083333335,175.01290893554688,Severe,Severe
2019-09-18 18:00:00,153.31435185185185,147.82281494140625,Severe,Severe
2019-09-18 19:00:00,133.88333333333333,125.87557220458984,Severe,Severe
2019-09-18 20:00:00,156.20653153153154,144.68972778320312,Severe,Severe
2019-09-18 21:00:00,179.8708333333333,165.5740966796875,Severe,Severe
2019-09-18 22:00:00,217.60775862068965,208.9251251220703,Severe,Severe
2019-09-18 23:00:00,185.51527777777778,179.4119110107422,Severe,Severe
2019-09-19 00:00:00,232.02031250000002,214.5037384033203,Severe,Severe
2019-09-19 01:00:00,184.20572916666669,91.25279235839844,Severe,Severe
2019-09-19 02:00:00,140.89423076923077,123.03506469726562,Severe,Severe
2019-09-19 03:00:00,0.0,1.6033644676208496,Normal,Normal
2019-09-19 04:00:00,84.0037037037037,59.29150390625,Moderate,Moderate
2019-09-19 05:00:00,66.66818181818181,71.6043701171875,Moderate,Moderate
2019-09-19 06:00:00,22.438333333333336,19.133596420288086,Moderate,Normal
2019-09-19 07:00:00,71.60925925925926,57.21049118041992,Moderate,Moderate
2019-09-19 08:00:00,23.6984126984127,19.111360549926758,Moderate,Normal
2019-09-19 09:00:00,79.02536231884058,70.99817657470703,Moderate,Moderate
2019-09-19 10:00:00,77.68552631578947,74.3152084350586,Moderate,Moderate
2019-09-19 11:00:00,119.95911458333335,100.43572998046875,Severe,Severe
2019-09-19 12:00:00,106.53235294117646,102.7459487915039,Severe,Severe
2019-09-19 13:00:00,142.21867816091955,126.26762390136719,Severe,Severe
2019-09-19 14:00:00,163.9429487179487,160.97152709960938,Severe,Severe
2019-09-19 15:00:00,212.53972222222222,185.58889770507812,Severe,Severe
2019-09-19 16:00:00,182.17890624999998,172.58128356933594,Severe,Severe
2019-09-19 17:00:00,186.05138888888888,180.35028076171875,Severe,Severe
2019-09-19 18:00:00,161.8611842105263,140.9302215576172,Severe,Severe
2019-09-19 19:00:00,124.34380341880343,121.64573669433594,Severe,Severe
2019-09-19 20:00:00,137.79736842105262,116.97184753417969,Severe,Severe
2019-09-19 21:00:00,174.9502192982456,171.9067840576172,Severe,Severe
2019-09-19 22:00:00,223.16960784313727,217.07081604003906,Severe,Severe
2019-09-19 23:00:00,230.9041666666667,218.75282287597656,Severe,Severe
2019-09-20 00:00:00,179.2436507936508,161.06637573242188,Severe,Severe
2019-09-20 01:00:00,135.06538461538463,134.73696899414062,Severe,Severe
2019-09-20 02:00:00,107.20833333333334,90.88308715820312,Severe,Severe
2019-09-20 03:00:00,90.0,55.020660400390625,Moderate,Moderate
2019-09-20 04:00:00,117.42023809523809,85.97242736816406,Severe,Moderate
2019-09-20 05:00:00,31.01527777777778,28.89025115966797,Moderate,Moderate
2019-09-20 06:00:00,18.610294117647058,18.5550479888916,Normal,Normal
2019-09-20 07:00:00,43.98416666666667,36.503150939941406,Moderate,Moderate
2019-09-20 08:00:00,26.91470588235294,24.22803497314453,Moderate,Moderate
2019-09-20 09:00:00,66.65869565217392,60.408329010009766,Moderate,Moderate
2019-09-20 10:00:00,51.098188405797096,44.88063049316406,Moderate,Moderate
2019-09-20 11:00:00,131.18838383838386,118.40388488769531,Severe,Severe
2019-09-20 12:00:00,146.19838709677418,142.9236602783203,Severe,Severe
2019-09-20 13:00:00,140.70812500000002,127.45991516113281,Severe,Severe
2019-09-20 14:00:00,170.9472222222222,168.6529083251953,Severe,Severe
2019-09-20 15:00:00,209.11333333333334,192.6370086669922,Severe,Severe
2019-09-20 16:00:00,191.5755376344086,185.15623474121094,Severe,Severe
2019-09-20 17:00:00,150.08480392156864,142.42567443847656,Severe,Severe
2019-09-20 18:00:00,163.69629629629628,161.52784729003906,Severe,Severe
2019-09-20 19:00:00,131.73333333333335,122.78704071044922,Severe,Severe
2019-09-20 20:00:00,143.1517156862745,141.21023559570312,Severe,Severe
2019-09-20 21:00:00,146.58186274509802,143.78526306152344,Severe,Severe
2019-09-20 22:00:00,222.73903508771932,223.85494995117188,Severe,Severe
2019-09-20 23:00:00,211.44419191919195,200.49200439453125,Severe,Severe
2019-09-21 00:00:00,256.69841269841265,225.8480987548828,Severe,Severe
2019-09-21 01:00:00,193.90576923076924,166.80384826660156,Severe,Severe
2019-09-21 02:00:00,225.94791666666666,186.2743682861328,Severe,Severe
2019-09-21 03:00:00,144.0,99.16670227050781,Severe,Severe
2019-09-21 04:00:00,360.0,298.92523193359375,Severe,Severe
2019-09-21 05:00:00,2.678787878787879,6.515829563140869,Normal,Normal
2019-09-21 06:00:00,6.233333333333333,3.0890655517578125,Normal,Normal
2019-09-21 07:00:00,24.667647058823526,38.01980209350586,Moderate,Moderate
2019-09-21 08:00:00,74.59666666666666,67.23863983154297,Moderate,Moderate
2019-09-21 09:00:00,60.95942028985506,51.900455474853516,Moderate,Moderate
2019-09-21 10:00:00,64.36960784313726,51.33037185668945,Moderate,Moderate
2019-09-21 11:00:00,130.39930555555557,114.95934295654297,Severe,Severe
2019-09-21 12:00:00,114.51891025641027,103.89818572998047,Severe,Severe
2019-09-21 13:00:00,139.28232323232322,128.08348083496094,Severe,Severe
2019-09-21 14:00:00,131.5413043478261,128.9501495361328,Severe,Severe
2019-09-21 15:00:00,199.0222222222222,190.30523681640625,Severe,Severe
2019-09-21 16:00:00,194.94320987654322,173.9686737060547,Severe,Severe
2019-09-21 17:00:00,126.73589743589744,97.39462280273438,Severe,Severe
2019-09-21 18:00:00,135.35122549019607,101.56507110595703,Severe,Severe
2019-09-21 19:00:00,168.63452380952384,152.2966766357422,Severe,Severe
2019-09-21 20:00:00,146.45793650793652,117.46420288085938,Severe,Severe
2019-09-21 21:00:00,245.06428571428572,215.4282684326172,Severe,Severe
2019-09-21 22:00:00,166.58333333333331,135.45916748046875,Severe,Severe
2019-09-21 23:00:00,220.28838383838382,178.0732421875,Severe,Severe
2019-09-22 00:00:00,262.0416666666667,239.8914031982422,Severe,Severe
2019-09-22 01:00:00,188.57916666666665,99.65946197509766,Severe,Severe
2019-09-22 02:00:00,220.25500000000002,149.64596557617188,Severe,Severe
2019-09-22 03:00:00,180.74583333333334,258.12615966796875,Severe,Severe
2019-09-22 04:00:00,147.715,104.71257019042969,Severe,Severe
2019-09-22 05:00:00,3.2583333333333337,3.600123882293701,Normal,Normal
2019-09-22 06:00:00,2.6131944444444444,2.475712537765503,Normal,Normal
2019-09-22 07:00:00,36.03833333333333,33.188209533691406,Moderate,Moderate
2019-09-22 08:00:00,22.28640350877193,20.084548950195312,Moderate,Moderate
2019-09-22 09:00:00,54.48125,48.09927749633789,Moderate,Moderate
2019-09-22 10:00:00,84.53916666666666,66.29890441894531,Moderate,Moderate
2019-09-22 11:00:00,116.09444444444443,102.29180908203125,Severe,Severe
2019-09-22 12:00:00,129.97619047619045,124.76270294189453,Severe,Severe
2019-09-22 13:00:00,185.66,175.20639038085938,Severe,Severe
2019-09-22 14:00:00,141.06827956989247,134.2324676513672,Severe,Severe
2019-09-22 15:00:00,235.62213541666665,219.2512664794922,Severe,Severe
2019-09-22 16:00:00,139.59464285714287,120.12599182128906,Severe,Severe
2019-09-22 17:00:00,196.22478632478632,169.05332946777344,Severe,Severe
2019-09-22 18:00:00,224.47526041666666,217.112060546875,Severe,Severe
2019-09-22 19:00:00,112.6280701754386,96.72247314453125,Severe,Severe
2019-09-22 20:00:00,153.60261904761907,134.700439453125,Severe,Severe
2019-09-22 21:00:00,173.54572072072074,155.74661254882812,Severe,Severe
2019-09-22 22:00:00,218.775625,213.2113494873047,Severe,Severe
2019-09-22 23:00:00,248.98119047619048,229.68035888671875,Severe,Severe
2019-09-23 00:00:00,255.83921568627449,220.56158447265625,Severe,Severe
2019-09-23 01:00:00,106.80185185185185,148.026123046875,Severe,Severe
2019-09-23 02:00:00,242.24537037037038,206.6252899169922,Severe,Severe
2019-09-23 03:00:00,221.35,305.5481872558594,Severe,Severe
2019-09-23 04:00:00,113.89871794871796,87.12870025634766,Severe,Moderate
2019-09-23 05:00:00,22.23452380952381,25.91878890991211,Moderate,Moderate
2019-09-23 06:00:00,29.088541666666668,17.430784225463867,Moderate,Normal
2019-09-23 07:00:00,35.85909090909091,33.334251403808594,Moderate,Moderate
2019-09-23 08:00:00,39.32833333333333,35.70829391479492,Moderate,Moderate
2019-09-23 09:00:00,67.0579365079365,59.620452880859375,Moderate,Moderate
2019-09-23 10:00:00,88.51413043478261,85.4320068359375,Moderate,Moderate
2019-09-23 11:00:00,118.22204301075269,112.76871490478516,Severe,Severe
2019-09-23 12:00:00,127.74032258064517,125.69469451904297,Severe,Severe
2019-09-23 13:00:00,149.77410714285716,140.66847229003906,Severe,Severe
2019-09-23 14:00:00,184.5573333333333,181.0450439453125,Severe,Severe
2019-09-23 15:00:00,180.75261904761905,170.97731018066406,Severe,Severe
2019-09-23 16:00:00,132.4886752136752,126.29752349853516,Severe,Severe
2019-09-23 17:00:00,157.29414414414416,135.27621459960938,Severe,Severe
2019-09-23 18:00:00,168.20833333333334,163.80267333984375,Severe,Severe
2019-09-23 19:00:00,147.9454166666667,140.1446075439453,Severe,Severe
2019-09-23 20:00:00,119.32337962962963,99.8342514038086,Severe,Severe
2019-09-23 21:00:00,206.40698198198197,204.59591674804688,Severe,Severe
2019-09-23 22:00:00,234.07430555555553,223.56512451171875,Severe,Severe
2019-09-23 23:00:00,230.80683760683763,220.99464416503906,Severe,Severe
2019-09-24 00:00:00,191.68659420289853,164.62562561035156,Severe,Severe
2019-09-24 01:00:00,180.0,135.4794158935547,Severe,Severe
2019-09-24 02:00:00,115.13511904761904,92.66900634765625,Severe,Severe
2019-09-24 03:00:00,109.09,48.45844650268555,Severe,Moderate
2019-09-24 04:00:00,74.235,71.67595672607422,Moderate,Moderate
2019-09-24 05:00:00,35.16363636363636,33.96113586425781,Moderate,Moderate
2019-09-24 06:00:00,24.743939393939396,24.71507453918457,Moderate,Moderate
2019-09-24 07:00:00,39.646491228070175,37.31157302856445,Moderate,Moderate
2019-09-24 08:00:00,25.283333333333335,20.67727279663086,Moderate,Moderate
2019-09-24 09:00:00,89.3013888888889,64.47315979003906,Moderate,Moderate
2019-09-24 10:00:00,81.984,71.41069030761719,Moderate,Moderate
2019-09-24 11:00:00,113.58440860215053,98.73848724365234,Severe,Severe
2019-09-24 12:00:00,126.56470588235294,120.799560546875,Severe,Severe
2019-09-24 13:00:00,154.58404761904762,136.4038848876953,Severe,Severe
2019-09-24 14:00:00,154.25428571428574,138.90460205078125,Severe,Severe
2019-09-24 15:00:00,208.9745098039216,177.85484313964844,Severe,Severe
2019-09-24 16:00:00,166.3408602150538,154.14271545410156,Severe,Severe
2019-09-24 17:00:00,186.5627777777778,167.40310668945312,Severe,Severe
2019-09-24 18:00:00,184.90755208333334,186.3539276123047,Severe,Severe
2019-09-24 19:00:00,116.46666666666665,92.11593627929688,Severe,Severe
2019-09-24 20:00:00,126.78851351351352,121.83796691894531,Severe,Severe
2019-09-24 21:00:00,204.44646464646465,199.0567626953125,Severe,Severe
2019-09-24 22:00:00,193.1372685185185,192.51304626464844,Severe,Severe
2019-09-24 23:00:00,255.19705882352937,237.53221130371094,Severe,Severe
2019-09-25 00:00:00,181.71568627450984,170.45553588867188,Severe,Severe
2019-09-25 01:00:00,124.29487179487181,117.19744110107422,Severe,Severe
2019-09-25 02:00:00,169.62986111111113,158.8504638671875,Severe,Severe
2019-09-25 03:00:00,120.0,87.26583099365234,Severe,Moderate
2019-09-25 04:00:00,68.1875,45.67461013793945,Moderate,Moderate
2019-09-25 05:00:00,50.292857142857144,20.303943634033203,Moderate,Moderate
2019-09-25 06:00:00,30.609722222222228,23.737478256225586,Moderate,Moderate
2019-09-25 07:00:00,31.93466666666667,15.558637619018555,Moderate,Normal
2019-09-25 08:00:00,30.12543859649123,21.475011825561523,Moderate,Moderate
2019-09-25 09:00:00,73.52933333333333,65.14924621582031,Moderate,Moderate
2019-09-25 10:00:00,127.4662878787879,104.234130859375,Severe,Severe
2019-09-25 11:00:00,124.94285714285714,108.25826263427734,Severe,Severe
2019-09-25 12:00:00,172.24094202898553,163.8074188232422,Severe,Severe
2019-09-25 13:00:00,183.04375,186.29244995117188,Severe,Severe
2019-09-25 14:00:00,150.32916666666668,136.83248901367188,Severe,Severe
2019-09-25 15:00:00,234.54057971014493,199.2191925048828,Severe,Severe
2019-09-25 16:00:00,160.51401515151514,155.82984924316406,Severe,Severe
2019-09-25 17:00:00,218.31749999999997,201.05088806152344,Severe,Severe
2019-09-25 18:00:00,193.80714285714285,186.7112579345703,Severe,Severe
2019-09-25 19:00:00,124.69007936507937,108.90323638916016,Severe,Severe
2019-09-25 20:00:00,122.21296296296298,109.79800415039062,Severe,Severe
2019-09-25 21:00:00,216.6478260869565,215.39224243164062,Severe,Severe
2019-09-25 22:00:00,234.7192528735632,207.46572875976562,Severe,Severe
2019-09-25 23:00:00,247.29974747474748,232.29568481445312,Severe,Severe
2019-09-26 00:00:00,169.56031746031744,159.11672973632812,Severe,Severe
2019-09-26 01:00:00,200.0736111111111,149.3338165283203,Severe,Severe
2019-09-26 02:00:00,115.31153846153846,100.98194885253906,Severe,Severe
2019-09-26 03:00:00,120.0,89.82296752929688,Severe,Moderate
2019-09-26 04:00:00,132.07261904761904,93.55292510986328,Severe,Severe
2019-09-26 05:00:00,53.897619047619045,41.47418212890625,Moderate,Moderate
2019-09-26 06:00:00,44.94444444444444,40.5667610168457,Moderate,Moderate
2019-09-26 07:00:00,69.52575757575757,39.24702072143555,Moderate,Moderate
2019-09-26 08:00:00,8.6,4.201013088226318,Normal,Normal
2019-09-26 09:00:00,54.07898550724637,51.37031173706055,Moderate,Moderate
2019-09-26 10:00:00,72.2567901234568,59.27583694458008,Moderate,Moderate
2019-09-26 11:00:00,115.37380952380953,108.42609405517578,Severe,Severe
2019-09-26 12:00:00,128.2563725490196,127.52662658691406,Severe,Severe
2019-09-26 13:00:00,130.92376543209878,121.33887481689453,Severe,Severe
2019-09-26 14:00:00,148.43777777777777,137.8340301513672,Severe,Severe
2019-09-26 15:00:00,175.55651041666667,159.65115356445312,Severe,Severe
2019-09-26 16:00:00,175.259375,169.52288818359375,Severe,Severe
2019-09-26 17:00:00,154.69553571428574,149.2257537841797,Severe,Severe
2019-09-26 18:00:00,172.7450980392157,163.5921173095703,Severe,Severe
2019-09-26 19:00:00,134.696568627451,130.25048828125,Severe,Severe
2019-09-26 20:00:00,157.8784188034188,140.92916870117188,Severe,Severe
2019-09-26 21:00:00,180.1611111111111,171.280029296875,Severe,Severe
2019-09-26 22:00:00,222.32619047619045,217.15118408203125,Severe,Severe
2019-09-26 23:00:00,215.35,200.8462371826172,Severe,Severe
2019-09-27 00:00:00,199.1306818181818,204.5897979736328,Severe,Severe
2019-09-27 01:00:00,122.09722222222223,85.26995849609375,Severe,Moderate
2019-09-27 02:00:00,99.02847222222222,82.91471862792969,Severe,Moderate
2019-09-27 03:00:00,216.0,173.76251220703125,Severe,Severe
2019-09-27 04:00:00,123.96666666666667,104.1356430053711,Severe,Severe
2019-09-27 05:00:00,31.892857142857142,25.491451263427734,Moderate,Moderate
2019-09-27 06:00:00,27.32638888888889,17.059993743896484,Moderate,Normal
2019-09-27 07:00:00,41.70648148148148,39.87605285644531,Moderate,Moderate
2019-09-27 08:00:00,22.093115942028984,6.697368621826172,Moderate,Normal
2019-09-27 09:00:00,76.87460317460318,68.51786041259766,Moderate,Moderate
2019-09-27 10:00:00,82.99393939393939,68.79412841796875,Moderate,Moderate
2019-09-27 11:00:00,173.00364583333334,122.8637466430664,Severe,Severe
2019-09-27 12:00:00,122.5150900900901,116.15856170654297,Severe,Severe
2019-09-27 13:00:00,156.54500000000002,135.9708251953125,Severe,Severe
2019-09-27 14:00:00,187.32291666666669,175.94129943847656,Severe,Severe
2019-09-27 15:00:00,186.31451612903226,161.12042236328125,Severe,Severe
2019-09-27 16:00:00,167.16495098039218,164.15829467773438,Severe,Severe
2019-09-27 17:00:00,163.99583333333334,142.97608947753906,Severe,Severe
2019-09-27 18:00:00,206.13088235294117,195.12692260742188,Severe,Severe
2019-09-27 19:00:00,117.16868686868686,110.79205322265625,Severe,Severe
2019-09-27 20:00:00,164.39957264957263,154.27685546875,Severe,Severe
2019-09-27 21:00:00,187.9244318181818,176.35870361328125,Severe,Severe
2019-09-27 22:00:00,213.30257936507934,209.06924438476562,Severe,Severe
2019-09-27 23:00:00,239.7640243902439,233.21353149414062,Severe,Severe
2019-09-28 00:00:00,192.32280701754388,172.7710418701172,Severe,Severe
2019-09-28 01:00:00,128.89880952380952,107.16149139404297,Severe,Severe
2019-09-28 02:00:00,200.04083333333332,128.47303771972656,Severe,Severe
2019-09-28 03:00:00,6.05,0.5232007503509521,Normal,Normal
2019-09-28 04:00:00,123.16111111111111,100.83146667480469,Severe,Severe
2019-09-28 05:00:00,49.48111111111111,17.53537368774414,Moderate,Normal
2019-09-28 06:00:00,11.796969696969699,2.5984268188476562,Normal,Normal
2019-09-28 07:00:00,39.08939393939394,32.94363021850586,Moderate,Moderate
2019-09-28 08:00:00,40.86228070175439,29.152639389038086,Moderate,Moderate
2019-09-28 09:00:00,96.67572463768117,80.75788879394531,Severe,Moderate
2019-09-28 10:00:00,51.86203703703704,40.66579055786133,Moderate,Moderate
2019-09-28 11:00:00,140.90771604938269,109.10123443603516,Severe,Severe
2019-09-28 12:00:00,129.5611111111111,111.12643432617188,Severe,Severe
2019-09-28 13:00:00,147.12184684684686,134.9370574951172,Severe,Severe
2019-09-28 14:00:00,154.94958333333335,147.88011169433594,Severe,Severe
2019-09-28 15:00:00,180.53717948717946,173.73114013671875,Severe,Severe
2019-09-28 16:00:00,120.36428571428571,75.4367904663086,Severe,Moderate
2019-09-28 17:00:00,202.6861111111111,171.21807861328125,Severe,Severe
2019-09-28 18:00:00,177.9925287356322,171.33474731445312,Severe,Severe
2019-09-28 19:00:00,150.83078703703703,135.44744873046875,Severe,Severe
2019-09-28 20:00:00,154.48536036036035,137.27377319335938,Severe,Severe
2019-09-28 21:00:00,184.25855263157897,166.04428100585938,Severe,Severe
2019-09-28 22:00:00,199.2914772727273,182.48817443847656,Severe,Severe
2019-09-28 23:00:00,222.05448717948718,216.94387817382812,Severe,Severe
2019-09-29 00:00:00,212.7952380952381,153.4845428466797,Severe,Severe
2019-09-29 01:00:00,200.66875,106.88262939453125,Severe,Severe
2019-09-29 02:00:00,170.83589743589744,147.61521911621094,Severe,Severe
2019-09-29 03:00:00,77.27333333333334,53.627288818359375,Moderate,Moderate
2019-09-29 04:00:00,97.64999999999999,56.59478759765625,Severe,Moderate
2019-09-29 05:00:00,51.35,16.218820571899414,Moderate,Normal
2019-09-29 06:00:00,5.637777777777779,1.8327282667160034,Normal,Normal
2019-09-29 07:00:00,25.767083333333336,19.638477325439453,Moderate,Normal
2019-09-29 08:00:00,38.73804347826087,19.71674919128418,Moderate,Normal
2019-09-29 09:00:00,59.61923076923077,59.902286529541016,Moderate,Moderate
2019-09-29 10:00:00,76.01992753623189,63.92616271972656,Moderate,Moderate
2019-09-29 11:00:00,102.79722222222222,88.97486114501953,Severe,Moderate
2019-09-29 12:00:00,147.66536458333331,143.383544921875,Severe,Severe
2019-09-29 13:00:00,172.82428571428574,168.6973419189453,Severe,Severe
2019-09-29 14:00:00,182.0134259259259,172.88259887695312,Severe,Severe
2019-09-29 15:00:00,190.2525641025641,166.78103637695312,Severe,Severe
2019-09-29 16:00:00,158.49875,140.41159057617188,Severe,Severe
2019-09-29 17:00:00,156.52175925925928,130.88967895507812,Severe,Severe
2019-09-29 18:00:00,136.76813725490197,135.49241638183594,Severe,Severe
2019-09-29 19:00:00,138.01250000000002,134.6331329345703,Severe,Severe
2019-09-29 20:00:00,126.18564814814815,118.63148498535156,Severe,Severe
2019-09-29 21:00:00,191.11444444444444,185.8004913330078,Severe,Severe
2019-09-29 22:00:00,206.47520833333334,197.04904174804688,Severe,Severe
2019-09-29 23:00:00,225.8237373737374,203.54640197753906,Severe,Severe
2019-10-01 00:00:00,205.6990740740741,166.58245849609375,Severe,Severe
2019-10-01 01:00:00,221.53846153846155,153.90975952148438,Severe,Severe
2019-10-01 02:00:00,107.37205882352941,105.09066772460938,Severe,Severe
2019-10-01 03:00:00,2.066666666666667,65.07465362548828,Normal,Moderate
2019-10-01 04:00:00,72.84871794871795,55.54814147949219,Moderate,Moderate
2019-10-01 05:00:00,5.694791666666667,1.4047491550445557,Normal,Normal
2019-10-01 06:00:00,21.754444444444445,18.692913055419922,Moderate,Normal
2019-10-01 07:00:00,49.45795454545455,41.49116516113281,Moderate,Moderate
2019-10-01 08:00:00,23.28174603174603,19.477975845336914,Moderate,Normal
2019-10-01 09:00:00,65.92333333333333,57.292083740234375,Moderate,Moderate
2019-10-01 10:00:00,87.58715277777777,82.73917388916016,Moderate,Moderate
2019-10-01 11:00:00,96.71071428571427,91.9565200805664,Severe,Severe
2019-10-01 12:00:00,150.08636363636361,144.32546997070312,Severe,Severe
2019-10-01 13:00:00,152.85378787878787,161.58096313476562,Severe,Severe
2019-10-01 14:00:00,163.28671171171172,161.83746337890625,Severe,Severe
2019-10-01 15:00:00,186.54904761904763,163.185791015625,Severe,Severe
2019-10-01 16:00:00,166.43699186991867,166.89385986328125,Severe,Severe
2019-10-01 17:00:00,198.49362745098037,167.44705200195312,Severe,Severe
2019-10-01 18:00:00,159.51801075268818,125.94800567626953,Severe,Severe
2019-10-01 19:00:00,132.06971544715446,117.74757385253906,Severe,Severe
2019-10-01 20:00:00,138.0161616161616,114.12748718261719,Severe,Severe
2019-10-01 21:00:00,200.25085470085472,195.060302734375,Severe,Severe
2019-10-01 22:00:00,196.93223684210525,169.2393798828125,Severe,Severe
2019-10-01 23:00:00,251.60135135135135,233.322509765625,Severe,Severe
2019-10-02 00:00:00,180.905701754386,160.97396850585938,Severe,Severe
2019-10-02 01:00:00,105.11923076923078,104.79255676269531,Severe,Severe
2019-10-02 02:00:00,206.1654761904762,112.63232421875,Severe,Severe
2019-10-02 03:00:00,180.0,166.27127075195312,Severe,Severe
2019-10-02 04:00:00,68.42261904761905,45.20803451538086,Moderate,Moderate
2019-10-02 05:00:00,25.970238095238095,18.36222267150879,Moderate,Normal
2019-10-02 06:00:00,38.41764705882353,31.347135543823242,Moderate,Moderate
2019-10-02 07:00:00,53.17222222222223,46.69426727294922,Moderate,Moderate
2019-10-02 08:00:00,37.690909090909095,22.79197883605957,Moderate,Moderate
2019-10-02 09:00:00,74.06805555555555,65.30829620361328,Moderate,Moderate
2019-10-02 10:00:00,91.555,89.91814422607422,Severe,Moderate
2019-10-02 11:00:00,122.37720588235294,107.66716766357422,Severe,Severe
2019-10-02 12:00:00,129.3970430107527,109.11289978027344,Severe,Severe
2019-10-02 13:00:00,127.25271317829457,123.33267974853516,Severe,Severe
2019-10-02 14:00:00,196.40382882882884,174.28846740722656,Severe,Severe
2019-10-02 15:00:00,186.60268817204303,156.2238006591797,Severe,Severe
2019-10-02 16:00:00,162.76004273504273,142.9253387451172,Severe,Severe
2019-10-02 17:00:00,165.5132882882883,141.52288818359375,Severe,Severe
2019-10-02 18:00:00,174.2941176470588,148.5803680419922,Severe,Severe
2019-10-02 19:00:00,133.95492424242423,122.97386932373047,Severe,Severe
2019-10-02 20:00:00,114.15717592592594,111.2808609008789,Severe,Severe
2019-10-02 21:00:00,202.665503875969,187.8036651611328,Severe,Severe
2019-10-02 22:00:00,192.77229166666666,178.28952026367188,Severe,Severe
2019-10-02 23:00:00,249.35220588235296,226.822509765625,Severe,Severe
2019-10-03 00:00:00,149.72444444444446,162.484375,Severe,Severe
2019-10-03 01:00:00,128.20128205128205,77.53144836425781,Severe,Moderate
2019-10-03 02:00:00,181.13833333333332,140.4705810546875,Severe,Severe
2019-10-03 03:00:00,0.0,0.23550118505954742,Normal,Normal
2019-10-03 04:00:00,150.42222222222222,108.1510238647461,Severe,Severe
2019-10-03 05:00:00,97.94333333333334,80.65885925292969,Severe,Moderate
2019-10-03 06:00:00,22.076470588235296,14.49803638458252,Moderate,Normal
2019-10-03 07:00:00,69.56984126984126,45.14458465576172,Moderate,Moderate
2019-10-03 08:00:00,22.8140350877193,23.938451766967773,Moderate,Moderate
2019-10-03 09:00:00,80.29027777777779,74.80693054199219,Moderate,Moderate
2019-10-03 10:00:00,80.42537878787878,69.30894470214844,Moderate,Moderate
2019-10-03 11:00:00,144.34166666666664,120.655517578125,Severe,Severe
2019-10-03 12:00:00,152.09541666666667,152.00238037109375,Severe,Severe
2019-10-03 13:00:00,145.253125,135.98406982421875,Severe,Severe
2019-10-03 14:00:00,187.78750000000002,175.66419982910156,Severe,Severe
2019-10-03 15:00:00,226.66639784946236,220.3722381591797,Severe,Severe
2019-10-03 16:00:00,114.70833333333333,110.43250274658203,Severe,Severe
2019-10-03 17:00:00,240.62575757575758,225.25155639648438,Severe,Severe
2019-10-03 18:00:00,150.6172619047619,134.80209350585938,Severe,Severe
2019-10-03 19:00:00,137.19166666666666,123.0960464477539,Severe,Severe
2019-10-03 20:00:00,111.97715053763439,109.57331848144531,Severe,Severe
2019-10-03 21:00:00,221.35125,210.4730987548828,Severe,Severe
2019-10-03 22:00:00,198.65122549019608,183.2205352783203,Severe,Severe
2019-10-03 23:00:00,260.7559523809524,257.97723388671875,Severe,Severe
2019-10-04 00:00:00,220.73287037037036,110.02281188964844,Severe,Severe
2019-10-04 01:00:00,140.73333333333335,101.6000747680664,Severe,Severe
2019-10-04 02:00:00,128.33944444444444,118.92134857177734,Severe,Severe
2019-10-04 04:00:00,93.50714285714285,65.9039077758789,Severe,Moderate
2019-10-04 05:00:00,39.58,14.789026260375977,Moderate,Normal
2019-10-04 06:00:00,5.296052631578948,2.085047960281372,Normal,Normal
2019-10-04 07:00:00,68.67280701754386,49.50702667236328,Moderate,Moderate
2019-10-04 08:00:00,40.25871212121212,32.10944366455078,Moderate,Moderate
2019-10-04 09:00:00,89.29761904761905,79.99597930908203,Moderate,Moderate
2019-10-04 10:00:00,98.06811594202898,83.60118865966797,Severe,Moderate
2019-10-04 11:00:00,130.20977011494253,108.20903015136719,Severe,Severe
2019-10-04 12:00:00,166.73014705882352,140.32550048828125,Severe,Severe
2019-10-04 13:00:00,134.73141025641027,121.99017333984375,Severe,Severe
2019-10-04 14:00:00,226.36612903225807,215.7229766845703,Severe,Severe
2019-10-04 15:00:00,200.5651960784314,185.5739288330078,Severe,Severe
2019-10-04 16:00:00,157.00406504065043,140.36956787109375,Severe,Severe
2019-10-04 17:00:00,195.19117647058823,168.4786376953125,Severe,Severe
2019-10-04 18:00:00,180.75309523809523,160.22561645507812,Severe,Severe
2019-10-04 19:00:00,145.88071428571428,130.8286895751953,Severe,Severe
2019-10-04 20:00:00,167.9565789473684,155.0889434814453,Severe,Severe
2019-10-04 21:00:00,162.86729166666666,152.74493408203125,Severe,Severe
2019-10-04 22:00:00,198.6056910569106,183.23114013671875,Severe,Severe
2019-10-04 23:00:00,227.27129629629627,212.45355224609375,Severe,Severe
2019-10-05 00:00:00,218.8753787878788,182.30221557617188,Severe,Severe
2019-10-05 01:00:00,161.39464285714286,140.20138549804688,Severe,Severe
2019-10-05 02:00:00,182.434375,105.43824005126953,Severe,Severe
2019-10-05 03:00:00,60.0,48.24406051635742,Moderate,Moderate
2019-10-05 04:00:00,146.7816666666667,117.04622650146484,Severe,Severe
2019-10-05 05:00:00,28.638690476190476,18.001758575439453,Moderate,Normal
2019-10-05 06:00:00,70.39444444444445,28.643310546875,Moderate,Moderate
2019-10-05 07:00:00,53.7875,30.35020637512207,Moderate,Moderate
2019-10-05 08:00:00,42.20833333333333,26.330242156982422,Moderate,Moderate
2019-10-05 09:00:00,80.70902777777778,74.88278198242188,Moderate,Moderate
2019-10-05 10:00:00,75.91566666666668,71.5101089477539,Moderate,Moderate
2019-10-05 11:00:00,165.97083333333333,129.37649536132812,Severe,Severe
2019-10-05 12:00:00,150.20454545454547,134.50567626953125,Severe,Severe
2019-10-05 13:00:00,117.76469298245614,115.3347396850586,Severe,Severe
2019-10-05 14:00:00,198.45045045045043,183.6148223876953,Severe,Severe
2019-10-05 15:00:00,189.00677083333335,178.37867736816406,Severe,Severe
2019-10-05 16:00:00,163.77094594594593,156.9419708251953,Severe,Severe
2019-10-05 17:00:00,214.11614583333335,195.43496704101562,Severe,Severe
2019-10-05 18:00:00,167.75441176470588,158.05030822753906,Severe,Severe
2019-10-05 19:00:00,160.58333333333337,152.78111267089844,Severe,Severe
2019-10-05 20:00:00,134.36093749999998,120.14517211914062,Severe,Severe
2019-10-05 21:00:00,176.88055555555556,164.89076232910156,Severe,Severe
2019-10-05 22:00:00,223.6859375,219.83126831054688,Severe,Severe
2019-10-05 23:00:00,213.38942307692307,189.730224609375,Severe,Severe
2019-10-06 00:00:00,234.3824074074074,147.3363037109375,Severe,Severe
2019-10-06 01:00:00,184.6763888888889,123.72074127197266,Severe,Severe
2019-10-06 02:00:00,113.42564102564103,94.15420532226562,Severe,Severe
2019-10-06 03:00:00,120.0,78.3744125366211,Severe,Moderate
2019-10-06 04:00:00,85.0788888888889,85.9300308227539,Moderate,Moderate
2019-10-06 05:00:00,1.942948717948718,1.7997591495513916,Normal,Normal
2019-10-06 06:00:00,17.51842105263158,14.917534828186035,Normal,Normal
2019-10-06 07:00:00,23.339814814814815,21.176137924194336,Moderate,Moderate
2019-10-06 08:00:00,17.18695652173913,16.01993179321289,Normal,Normal
2019-10-06 09:00:00,84.708,77.02998352050781,Moderate,Moderate
2019-10-06 10:00:00,96.77380952380953,83.03807067871094,Severe,Moderate
2019-10-06 11:00:00,125.16691176470589,117.35308837890625,Severe,Severe
2019-10-06 12:00:00,183.22995495495496,170.5808563232422,Severe,Severe
2019-10-06 13:00:00,129.49479166666666,124.9471435546875,Severe,Severe
2019-10-06 14:00:00,216.18828828828828,202.267578125,Severe,Severe
2019-10-06 15:00:00,183.1,173.20565795898438,Severe,Severe
2019-10-06 16:00:00,147.62430555555557,136.58079528808594,Severe,Severe
2019-10-06 17:00:00,186.25043859649122,167.6367645263672,Severe,Severe
2019-10-06 18:00:00,117.85539215686275,111.42339324951172,Severe,Severe
2019-10-06 19:00:00,104.89054054054054,102.32868194580078,Severe,Severe
2019-10-06 20:00:00,126.53676470588235,130.2471923828125,Severe,Severe
2019-10-06 21:00:00,206.03803418803417,204.9895782470703,Severe,Severe
2019-10-06 22:00:00,209.86458333333331,196.59666442871094,Severe,Severe
2019-10-06 23:00:00,228.185,220.0957489013672,Severe,Severe
2019-10-07 00:00:00,193.36190476190478,154.5539093017578,Severe,Severe
2019-10-07 01:00:00,152.38787878787878,74.57015991210938,Severe,Moderate
2019-10-07 02:00:00,168.02115384615385,146.9518585205078,Severe,Severe
2019-10-07 03:00:00,45.97083333333333,4.8007965087890625,Moderate,Normal
2019-10-07 04:00:00,101.84107142857142,67.88121795654297,Severe,Moderate
2019-10-07 05:00:00,24.325,21.54351043701172,Moderate,Moderate
2019-10-07 06:00:00,35.010964912280706,22.984647750854492,Moderate,Moderate
2019-10-07 07:00:00,39.262280701754385,42.30104446411133,Moderate,Moderate
2019-10-07 08:00:00,22.005555555555556,18.359439849853516,Moderate,Normal
2019-10-07 09:00:00,76.14236111111111,70.82967376708984,Moderate,Moderate
2019-10-07 10:00:00,93.25902777777777,69.91507720947266,Severe,Moderate
2019-10-07 11:00:00,133.20645161290324,106.95545959472656,Severe,Severe
2019-10-07 12:00:00,140.60252525252525,123.25992584228516,Severe,Severe
2019-10-07 13:00:00,143.44267676767677,140.73240661621094,Severe,Severe
2019-10-07 14:00:00,195.26317204301077,190.43243408203125,Severe,Severe
2019-10-07 15:00:00,175.46523809523808,167.3347930908203,Severe,Severe
2019-10-07 16:00:00,132.99823232323234,118.11270904541016,Severe,Severe
2019-10-07 17:00:00,216.81285714285713,189.6124725341797,Severe,Severe
2019-10-07 18:00:00,172.72937499999998,169.19540405273438,Severe,Severe
2019-10-07 19:00:00,118.65376984126985,113.56896209716797,Severe,Severe
2019-10-07 20:00:00,139.50570175438597,141.59188842773438,Severe,Severe
2019-10-07 21:00:00,176.38288288288288,158.57809448242188,Severe,Severe
2019-10-07 22:00:00,176.50937499999998,171.3241729736328,Severe,Severe
2019-10-07 23:00:00,229.73935185185186,221.0770721435547,Severe,Severe
2019-10-08 00:00:00,216.534126984127,153.3248291015625,Severe,Severe
2019-10-08 01:00:00,139.38333333333333,102.05753326416016,Severe,Severe
2019-10-08 02:00:00,130.1529411764706,92.33120727539062,Severe,Severe
2019-10-08 03:00:00,120.03333333333335,71.37122344970703,Severe,Moderate
2019-10-08 04:00:00,81.14629629629628,79.90447235107422,Moderate,Moderate
2019-10-08 05:00:00,5.694444444444445,1.7284131050109863,Normal,Normal
2019-10-08 06:00:00,27.07111111111111,25.35784912109375,Moderate,Moderate
2019-10-08 07:00:00,78.92166666666667,51.25481414794922,Moderate,Moderate
2019-10-08 08:00:00,18.29133333333333,16.422847747802734,Normal,Normal
2019-10-08 09:00:00,75.16159420289856,73.37532806396484,Moderate,Moderate
2019-10-08 10:00:00,75.53659420289856,66.29118347167969,Moderate,Moderate
2019-10-08 11:00:00,147.2813725490196,121.32252502441406,Severe,Severe
2019-10-08 12:00:00,130.21911764705882,122.08230590820312,Severe,Severe
2019-10-08 13:00:00,128.05220588235292,124.08269500732422,Severe,Severe
2019-10-08 14:00:00,169.65972222222223,167.3905487060547,Severe,Severe
2019-10-08 15:00:00,216.77239583333335,197.23641967773438,Severe,Severe
2019-10-08 16:00:00,162.3587962962963,146.2307891845703,Severe,Severe
2019-10-08 17:00:00,210.27454954954956,185.77001953125,Severe,Severe
2019-10-08 18:00:00,151.3072580645161,148.0478515625,Severe,Severe
2019-10-08 19:00:00,111.28231707317074,113.09309387207031,Severe,Severe
2019-10-08 20:00:00,126.79823232323231,124.3010025024414,Severe,Severe
2019-10-08 21:00:00,205.34166666666667,201.6690216064453,Severe,Severe
2019-10-08 22:00:00,214.565625,211.534912109375,Severe,Severe
2019-10-08 23:00:00,200.95444444444445,186.66607666015625,Severe,Severe
2019-10-09 00:00:00,224.39242424242428,176.1964111328125,Severe,Severe
2019-10-09 01:00:00,180.0,127.6331787109375,Severe,Severe
2019-10-09 02:00:00,137.009375,128.6261444091797,Severe,Severe
2019-10-09 03:00:00,18.105555555555554,0.9479079246520996,Normal,Normal
2019-10-09 04:00:00,133.2474358974359,88.92112731933594,Severe,Moderate
2019-10-09 05:00:00,29.995,22.899568557739258,Moderate,Moderate
2019-10-09 06:00:00,24.83888888888889,13.03342056274414,Moderate,Normal
2019-10-09 07:00:00,58.77280701754386,47.586971282958984,Moderate,Moderate
2019-10-09 08:00:00,23.818333333333335,18.299001693725586,Moderate,Normal
2019-10-09 09:00:00,67.72534722222223,62.4368782043457,Moderate,Moderate
2019-10-09 10:00:00,107.91098484848484,96.73485565185547,Severe,Severe
2019-10-09 11:00:00,137.09327956989247,116.96106719970703,Severe,Severe
2019-10-09 12:00:00,139.9767543859649,127.48982238769531,Severe,Severe
2019-10-09 13:00:00,142.24935897435898,131.3391876220703,Severe,Severe
2019-10-09 14:00:00,185.0574561403509,172.59507751464844,Severe,Severe
2019-10-09 15:00:00,220.66989247311827,208.29672241210938,Severe,Severe
2019-10-09 16:00:00,155.00810185185185,145.80528259277344,Severe,Severe
2019-10-09 17:00:00,154.08086419753087,147.25111389160156,Severe,Severe
2019-10-09 18:00:00,161.17355072463766,146.8397674560547,Severe,Severe
2019-10-09 19:00:00,138.69966666666667,124.08750915527344,Severe,Severe
2019-10-09 20:00:00,156.36410256410255,150.37416076660156,Severe,Severe
2019-10-09 21:00:00,179.01726190476188,169.71119689941406,Severe,Severe
2019-10-09 22:00:00,183.75154320987656,166.90042114257812,Severe,Severe
2019-10-09 23:00:00,208.3647222222222,195.30703735351562,Severe,Severe
2019-10-10 00:00:00,232.33166666666668,193.26556396484375,Severe,Severe
2019-10-10 01:00:00,190.80416666666667,155.6525421142578,Severe,Severe
2019-10-10 02:00:00,149.01858974358976,95.63320922851562,Severe,Severe
2019-10-10 03:00:00,0.0,0.3398580551147461,Normal,Normal
2019-10-10 04:00:00,127.43717948717949,102.67701721191406,Severe,Severe
2019-10-10 05:00:00,47.5578125,37.990196228027344,Moderate,Moderate
2019-10-10 06:00:00,25.7198717948718,22.25439453125,Moderate,Moderate
2019-10-10 07:00:00,61.54254385964913,51.76875305175781,Moderate,Moderate
2019-10-10 08:00:00,25.14242424242424,17.297149658203125,Moderate,Normal
2019-10-10 09:00:00,58.87753623188406,53.663753509521484,Moderate,Moderate
2019-10-10 10:00:00,68.96080246913581,61.81509017944336,Moderate,Moderate
2019-10-10 11:00:00,153.6123655913979,125.49418640136719,Severe,Severe
2019-10-10 12:00:00,133.53266666666667,117.057861328125,Severe,Severe
2019-10-10 13:00:00,124.90166666666666,125.59233856201172,Severe,Severe
2019-10-10 14:00:00,154.0390804597701,147.36221313476562,Severe,Severe
2019-10-10 15:00:00,247.6731182795699,225.30117797851562,Severe,Severe
2019-10-10 16:00:00,138.50895061728394,128.9688720703125,Severe,Severe
2019-10-10 17:00:00,192.3965277777778,179.96180725097656,Severe,Severe
2019-10-10 18:00:00,235.4322072072072,221.33248901367188,Severe,Severe
2019-10-10 19:00:00,143.33333333333337,132.08583068847656,Severe,Severe
2019-10-10 20:00:00,112.89671717171719,103.06343841552734,Severe,Severe
2019-10-10 21:00:00,170.45806451612904,159.94102478027344,Severe,Severe
2019-10-10 22:00:00,235.7403846153846,208.04867553710938,Severe,Severe
2019-10-10 23:00:00,230.86249999999998,218.80137634277344,Severe,Severe
2019-10-11 00:00:00,201.40416666666667,181.23707580566406,Severe,Severe
2019-10-11 01:00:00,188.54500000000002,148.82574462890625,Severe,Severe
2019-10-11 02:00:00,225.0,131.59817504882812,Severe,Severe
2019-10-11 03:00:00,360.0,236.50148010253906,Severe,Severe
2019-10-11 04:00:00,2.816666666666667,0.09762011468410492,Normal,Normal
2019-10-11 05:00:00,38.37833333333333,35.74134826660156,Moderate,Moderate
2019-10-11 06:00:00,22.2093137254902,17.05965805053711,Moderate,Normal
2019-10-11 07:00:00,33.09880952380952,18.788917541503906,Moderate,Normal
2019-10-11 08:00:00,35.068888888888885,26.335792541503906,Moderate,Moderate
2019-10-11 09:00:00,97.24222222222221,84.96792602539062,Severe,Moderate
2019-10-11 10:00:00,78.61309523809523,72.29578399658203,Moderate,Moderate
2019-10-11 11:00:00,134.88611111111112,114.3316650390625,Severe,Severe
2019-10-11 12:00:00,139.25,121.14043426513672,Severe,Severe
2019-10-11 13:00:00,153.8463675213675,146.18434143066406,Severe,Severe
2019-10-11 14:00:00,211.81078431372552,195.7817840576172,Severe,Severe
2019-10-11 15:00:00,183.21351351351353,166.15744018554688,Severe,Severe
2019-10-11 16:00:00,134.64217171717175,111.85392761230469,Severe,Severe
2019-10-11 17:00:00,232.13026315789475,225.6082763671875,Severe,Severe
2019-10-11 18:00:00,170.78969298245616,159.5645751953125,Severe,Severe
2019-10-11 19:00:00,118.52653508771932,112.64958190917969,Severe,Severe
2019-10-11 20:00:00,130.78991228070174,123.91938018798828,Severe,Severe
2019-10-11 21:00:00,211.30876068376068,200.0950164794922,Severe,Severe
2019-10-11 22:00:00,217.07333333333332,207.4693145751953,Severe,Severe
2019-10-11 23:00:00,215.02337398373982,202.0756072998047,Severe,Severe
2019-10-12 00:00:00,256.7144927536232,208.7006378173828,Severe,Severe
2019-10-12 01:00:00,120.0,111.53140258789062,Severe,Severe
2019-10-12 02:00:00,209.41794871794872,150.20797729492188,Severe,Severe
2019-10-12 03:00:00,144.0,113.7970199584961,Severe,Severe
2019-10-12 04:00:00,119.14242424242424,92.69691467285156,Severe,Severe
2019-10-12 05:00:00,21.89074074074074,11.425119400024414,Moderate,Normal
2019-10-12 06:00:00,59.41666666666668,45.81935119628906,Moderate,Moderate
2019-10-12 07:00:00,67.2892156862745,56.86504364013672,Moderate,Moderate
2019-10-12 08:00:00,7.651754385964912,3.6685357093811035,Normal,Normal
2019-10-12 09:00:00,122.14444444444445,99.50537109375,Severe,Severe
2019-10-12 10:00:00,75.24754901960785,81.19708251953125,Moderate,Moderate
2019-10-12 11:00:00,136.30396825396824,111.82144165039062,Severe,Severe
2019-10-12 12:00:00,140.45289855072463,102.8051528930664,Severe,Severe
2019-10-12 13:00:00,170.55802469135804,167.08636474609375,Severe,Severe
2019-10-12 14:00:00,147.14354166666666,113.8924560546875,Severe,Severe
2019-10-12 15:00:00,208.0054054054054,187.6530303955078,Severe,Severe
2019-10-12 16:00:00,210.40895833333335,195.51913452148438,Severe,Severe
2019-10-12 17:00:00,179.83603603603603,148.5111083984375,Severe,Severe
2019-10-12 18:00:00,241.6375,218.0488739013672,Severe,Severe
2019-10-12 19:00:00,174.9280701754386,151.06784057617188,Severe,Severe
2019-10-12 20:00:00,124.02628205128205,114.61664581298828,Severe,Severe
2019-10-12 21:00:00,205.95392156862746,130.72442626953125,Severe,Severe
2019-10-12 22:00:00,210.88589743589745,181.39231872558594,Severe,Severe
2019-10-12 23:00:00,253.427619047619,228.01181030273438,Severe,Severe
2019-10-13 00:00:00,206.87430555555554,192.93524169921875,Severe,Severe
2019-10-13 01:00:00,145.9888888888889,106.70838165283203,Severe,Severe
2019-10-13 02:00:00,115.32083333333334,74.82097625732422,Severe,Moderate
2019-10-13 03:00:00,99.00833333333333,80.36007690429688,Severe,Moderate
2019-10-13 04:00:00,48.805555555555564,44.355045318603516,Moderate,Moderate
2019-10-13 05:00:00,4.627083333333333,1.8031344413757324,Normal,Normal
2019-10-13 06:00:00,47.75972222222222,26.516677856445312,Moderate,Moderate
2019-10-13 07:00:00,26.937962962962963,21.828048706054688,Moderate,Moderate
2019-10-13 08:00:00,48.92107843137255,21.40862274169922,Moderate,Moderate
2019-10-13 09:00:00,78.51574074074074,71.88674926757812,Moderate,Moderate
2019-10-13 10:00:00,56.80833333333332,59.83676528930664,Moderate,Moderate
2019-10-13 11:00:00,90.7295138888889,60.8009033203125,Severe,Moderate
2019-10-13 12:00:00,156.96328125,140.21058654785156,Severe,Severe
2019-10-13 13:00:00,139.32743902439023,125.47441864013672,Severe,Severe
2019-10-13 14:00:00,181.88918918918918,167.9132080078125,Severe,Severe
2019-10-13 15:00:00,220.10376344086023,202.5748748779297,Severe,Severe
2019-10-13 16:00:00,153.63655913978496,133.3095703125,Severe,Severe
2019-10-13 17:00:00,193.9063131313131,170.74732971191406,Severe,Severe
2019-10-13 18:00:00,188.53602150537634,172.89242553710938,Severe,Severe
2019-10-13 19:00:00,171.65416666666667,162.16082763671875,Severe,Severe
2019-10-13 20:00:00,119.26036036036035,106.57052612304688,Severe,Severe
2019-10-13 21:00:00,195.8065789473684,163.8808135986328,Severe,Severe
2019-10-13 22:00:00,196.34298245614033,193.19146728515625,Severe,Severe
2019-10-13 23:00:00,204.20555555555555,184.8004150390625,Severe,Severe
2019-10-14 00:00:00,230.70033333333333,198.3242950439453,Severe,Severe
2019-10-14 01:00:00,131.09322916666667,97.1429443359375,Severe,Severe
2019-10-14 02:00:00,188.84583333333336,142.6988525390625,Severe,Severe
2019-10-14 03:00:00,21.133333333333333,41.50022506713867,Moderate,Moderate
2019-10-14 04:00:00,136.3761904761905,69.40803527832031,Severe,Moderate
2019-10-14 05:00:00,1.1641025641025642,1.1697970628738403,Normal,Normal
2019-10-14 06:00:00,30.641025641025635,26.697498321533203,Moderate,Moderate
2019-10-14 07:00:00,72.5579365079365,60.468902587890625,Moderate,Moderate
2019-10-14 08:00:00,39.84656862745098,24.725452423095703,Moderate,Moderate
2019-10-14 09:00:00,74.6388888888889,66.37647247314453,Moderate,Moderate
2019-10-14 10:00:00,40.68833333333333,28.67185401916504,Moderate,Moderate
2019-10-14 11:00:00,178.60793650793653,154.4237518310547,Severe,Severe
2019-10-14 12:00:00,138.75860215053763,128.05416870117188,Severe,Severe
2019-10-14 13:00:00,192.736858974359,186.87045288085938,Severe,Severe
2019-10-14 14:00:00,210.98712121212122,192.65150451660156,Severe,Severe
2019-10-14 15:00:00,190.08271604938273,180.33883666992188,Severe,Severe
2019-10-14 16:00:00,182.00073529411765,165.40887451171875,Severe,Severe
2019-10-14 17:00:00,198.23958333333334,161.97203063964844,Severe,Severe
2019-10-14 18:00:00,216.8115384615385,201.26797485351562,Severe,Severe
2019-10-14 19:00:00,198.3861742424242,172.5365753173828,Severe,Severe
2019-10-14 20:00:00,148.7916666666667,124.07501983642578,Severe,Severe
2019-10-14 21:00:00,187.5232456140351,165.1602783203125,Severe,Severe
2019-10-14 22:00:00,214.67083333333332,191.4644775390625,Severe,Severe
2019-10-14 23:00:00,192.52820512820514,184.18145751953125,Severe,Severe
2019-10-15 00:00:00,229.98621794871795,191.5870819091797,Severe,Severe
2019-10-15 01:00:00,175.64124999999999,108.99656677246094,Severe,Severe
2019-10-15 02:00:00,158.97135416666669,146.12948608398438,Severe,Severe
2019-10-15 03:00:00,33.975,1.5629879236221313,Moderate,Normal
2019-10-15 04:00:00,84.41111111111111,80.35330963134766,Moderate,Moderate
2019-10-15 05:00:00,37.81111111111111,25.01670265197754,Moderate,Moderate
2019-10-15 06:00:00,3.0416666666666665,2.2530558109283447,Normal,Normal
2019-10-15 07:00:00,41.19117647058823,37.479679107666016,Moderate,Moderate
2019-10-15 08:00:00,94.89679487179487,70.99304962158203,Severe,Moderate
2019-10-15 09:00:00,95.3439393939394,94.4097671508789,Severe,Severe
2019-10-15 10:00:00,53.170833333333334,44.25648498535156,Moderate,Moderate
2019-10-15 11:00:00,156.28189655172417,135.45928955078125,Severe,Severe
2019-10-15 12:00:00,140.88173076923078,134.50184631347656,Severe,Severe
2019-10-15 13:00:00,144.9767361111111,130.3923797607422,Severe,Severe
2019-10-15 14:00:00,186.99198717948718,175.26092529296875,Severe,Severe
2019-10-15 15:00:00,187.24777777777777,171.48373413085938,Severe,Severe
2019-10-15 16:00:00,153.81180555555557,136.7764129638672,Severe,Severe
2019-10-15 17:00:00,213.5396551724138,188.5126495361328,Severe,Severe
2019-10-15 18:00:00,217.30890804597703,183.38978576660156,Severe,Severe
2019-10-15 19:00:00,132.39393939393938,123.01195526123047,Severe,Severe
2019-10-15 20:00:00,148.9339430894309,125.57119750976562,Severe,Severe
2019-10-15 21:00:00,187.27364864864865,182.91839599609375,Severe,Severe
2019-10-15 22:00:00,193.52051282051283,186.8583221435547,Severe,Severe
2019-10-15 23:00:00,226.64010416666667,225.0096435546875,Severe,Severe
2019-10-16 00:00:00,200.38695652173917,170.85000610351562,Severe,Severe
2019-10-16 01:00:00,213.04166666666666,144.9921417236328,Severe,Severe
2019-10-16 02:00:00,176.5462121212121,118.06376647949219,Severe,Severe
2019-10-16 03:00:00,1.388888888888889,1.0891878604888916,Normal,Normal
2019-10-16 04:00:00,38.81515151515151,30.3073673248291,Moderate,Moderate
2019-10-16 05:00:00,45.14375,45.276893615722656,Moderate,Moderate
2019-10-16 06:00:00,22.84,11.49420166015625,Moderate,Normal
2019-10-16 07:00:00,69.08020833333333,45.78575134277344,Moderate,Moderate
2019-10-16 08:00:00,12.439880952380951,4.087213516235352,Normal,Normal
2019-10-16 09:00:00,109.66190476190476,90.88876342773438,Severe,Severe
2019-10-16 10:00:00,65.08333333333334,65.05518341064453,Moderate,Moderate
2019-10-16 11:00:00,109.38024691358024,88.23800659179688,Severe,Moderate
2019-10-16 12:00:00,207.79826388888887,182.58709716796875,Severe,Severe
2019-10-16 13:00:00,208.96470588235292,202.46388244628906,Severe,Severe
2019-10-16 14:00:00,219.17314814814816,194.1844940185547,Severe,Severe
2019-10-16 15:00:00,198.48035714285714,188.36427307128906,Severe,Severe
2019-10-16 16:00:00,159.62133333333333,128.99415588378906,Severe,Severe
2019-10-16 17:00:00,204.6246376811594,185.0916748046875,Severe,Severe
2019-10-16 18:00:00,183.0727011494253,172.20631408691406,Severe,Severe
2019-10-16 19:00:00,182.03995098039218,168.14553833007812,Severe,Severe
2019-10-16 20:00:00,134.44807692307694,115.83511352539062,Severe,Severe
2019-10-16 21:00:00,220.41816239316236,197.89793395996094,Severe,Severe
2019-10-16 22:00:00,180.91324786324785,167.37095642089844,Severe,Severe
2019-10-16 23:00:00,216.4319444444444,201.64036560058594,Severe,Severe
2019-10-17 00:00:00,191.1138888888889,182.8980255126953,Severe,Severe
2019-10-17 01:00:00,115.63846153846154,92.67449188232422,Severe,Severe
2019-10-17 02:00:00,180.51590909090908,143.1884002685547,Severe,Severe
2019-10-17 03:00:00,9.945833333333333,44.51344680786133,Normal,Moderate
2019-10-17 04:00:00,130.04583333333332,76.9198226928711,Severe,Moderate
2019-10-17 05:00:00,5.19611111111111,1.512319564819336,Normal,Normal
2019-10-17 06:00:00,27.963235294117652,13.424695014953613,Moderate,Normal
2019-10-17 07:00:00,84.27430555555556,43.72569274902344,Moderate,Moderate
2019-10-17 08:00:00,67.7388888888889,49.32974624633789,Moderate,Moderate
2019-10-17 09:00:00,84.81960784313726,75.89479064941406,Moderate,Moderate
2019-10-17 10:00:00,76.26845238095237,54.576786041259766,Moderate,Moderate
2019-10-17 11:00:00,146.48854166666666,115.43132019042969,Severe,Severe
2019-10-17 12:00:00,166.3128787878788,130.22303771972656,Severe,Severe
2019-10-17 13:00:00,156.91694444444445,141.0549774169922,Severe,Severe
2019-10-17 14:00:00,179.77407407407406,161.63973999023438,Severe,Severe
2019-10-17 15:00:00,191.4017156862745,170.3903350830078,Severe,Severe
2019-10-17 16:00:00,171.6092105263158,147.63987731933594,Severe,Severe
2019-10-17 17:00:00,177.6895833333333,149.25804138183594,Severe,Severe
2019-10-17 18:00:00,223.99023809523806,203.850830078125,Severe,Severe
2019-10-17 19:00:00,170.86930894308944,160.7496337890625,Severe,Severe
2019-10-17 20:00:00,163.48564814814813,148.53292846679688,Severe,Severe
2019-10-17 21:00:00,157.62718253968254,144.5403289794922,Severe,Severe
2019-10-17 22:00:00,234.34107142857144,221.7236328125,Severe,Severe
2019-10-17 23:00:00,194.67608695652174,175.3999481201172,Severe,Severe
2019-10-18 00:00:00,189.90705128205127,160.12127685546875,Severe,Severe
2019-10-18 01:00:00,135.5,100.03496551513672,Severe,Severe
2019-10-18 02:00:00,77.34722222222221,82.74165344238281,Moderate,Moderate
2019-10-18 03:00:00,91.82291666666667,69.4444351196289,Severe,Moderate
2019-10-18 04:00:00,97.11944444444445,91.1806869506836,Severe,Severe
2019-10-18 05:00:00,7.99375,2.828920364379883,Normal,Normal
2019-10-18 06:00:00,69.11410256410257,40.452537536621094,Moderate,Moderate
2019-10-18 07:00:00,54.295634920634924,43.19178771972656,Moderate,Moderate
2019-10-18 08:00:00,39.117105263157896,21.591594696044922,Moderate,Moderate
2019-10-18 09:00:00,109.53174603174605,73.27741241455078,Severe,Moderate
2019-10-18 10:00:00,43.55444444444444,24.45372772216797,Moderate,Moderate
2019-10-18 11:00:00,100.55317460317461,87.59681701660156,Severe,Moderate
2019-10-18 12:00:00,151.04222222222222,122.10929107666016,Severe,Severe
2019-10-18 13:00:00,187.19947916666666,183.28680419921875,Severe,Severe
2019-10-18 14:00:00,187.78944444444446,182.20155334472656,Severe,Severe
2019-10-18 15:00:00,174.4173611111111,170.7093505859375,Severe,Severe
2019-10-18 16:00:00,141.61543209876544,124.415771484375,Severe,Severe
2019-10-18 17:00:00,227.41478494623658,193.0811767578125,Severe,Severe
2019-10-18 18:00:00,212.37460317460318,174.0491485595703,Severe,Severe
2019-10-18 19:00:00,243.06570512820508,237.39219665527344,Severe,Severe
2019-10-18 20:00:00,156.14766666666665,135.557373046875,Severe,Severe
2019-10-18 21:00:00,249.7848484848485,219.66635131835938,Severe,Severe
2019-10-18 22:00:00,227.82142857142858,200.6508331298828,Severe,Severe
2019-10-18 23:00:00,222.57333333333332,212.25567626953125,Severe,Severe
2019-10-19 00:00:00,229.15916666666666,205.1029815673828,Severe,Severe
2019-10-19 01:00:00,225.51666666666668,77.4510498046875,Severe,Moderate
2019-10-19 02:00:00,139.05888888888887,102.35912322998047,Severe,Severe
2019-10-19 03:00:00,86.00138888888888,61.2944450378418,Moderate,Moderate
2019-10-19 04:00:00,138.3788888888889,97.17796325683594,Severe,Severe
2019-10-19 05:00:00,76.56805555555555,33.217803955078125,Moderate,Moderate
2019-10-19 06:00:00,25.013461538461534,12.264911651611328,Moderate,Normal
2019-10-19 07:00:00,47.66477272727273,25.434356689453125,Moderate,Moderate
2019-10-19 08:00:00,53.16568627450981,34.16614532470703,Moderate,Moderate
2019-10-19 09:00:00,94.70877192982456,81.19708251953125,Severe,Moderate
2019-10-19 10:00:00,96.83235294117648,82.15724182128906,Severe,Moderate
2019-10-19 11:00:00,123.05999999999999,86.57192993164062,Severe,Moderate
2019-10-19 12:00:00,138.08981481481482,118.06009674072266,Severe,Severe
2019-10-19 13:00:00,186.22345679012346,171.75523376464844,Severe,Severe
2019-10-19 14:00:00,188.79139784946238,174.01211547851562,Severe,Severe
2019-10-19 15:00:00,208.38000000000002,196.63072204589844,Severe,Severe
2019-10-19 16:00:00,115.26215277777779,105.4255599975586,Severe,Severe
2019-10-19 17:00:00,211.0326086956522,201.3632354736328,Severe,Severe
2019-10-19 18:00:00,228.75347222222226,175.1375732421875,Severe,Severe
2019-10-19 19:00:00,168.81580459770115,162.64080810546875,Severe,Severe
2019-10-19 20:00:00,183.36944444444444,171.86363220214844,Severe,Severe
2019-10-19 21:00:00,224.50454545454548,189.80728149414062,Severe,Severe
2019-10-19 22:00:00,188.2708333333333,163.98008728027344,Severe,Severe
2019-10-19 23:00:00,246.08076923076925,242.72894287109375,Severe,Severe
2019-10-20 00:00:00,267.0241666666667,233.7255859375,Severe,Severe
2019-10-20 01:00:00,161.00757575757575,78.21796417236328,Severe,Moderate
2019-10-20 02:00:00,176.66770833333334,122.16006469726562,Severe,Severe
2019-10-20 03:00:00,17.475,9.173162460327148,Normal,Normal
2019-10-20 04:00:00,148.80925925925925,124.13350677490234,Severe,Severe
2019-10-20 05:00:00,38.65347222222222,21.15334129333496,Moderate,Moderate
2019-10-20 06:00:00,16.223958333333336,5.173271656036377,Normal,Normal
2019-10-20 07:00:00,41.727500000000006,33.67922592163086,Moderate,Moderate
2019-10-20 08:00:00,30.956249999999997,32.76179122924805,Moderate,Moderate
2019-10-20 09:00:00,76.12941176470588,62.832820892333984,Moderate,Moderate
2019-10-20 10:00:00,69.875,54.427181243896484,Moderate,Moderate
2019-10-20 11:00:00,117.65625,112.2771224975586,Severe,Severe
2019-10-20 12:00:00,166.62716049382718,152.19268798828125,Severe,Severe
2019-10-20 13:00:00,170.8538888888889,157.01405334472656,Severe,Severe
2019-10-20 14:00:00,208.766,199.16162109375,Severe,Severe
2019-10-20 15:00:00,188.1508333333333,171.1408233642578,Severe,Severe
2019-10-20 16:00:00,176.1742424242424,155.0012664794922,Severe,Severe
2019-10-20 17:00:00,185.99220430107528,171.84034729003906,Severe,Severe
2019-10-20 18:00:00,215.9375,214.81301879882812,Severe,Severe
2019-10-20 19:00:00,137.58876811594203,131.49656677246094,Severe,Severe
2019-10-20 20:00:00,190.68020833333333,149.9765625,Severe,Severe
2019-10-20 21:00:00,208.02275641025642,194.1726837158203,Severe,Severe
2019-10-20 22:00:00,217.39785714285713,199.6138458251953,Severe,Severe
2019-10-20 23:00:00,245.53333333333333,240.2390899658203,Severe,Severe
2019-10-21 00:00:00,194.72604166666667,188.80096435546875,Severe,Severe
2019-10-21 01:00:00,114.38981481481483,75.70767211914062,Severe,Moderate
2019-10-21 02:00:00,99.34621212121213,89.08570861816406,Severe,Moderate
2019-10-21 03:00:00,0.0,3.48822021484375,Normal,Normal
2019-10-21 04:00:00,115.07083333333333,90.49205017089844,Severe,Severe
2019-10-21 05:00:00,24.351666666666667,16.759937286376953,Moderate,Normal
2019-10-21 06:00:00,58.805952380952384,31.59903907775879,Moderate,Moderate
2019-10-21 07:00:00,63.42041666666667,44.08303451538086,Moderate,Moderate
2019-10-21 08:00:00,20.4036231884058,20.819841384887695,Moderate,Moderate
2019-10-21 09:00:00,78.46388888888889,61.128292083740234,Moderate,Moderate
2019-10-21 10:00:00,75.24122807017545,59.28960037231445,Moderate,Moderate
2019-10-21 11:00:00,72.85984848484848,60.56513595581055,Moderate,Moderate
2019-10-21 12:00:00,130.8420634920635,117.34788513183594,Severe,Severe
2019-10-21 13:00:00,123.56064814814818,118.88346099853516,Severe,Severe
2019-10-21 14:00:00,165.4048245614035,154.43675231933594,Severe,Severe
2019-10-21 15:00:00,232.38194444444446,231.02423095703125,Severe,Severe
2019-10-21 16:00:00,154.71481481481482,138.64239501953125,Severe,Severe
2019-10-21 17:00:00,263.07187500000003,213.8282928466797,Severe,Severe
2019-10-21 18:00:00,180.3736842105263,162.6435089111328,Severe,Severe
2019-10-21 19:00:00,165.5581081081081,160.49896240234375,Severe,Severe
2019-10-21 20:00:00,153.68394308943087,139.99705505371094,Severe,Severe
2019-10-21 21:00:00,216.0308943089431,212.166259765625,Severe,Severe
2019-10-21 22:00:00,183.4936936936937,172.85401916503906,Severe,Severe
2019-10-21 23:00:00,236.39104166666667,230.82711791992188,Severe,Severe
2019-10-22 00:00:00,204.87572463768115,180.16648864746094,Severe,Severe
2019-10-22 01:00:00,166.01666666666668,126.55431365966797,Severe,Severe
2019-10-22 02:00:00,150.48611111111111,107.29788208007812,Severe,Severe
2019-10-22 03:00:00,0.0,62.54692077636719,Normal,Moderate
2019-10-22 04:00:00,76.96944444444445,70.96466064453125,Moderate,Moderate
2019-10-22 05:00:00,46.756249999999994,46.2352180480957,Moderate,Moderate
2019-10-22 06:00:00,40.901754385964914,29.971332550048828,Moderate,Moderate
2019-10-22 07:00:00,28.286403508771926,23.613420486450195,Moderate,Moderate
2019-10-22 08:00:00,50.145833333333336,22.654987335205078,Moderate,Moderate
2019-10-22 09:00:00,85.71960784313725,82.44561767578125,Moderate,Moderate
2019-10-22 10:00:00,93.65555555555555,74.0149917602539,Severe,Moderate
2019-10-22 11:00:00,90.70333333333333,81.27464294433594,Severe,Moderate
2019-10-22 12:00:00,141.25833333333335,126.58924102783203,Severe,Severe
2019-10-22 13:00:00,197.41914414414413,174.04412841796875,Severe,Severe
2019-10-22 14:00:00,138.66607142857143,118.86317443847656,Severe,Severe
2019-10-22 15:00:00,186.93776041666666,172.2865447998047,Severe,Severe
2019-10-22 16:00:00,182.54809523809524,165.17869567871094,Severe,Severe
2019-10-22 17:00:00,198.55490196078432,164.67611694335938,Severe,Severe
2019-10-22 18:00:00,217.65023148148148,203.07171630859375,Severe,Severe
2019-10-22 19:00:00,168.66412037037037,155.30032348632812,Severe,Severe
2019-10-22 20:00:00,139.3241452991453,120.3432846069336,Severe,Severe
2019-10-22 21:00:00,201.3723684210526,193.8763427734375,Severe,Severe
2019-10-22 22:00:00,223.89145833333333,217.22018432617188,Severe,Severe
2019-10-22 23:00:00,229.73739837398375,215.4552001953125,Severe,Severe
2019-10-23 00:00:00,315.0,285.3509826660156,Severe,Severe
2019-10-23 01:00:00,96.61555555555556,63.15680694580078,Severe,Moderate
2019-10-23 02:00:00,222.2967948717949,140.6524200439453,Severe,Severe
2019-10-23 03:00:00,87.67333333333333,30.123302459716797,Moderate,Moderate
2019-10-23 04:00:00,86.61458333333334,50.258365631103516,Moderate,Moderate
2019-10-23 05:00:00,6.794907407407408,2.614063024520874,Normal,Normal
2019-10-23 06:00:00,12.305952380952382,2.743549346923828,Normal,Normal
2019-10-23 07:00:00,98.09270833333333,51.33575439453125,Severe,Moderate
2019-10-23 08:00:00,31.693650793650797,23.649703979492188,Moderate,Moderate
2019-10-23 09:00:00,89.97500000000001,66.51494598388672,Moderate,Moderate
2019-10-23 10:00:00,74.31898148148149,66.3712387084961,Moderate,Moderate
2019-10-23 11:00:00,132.6712962962963,105.94003295898438,Severe,Severe
2019-10-23 12:00:00,174.12898550724637,157.15061950683594,Severe,Severe
2019-10-23 13:00:00,191.8166666666667,192.229736328125,Severe,Severe
2019-10-23 14:00:00,199.66319444444443,187.9033660888672,Severe,Severe
2019-10-23 15:00:00,214.15869565217395,207.81190490722656,Severe,Severe
2019-10-23 16:00:00,201.0037037037037,176.98733520507812,Severe,Severe
2019-10-23 17:00:00,183.84818840579715,164.19674682617188,Severe,Severe
2019-10-23 18:00:00,202.5921171171171,187.33486938476562,Severe,Severe
2019-10-23 19:00:00,152.64081196581196,127.5234603881836,Severe,Severe
2019-10-23 20:00:00,167.6905982905983,160.67098999023438,Severe,Severe
2019-10-23 21:00:00,205.16824324324324,186.59942626953125,Severe,Severe
2019-10-23 22:00:00,211.48313953488372,195.9671630859375,Severe,Severe
2019-10-23 23:00:00,185.27276422764228,189.22181701660156,Severe,Severe
2019-10-24 00:00:00,328.3722222222222,294.70135498046875,Severe,Severe
2019-10-24 01:00:00,147.42896825396824,88.9412612915039,Severe,Moderate
2019-10-24 02:00:00,130.9090909090909,99.065185546875,Severe,Severe
2019-10-24 03:00:00,0.8999999999999999,3.1710002422332764,Normal,Normal
2019-10-24 04:00:00,145.6787878787879,143.72796630859375,Severe,Severe
2019-10-24 05:00:00,29.80595238095238,23.99689292907715,Moderate,Moderate
2019-10-24 06:00:00,30.83137254901961,20.23841667175293,Moderate,Moderate
2019-10-24 07:00:00,50.825,41.528926849365234,Moderate,Moderate
2019-10-24 08:00:00,16.252222222222223,8.88748836517334,Normal,Normal
2019-10-24 09:00:00,118.31666666666665,100.02098083496094,Severe,Severe
2019-10-24 10:00:00,79.91190476190476,70.61070251464844,Moderate,Moderate
2019-10-24 11:00:00,91.78506944444445,74.85403442382812,Severe,Moderate
2019-10-24 12:00:00,155.37500000000003,143.65440368652344,Severe,Severe
2019-10-24 13:00:00,195.85555555555555,165.21792602539062,Severe,Severe
2019-10-24 14:00:00,135.98,146.0530548095703,Severe,Severe
2019-10-24 15:00:00,240.72678571428574,239.10617065429688,Severe,Severe
2019-10-24 16:00:00,203.63589743589742,183.2168731689453,Severe,Severe
2019-10-24 17:00:00,168.55860215053764,154.86964416503906,Severe,Severe
2019-10-24 18:00:00,167.21881720430105,149.32650756835938,Severe,Severe
2019-10-24 19:00:00,131.85858585858585,125.83170318603516,Severe,Severe
2019-10-24 20:00:00,146.97559523809522,133.6580810546875,Severe,Severe
2019-10-24 21:00:00,201.22096774193548,184.79283142089844,Severe,Severe
2019-10-24 22:00:00,257.40305555555557,243.8789825439453,Severe,Severe
2019-10-24 23:00:00,161.3644736842105,159.96279907226562,Severe,Severe
2019-10-25 00:00:00,230.2,204.83642578125,Severe,Severe
2019-10-25 01:00:00,146.88181818181818,52.0428581237793,Severe,Moderate
2019-10-25 02:00:00,124.36607142857143,108.533935546875,Severe,Severe
2019-10-25 03:00:00,90.34166666666667,68.74601745605469,Severe,Moderate
2019-10-25 04:00:00,39.329166666666666,20.47641944885254,Moderate,Moderate
2019-10-25 05:00:00,1.868055555555556,1.4013662338256836,Normal,Normal
2019-10-25 06:00:00,20.965972222222224,3.7812387943267822,Moderate,Normal
2019-10-25 07:00:00,74.17083333333333,46.07344055175781,Moderate,Moderate
2019-10-25 08:00:00,10.09259259259259,3.4426767826080322,Normal,Normal
2019-10-25 09:00:00,86.68043478260871,75.19281768798828,Moderate,Moderate
2019-10-25 10:00:00,102.71944444444446,86.66312408447266,Severe,Moderate
2019-10-25 11:00:00,70.9,58.309783935546875,Moderate,Moderate
2019-10-25 12:00:00,131.02604166666666,114.55101013183594,Severe,Severe
2019-10-25 13:00:00,195.26268115942025,186.1293487548828,Severe,Severe
2019-10-25 14:00:00,149.58010752688173,141.52740478515625,Severe,Severe
2019-10-25 15:00:00,185.72852564102564,146.53665161132812,Severe,Severe
2019-10-25 16:00:00,168.08333333333331,154.66384887695312,Severe,Severe
2019-10-25 17:00:00,175.27333333333337,137.10418701171875,Severe,Severe
2019-10-25 18:00:00,176.18580246913584,171.9351806640625,Severe,Severe
2019-10-25 19:00:00,140.74051724137934,135.5994415283203,Severe,Severe
2019-10-25 20:00:00,121.1104938271605,117.56291961669922,Severe,Severe
2019-10-25 21:00:00,197.8063888888889,195.26344299316406,Severe,Severe
2019-10-25 22:00:00,205.9137931034483,197.32373046875,Severe,Severe
2019-10-25 23:00:00,181.39427083333334,176.49307250976562,Severe,Severe
2019-10-26 00:00:00,183.36666666666667,170.64894104003906,Severe,Severe
2019-10-26 01:00:00,85.73560606060607,36.79462814331055,Moderate,Moderate
2019-10-26 02:00:00,179.58712121212122,139.51031494140625,Severe,Severe
2019-10-26 03:00:00,63.635714285714286,12.169547080993652,Moderate,Normal
2019-10-26 04:00:00,172.2375,135.21331787109375,Severe,Severe
2019-10-26 05:00:00,34.05833333333334,27.71891975402832,Moderate,Moderate
2019-10-26 06:00:00,39.469696969696976,28.063251495361328,Moderate,Moderate
2019-10-26 07:00:00,72.12261904761905,47.9832878112793,Moderate,Moderate
2019-10-26 08:00:00,26.219166666666673,15.309326171875,Moderate,Normal
2019-10-26 09:00:00,101.98555555555555,93.50482940673828,Severe,Severe
2019-10-26 10:00:00,56.866025641025644,46.22183609008789,Moderate,Moderate
2019-10-26 11:00:00,147.37559523809526,129.9177703857422,Severe,Severe
2019-10-26 12:00:00,130.0969696969697,84.27143096923828,Severe,Moderate
2019-10-26 13:00:00,151.04375,138.28179931640625,Severe,Severe
2019-10-26 14:00:00,153.2282258064516,132.05657958984375,Severe,Severe
2019-10-26 15:00:00,204.14233333333334,188.32936096191406,Severe,Severe
2019-10-26 16:00:00,139.80416666666667,126.45427703857422,Severe,Severe
2019-10-26 17:00:00,181.21862745098036,153.99639892578125,Severe,Severe
2019-10-26 18:00:00,201.07930107526883,186.2492218017578,Severe,Severe
2019-10-26 19:00:00,183.07395833333334,164.58834838867188,Severe,Severe
2019-10-26 20:00:00,115.04267676767678,114.60005187988281,Severe,Severe
2019-10-26 21:00:00,188.25078125000002,185.62460327148438,Severe,Severe
2019-10-26 22:00:00,217.6138888888889,211.2404022216797,Severe,Severe
2019-10-26 23:00:00,204.55994623655914,202.8314666748047,Severe,Severe
2019-10-27 00:00:00,241.5135802469136,186.89041137695312,Severe,Severe
2019-10-27 01:00:00,158.16898148148147,95.5236587524414,Severe,Severe
2019-10-27 02:00:00,79.61369047619048,77.27945709228516,Moderate,Moderate
2019-10-27 03:00:00,79.925,4.5159759521484375,Moderate,Normal
2019-10-27 04:00:00,131.37291666666667,108.53475189208984,Severe,Severe
2019-10-27 05:00:00,0.7027777777777778,1.4552370309829712,Normal,Normal
2019-10-27 06:00:00,26.859375,20.014406204223633,Moderate,Moderate
2019-10-27 07:00:00,61.74487179487179,37.07234573364258,Moderate,Moderate
2019-10-27 08:00:00,32.99404761904761,28.281795501708984,Moderate,Moderate
2019-10-27 09:00:00,30.76875,36.589420318603516,Moderate,Moderate
2019-10-27 10:00:00,73.92341269841269,62.66231155395508,Moderate,Moderate
2019-10-27 11:00:00,158.70980392156866,142.08700561523438,Severe,Severe
2019-10-27 12:00:00,144.58846153846156,125.12625122070312,Severe,Severe
2019-10-27 13:00:00,147.08333333333334,141.9791717529297,Severe,Severe
2019-10-27 14:00:00,159.36954022988508,152.76072692871094,Severe,Severe
2019-10-27 15:00:00,172.37930107526884,135.94973754882812,Severe,Severe
2019-10-27 16:00:00,179.32734375,136.72909545898438,Severe,Severe
2019-10-27 17:00:00,194.32230392156865,181.25775146484375,Severe,Severe
2019-10-27 18:00:00,152.4188888888889,146.32058715820312,Severe,Severe
2019-10-27 19:00:00,121.31127450980391,109.6861572265625,Severe,Severe
2019-10-27 20:00:00,164.36,157.00547790527344,Severe,Severe
2019-10-27 21:00:00,214.03715277777778,200.02569580078125,Severe,Severe
2019-10-27 22:00:00,225.37013888888887,210.6342010498047,Severe,Severe
2019-10-27 23:00:00,265.97870370370373,205.76080322265625,Severe,Severe
2019-10-28 00:00:00,222.59083333333334,207.62185668945312,Severe,Severe
2019-10-28 01:00:00,174.725,109.2210922241211,Severe,Severe
2019-10-28 02:00:00,68.29358974358973,37.713470458984375,Moderate,Moderate
2019-10-28 03:00:00,40.958333333333336,17.102519989013672,Moderate,Normal
2019-10-28 04:00:00,117.93489583333333,63.66651153564453,Severe,Moderate
2019-10-28 05:00:00,100.24166666666667,64.72095489501953,Severe,Moderate
2019-10-28 06:00:00,30.204761904761906,19.730966567993164,Moderate,Normal
2019-10-28 07:00:00,38.57222222222222,22.854251861572266,Moderate,Moderate
2019-10-28 08:00:00,43.05,33.0189208984375,Moderate,Moderate
2019-10-28 09:00:00,39.148039215686275,39.74574661254883,Moderate,Moderate
2019-10-28 10:00:00,89.60451388888889,73.03311157226562,Moderate,Moderate
2019-10-28 11:00:00,143.54523809523812,107.60735321044922,Severe,Severe
2019-10-28 12:00:00,214.73666666666668,202.56924438476562,Severe,Severe
2019-10-28 13:00:00,178.20000000000002,144.25390625,Severe,Severe
2019-10-28 14:00:00,195.2189393939394,188.4648895263672,Severe,Severe
2019-10-28 15:00:00,159.653,162.23745727539062,Severe,Severe
2019-10-28 16:00:00,165.56640625,143.58071899414062,Severe,Severe
2019-10-28 17:00:00,220.13355263157897,204.7247314453125,Severe,Severe
2019-10-28 18:00:00,178.31428571428572,163.50302124023438,Severe,Severe
2019-10-28 19:00:00,128.53070175438594,128.9170684814453,Severe,Severe
2019-10-28 20:00:00,196.64791666666667,188.0322723388672,Severe,Severe
2019-10-28 21:00:00,185.3199074074074,181.31134033203125,Severe,Severe
2019-10-28 22:00:00,183.8463675213675,176.30564880371094,Severe,Severe
2019-10-28 23:00:00,262.14692982456137,251.93983459472656,Severe,Severe
2019-10-29 00:00:00,254.60555555555553,218.79537963867188,Severe,Severe
2019-10-29 01:00:00,188.34102564102565,167.5784454345703,Severe,Severe
2019-10-29 02:00:00,93.17291666666667,60.298919677734375,Severe,Moderate
2019-10-29 03:00:00,38.205555555555556,13.774750709533691,Moderate,Normal
2019-10-29 04:00:00,127.98030303030305,110.14299774169922,Severe,Severe
2019-10-29 05:00:00,56.56011904761905,24.327804565429688,Moderate,Moderate
2019-10-29 06:00:00,22.29047619047619,22.594318389892578,Moderate,Moderate
2019-10-29 07:00:00,53.178985507246374,30.424144744873047,Moderate,Moderate
2019-10-29 08:00:00,34.47424242424242,20.15827751159668,Moderate,Moderate
2019-10-29 09:00:00,90.32962962962964,90.52871704101562,Severe,Severe
2019-10-29 10:00:00,80.54114583333335,69.42290496826172,Moderate,Moderate
2019-10-29 11:00:00,132.69807692307694,121.30613708496094,Severe,Severe
2019-10-29 12:00:00,147.73571428571427,127.28209686279297,Severe,Severe
2019-10-29 13:00:00,158.99506172839503,159.65281677246094,Severe,Severe
2019-10-29 14:00:00,176.84570707070705,159.5088653564453,Severe,Severe
2019-10-29 15:00:00,155.89583333333334,149.219970703125,Severe,Severe
2019-10-29 16:00:00,135.65563725490193,124.72341918945312,Severe,Severe
2019-10-29 17:00:00,249.43774509803927,220.39962768554688,Severe,Severe
2019-10-29 18:00:00,155.88518518518518,158.70982360839844,Severe,Severe
2019-10-29 19:00:00,141.06229166666668,138.63787841796875,Severe,Severe
2019-10-29 20:00:00,184.5786036036036,182.34178161621094,Severe,Severe
2019-10-29 21:00:00,190.48564814814816,184.56179809570312,Severe,Severe
2019-10-29 22:00:00,202.51541666666668,199.25320434570312,Severe,Severe
2019-10-29 23:00:00,225.33666666666667,218.14151000976562,Severe,Severe
2019-10-30 00:00:00,269.12121212121207,258.6258239746094,Severe,Severe
2019-10-30 01:00:00,147.7133333333333,99.41241455078125,Severe,Severe
2019-10-30 02:00:00,60.94464285714286,31.702957153320312,Moderate,Moderate
2019-10-30 03:00:00,33.39333333333333,11.097954750061035,Moderate,Normal
2019-10-30 04:00:00,40.15476190476191,37.65203094482422,Moderate,Moderate
2019-10-30 05:00:00,0.3878787878787879,0.973080575466156,Normal,Normal
2019-10-30 06:00:00,54.052564102564105,26.924171447753906,Moderate,Moderate
2019-10-30 07:00:00,90.69675925925927,51.69127655029297,Severe,Moderate
2019-10-30 08:00:00,11.243421052631579,6.756316184997559,Normal,Normal
2019-10-30 09:00:00,44.79166666666667,46.68531799316406,Moderate,Moderate
2019-10-30 10:00:00,112.6735294117647,105.79544830322266,Severe,Severe
2019-10-30 11:00:00,138.7272435897436,123.13178253173828,Severe,Severe
2019-10-30 12:00:00,185.21954022988507,165.24172973632812,Severe,Severe
2019-10-30 13:00:00,169.3543209876543,154.61695861816406,Severe,Severe
2019-10-30 14:00:00,177.0808823529412,176.86659240722656,Severe,Severe
2019-10-30 15:00:00,188.09733333333332,178.84991455078125,Severe,Severe
2019-10-30 16:00:00,168.20388888888888,155.25733947753906,Severe,Severe
2019-10-30 17:00:00,202.07067901234566,189.94232177734375,Severe,Severe
2019-10-30 18:00:00,151.28717948717946,138.55477905273438,Severe,Severe
2019-10-30 19:00:00,168.8158602150538,166.29994201660156,Severe,Severe
2019-10-30 20:00:00,173.21666666666667,158.68783569335938,Severe,Severe
2019-10-30 21:00:00,204.66048387096774,205.05950927734375,Severe,Severe
2019-10-30 22:00:00,184.3598765432099,168.65443420410156,Severe,Severe
2019-10-30 23:00:00,205.04583333333338,194.6054229736328,Severe,Severe
2019-11-01 00:00:00,275.1333333333333,255.65682983398438,Severe,Severe
2019-11-01 01:00:00,161.91666666666666,108.04822540283203,Severe,Severe
2019-11-01 02:00:00,106.80119047619048,52.33971405029297,Severe,Moderate
2019-11-01 03:00:00,87.35238095238095,7.969285488128662,Moderate,Normal
2019-11-01 04:00:00,62.92407407407408,63.92087936401367,Moderate,Moderate
2019-11-01 05:00:00,37.640151515151516,25.37498664855957,Moderate,Moderate
2019-11-01 06:00:00,25.499999999999996,7.055473804473877,Moderate,Normal
2019-11-01 07:00:00,48.59958333333333,30.2210636138916,Moderate,Moderate
2019-11-01 08:00:00,54.04960317460318,39.09546661376953,Moderate,Moderate
2019-11-01 09:00:00,52.594907407407405,57.19118118286133,Moderate,Moderate
2019-11-01 10:00:00,85.92916666666667,81.31863403320312,Moderate,Moderate
2019-11-01 11:00:00,141.16033333333334,142.9564971923828,Severe,Severe
2019-11-01 12:00:00,161.14166666666665,129.28366088867188,Severe,Severe
2019-11-01 13:00:00,152.87261904761905,161.90234375,Severe,Severe
2019-11-01 14:00:00,141.14347826086959,150.64451599121094,Severe,Severe
2019-11-01 15:00:00,179.761,177.3511199951172,Severe,Severe
2019-11-01 16:00:00,199.80454545454543,191.83448791503906,Severe,Severe
2019-11-01 17:00:00,179.16796875,162.89761352539062,Severe,Severe
2019-11-01 18:00:00,156.05494791666666,155.14871215820312,Severe,Severe
2019-11-01 19:00:00,177.81914414414413,161.10366821289062,Severe,Severe
2019-11-01 20:00:00,157.26119791666667,130.80056762695312,Severe,Severe
2019-11-01 21:00:00,185.5203703703704,172.69639587402344,Severe,Severe
2019-11-01 22:00:00,211.81642156862745,213.2342071533203,Severe,Severe
2019-11-01 23:00:00,207.60642857142858,199.31056213378906,Severe,Severe
2019-11-02 00:00:00,274.67355072463766,256.60723876953125,Severe,Severe
2019-11-02 01:00:00,277.45735294117645,199.5127410888672,Severe,Severe
2019-11-02 02:00:00,103.45,77.13018035888672,Severe,Moderate
2019-11-02 03:00:00,87.78472222222223,67.66064453125,Moderate,Moderate
2019-11-02 04:00:00,158.95333333333332,111.82161712646484,Severe,Severe
2019-11-02 05:00:00,3.9765151515151516,5.207564830780029,Normal,Normal
2019-11-02 06:00:00,26.319298245614036,21.10798454284668,Moderate,Moderate
2019-11-02 07:00:00,53.65265151515152,39.78036880493164,Moderate,Moderate
2019-11-02 08:00:00,47.07261904761905,32.26055145263672,Moderate,Moderate
2019-11-02 09:00:00,61.34814814814815,55.13356399536133,Moderate,Moderate
2019-11-02 10:00:00,123.63444444444445,109.54249572753906,Severe,Severe
2019-11-02 11:00:00,129.05,117.93293762207031,Severe,Severe
2019-11-02 12:00:00,171.7813725490196,147.2615966796875,Severe,Severe
2019-11-02 13:00:00,133.25333333333336,135.22848510742188,Severe,Severe
2019-11-02 14:00:00,252.7326388888889,249.4901123046875,Severe,Severe
2019-11-02 15:00:00,170.57672413793105,159.14402770996094,Severe,Severe
2019-11-02 16:00:00,157.32291666666666,129.9693145751953,Severe,Severe
2019-11-02 17:00:00,187.05535714285716,176.2020263671875,Severe,Severe
2019-11-02 18:00:00,159.03662280701755,144.02122497558594,Severe,Severe
2019-11-02 19:00:00,140.57662037037034,134.23370361328125,Severe,Severe
2019-11-02 20:00:00,158.57184684684685,157.47494506835938,Severe,Severe
2019-11-02 21:00:00,213.11404761904762,188.2354736328125,Severe,Severe
2019-11-02 22:00:00,235.4707264957265,223.41563415527344,Severe,Severe
2019-11-02 23:00:00,182.25363247863248,173.44967651367188,Severe,Severe
2019-11-03 00:00:00,207.46633333333332,190.4589080810547,Severe,Severe
2019-11-03 01:00:00,208.1931818181818,142.47389221191406,Severe,Severe
2019-11-03 02:00:00,73.0220588235294,77.23287963867188,Moderate,Moderate
2019-11-03 03:00:00,107.05648148148148,47.401493072509766,Severe,Moderate
2019-11-03 04:00:00,83.58589743589745,58.62295150756836,Moderate,Moderate
2019-11-03 05:00:00,55.36562500000001,26.946489334106445,Moderate,Moderate
2019-11-03 06:00:00,36.352380952380955,7.947500705718994,Moderate,Normal
2019-11-03 07:00:00,51.1280701754386,25.357757568359375,Moderate,Moderate
2019-11-03 08:00:00,37.72857142857142,23.25094223022461,Moderate,Moderate
2019-11-03 09:00:00,53.03055555555555,39.48328399658203,Moderate,Moderate
2019-11-03 10:00:00,103.45757575757575,81.78880310058594,Severe,Moderate
2019-11-03 11:00:00,137.31416666666664,101.10505676269531,Severe,Severe
2019-11-03 12:00:00,176.19999999999996,146.9306182861328,Severe,Severe
2019-11-03 13:00:00,173.14000000000001,161.6188507080078,Severe,Severe
2019-11-03 14:00:00,190.9983870967742,189.1825408935547,Severe,Severe
2019-11-03 15:00:00,179.6902777777778,174.36813354492188,Severe,Severe
2019-11-03 16:00:00,181.5034946236559,164.52871704101562,Severe,Severe
2019-11-03 17:00:00,185.11623931623933,154.19671630859375,Severe,Severe
2019-11-03 18:00:00,147.59032258064516,139.30165100097656,Severe,Severe
2019-11-03 19:00:00,147.1593137254902,122.21916961669922,Severe,Severe
2019-11-03 20:00:00,138.89458333333334,125.8729248046875,Severe,Severe
2019-11-03 21:00:00,247.94023809523807,239.2740478515625,Severe,Severe
2019-11-03 22:00:00,201.8580808080808,194.96603393554688,Severe,Severe
2019-11-03 23:00:00,214.6323717948718,207.10372924804688,Severe,Severe
2019-11-04 00:00:00,302.87101449275366,262.74542236328125,Severe,Severe
2019-11-04 01:00:00,163.5313725490196,101.88179016113281,Severe,Severe
2019-11-04 02:00:00,94.68444444444444,84.03067016601562,Severe,Moderate
2019-11-04 03:00:00,101.44375000000001,10.892143249511719,Severe,Normal
2019-11-04 04:00:00,55.512962962962966,38.67781066894531,Moderate,Moderate
2019-11-04 05:00:00,36.3698717948718,30.512474060058594,Moderate,Moderate
2019-11-04 06:00:00,67.33484848484848,39.2920036315918,Moderate,Moderate
2019-11-04 07:00:00,76.05041666666666,44.566429138183594,Moderate,Moderate
2019-11-04 08:00:00,59.228571428571435,33.882930755615234,Moderate,Moderate
2019-11-04 09:00:00,77.59871794871795,65.75289916992188,Moderate,Moderate
2019-11-04 10:00:00,50.90625,42.839168548583984,Moderate,Moderate
2019-11-04 11:00:00,111.42685185185185,88.72095489501953,Severe,Moderate
2019-11-04 12:00:00,187.3375,159.99964904785156,Severe,Severe
2019-11-04 13:00:00,123.89679487179487,107.55374145507812,Severe,Severe
2019-11-04 14:00:00,198.4293209876543,188.43255615234375,Severe,Severe
2019-11-04 15:00:00,154.25234375,126.87752532958984,Severe,Severe
2019-11-04 16:00:00,203.69949494949498,187.76417541503906,Severe,Severe
2019-11-04 17:00:00,196.60104166666667,184.93128967285156,Severe,Severe
2019-11-04 18:00:00,204.3431623931624,187.99334716796875,Severe,Severe
2019-11-04 19:00:00,137.60583333333335,117.46553039550781,Severe,Severe
2019-11-04 20:00:00,174.2439393939394,150.32998657226562,Severe,Severe
2019-11-04 21:00:00,214.49857142857144,183.10740661621094,Severe,Severe
2019-11-04 22:00:00,177.60906862745097,162.09902954101562,Severe,Severe
2019-11-04 23:00:00,248.34569892473118,235.52317810058594,Severe,Severe
2019-11-05 00:00:00,324.4685185185185,277.3809509277344,Severe,Severe
2019-11-05 03:00:00,243.07777777777778,92.55728912353516,Severe,Severe
2019-11-05 04:00:00,267.24444444444447,196.90826416015625,Severe,Severe
2019-11-05 06:00:00,66.46060606060605,31.070219039916992,Moderate,Moderate
2019-11-05 07:00:00,35.19583333333333,24.819469451904297,Moderate,Moderate
2019-11-05 08:00:00,62.084259259259255,47.34800720214844,Moderate,Moderate
2019-11-05 09:00:00,80.20500000000001,63.1366081237793,Moderate,Moderate
2019-11-05 10:00:00,91.11376811594204,74.67488861083984,Severe,Moderate
2019-11-05 11:00:00,142.9186274509804,97.34941101074219,Severe,Severe
2019-11-05 12:00:00,210.81296296296296,190.88182067871094,Severe,Severe
2019-11-05 13:00:00,138.438,133.9986572265625,Severe,Severe
2019-11-05 14:00:00,201.5716049382716,186.1080780029297,Severe,Severe
2019-11-05 15:00:00,209.41021505376347,188.94134521484375,Severe,Severe
2019-11-05 16:00:00,198.90689655172412,177.45530700683594,Severe,Severe
2019-11-05 17:00:00,194.54166666666666,183.40957641601562,Severe,Severe
2019-11-05 18:00:00,194.58523809523808,148.9578094482422,Severe,Severe
2019-11-05 19:00:00,184.17149122807018,163.4783935546875,Severe,Severe
2019-11-05 20:00:00,158.84298245614036,145.41635131835938,Severe,Severe
2019-11-05 21:00:00,176.54429824561404,158.1017608642578,Severe,Severe
2019-11-05 22:00:00,236.71333333333334,233.85548400878906,Severe,Severe
2019-11-05 23:00:00,207.57687500000003,195.43954467773438,Severe,Severe
2019-11-06 00:00:00,265.8427536231884,219.31942749023438,Severe,Severe
2019-11-06 01:00:00,183.37395833333335,142.69784545898438,Severe,Severe
2019-11-06 02:00:00,100.13666666666667,63.54945373535156,Severe,Moderate
2019-11-06 03:00:00,50.8125,13.780085563659668,Moderate,Normal
2019-11-06 04:00:00,101.3777777777778,84.42682647705078,Severe,Moderate
2019-11-06 05:00:00,8.933333333333334,5.376311302185059,Normal,Normal
2019-11-06 06:00:00,10.3375,7.221999168395996,Normal,Normal
2019-11-06 07:00:00,46.466203703703705,36.27439498901367,Moderate,Moderate
2019-11-06 08:00:00,85.10392156862747,73.02149963378906,Moderate,Moderate
2019-11-06 09:00:00,83.3029411764706,64.30953979492188,Moderate,Moderate
2019-11-06 10:00:00,95.91875000000002,72.74237060546875,Severe,Moderate
2019-11-06 11:00:00,125.13041666666668,119.56185150146484,Severe,Severe
2019-11-06 12:00:00,140.55171568627452,120.66179656982422,Severe,Severe
2019-11-06 13:00:00,187.94320987654322,174.31298828125,Severe,Severe
2019-11-06 14:00:00,202.13072916666667,188.29049682617188,Severe,Severe
2019-11-06 15:00:00,148.32069892473118,119.46553039550781,Severe,Severe
2019-11-06 16:00:00,218.45714285714286,187.28518676757812,Severe,Severe
2019-11-06 17:00:00,186.01896551724136,170.58409118652344,Severe,Severe
2019-11-06 18:00:00,192.3684523809524,193.167724609375,Severe,Severe
2019-11-06 19:00:00,156.26260683760682,138.4153289794922,Severe,Severe
2019-11-06 20:00:00,188.90743243243242,180.1323699951172,Severe,Severe
2019-11-06 21:00:00,186.18370370370369,176.74595642089844,Severe,Severe
2019-11-06 22:00:00,205.0993243243243,198.4998016357422,Severe,Severe
2019-11-06 23:00:00,202.48333333333335,199.879638671875,Severe,Severe
2019-11-07 00:00:00,226.35800000000003,199.17889404296875,Severe,Severe
2019-11-07 01:00:00,240.07569444444445,179.48756408691406,Severe,Severe
2019-11-07 02:00:00,84.575,63.79401779174805,Moderate,Moderate
2019-11-07 03:00:00,49.94166666666666,31.346885681152344,Moderate,Moderate
2019-11-07 04:00:00,146.38833333333335,108.19976043701172,Severe,Severe
2019-11-07 05:00:00,84.38055555555556,41.00212097167969,Moderate,Moderate
2019-11-07 06:00:00,20.31911764705882,20.2225341796875,Moderate,Moderate
2019-11-07 07:00:00,46.852604166666666,26.380569458007812,Moderate,Moderate
2019-11-07 08:00:00,68.91416666666666,60.607154846191406,Moderate,Moderate
2019-11-07 09:00:00,54.573684210526324,41.93136978149414,Moderate,Moderate
2019-11-07 10:00:00,75.76620370370371,53.47067642211914,Moderate,Moderate
2019-11-07 11:00:00,139.48174603174604,132.1502685546875,Severe,Severe
2019-11-07 12:00:00,148.74545454545455,128.11553955078125,Severe,Severe
2019-11-07 13:00:00,205.50061728395062,182.02122497558594,Severe,Severe
2019-11-07 14:00:00,188.79733333333337,174.6968231201172,Severe,Severe
2019-11-07 15:00:00,199.9716049382716,185.26760864257812,Severe,Severe
2019-11-07 16:00:00,187.23044871794872,175.74911499023438,Severe,Severe
2019-11-07 17:00:00,171.95416666666665,143.9724884033203,Severe,Severe
2019-11-07 18:00:00,200.12829457364342,179.6428985595703,Severe,Severe
2019-11-07 19:00:00,150.7852564102564,137.42823791503906,Severe,Severe
2019-11-07 20:00:00,138.88125,128.7882843017578,Severe,Severe
2019-11-07 21:00:00,215.79206349206348,206.9093017578125,Severe,Severe
2019-11-07 22:00:00,191.67720588235295,185.65176391601562,Severe,Severe
2019-11-07 23:00:00,217.13952991452993,212.6434783935547,Severe,Severe
2019-11-08 00:00:00,252.99492753623187,243.02435302734375,Severe,Severe
2019-11-08 01:00:00,175.85219298245613,116.30008697509766,Severe,Severe
2019-11-08 02:00:00,54.45666666666667,53.24162673950195,Moderate,Moderate
2019-11-08 03:00:00,222.86666666666667,56.07234573364258,Severe,Moderate
2019-11-08 04:00:00,129.63055555555556,81.35283660888672,Severe,Moderate
2019-11-08 05:00:00,32.126041666666666,25.832454681396484,Moderate,Moderate
2019-11-08 06:00:00,24.506481481481487,19.853229522705078,Moderate,Normal
2019-11-08 07:00:00,65.93560606060606,43.4243049621582,Moderate,Moderate
2019-11-08 08:00:00,45.70378787878788,38.2885856628418,Moderate,Moderate
2019-11-08 09:00:00,76.63458333333332,62.97111892700195,Moderate,Moderate
2019-11-08 10:00:00,63.34791666666667,52.03361892700195,Moderate,Moderate
2019-11-08 11:00:00,143.04083333333332,119.14892578125,Severe,Severe
2019-11-08 12:00:00,152.67916666666667,121.43628692626953,Severe,Severe
2019-11-08 13:00:00,123.86789215686274,104.31505584716797,Severe,Severe
2019-11-08 14:00:00,203.559068627451,207.39036560058594,Severe,Severe
2019-11-08 15:00:00,177.41936936936935,173.1892852783203,Severe,Severe
2019-11-08 16:00:00,233.96891025641028,226.24749755859375,Severe,Severe
2019-11-08 17:00:00,202.81155913978495,178.01531982421875,Severe,Severe
2019-11-08 18:00:00,216.94733333333335,192.82290649414062,Severe,Severe
2019-11-08 19:00:00,161.50254629629632,151.9522247314453,Severe,Severe
2019-11-08 20:00:00,158.29957264957264,150.2833251953125,Severe,Severe
2019-11-08 21:00:00,203.11083333333335,198.66403198242188,Severe,Severe
2019-11-08 22:00:00,182.39503968253968,177.43402099609375,Severe,Severe
2019-11-08 23:00:00,228.75671296296298,206.94839477539062,Severe,Severe
2019-11-09 00:00:00,256.79833333333335,243.34326171875,Severe,Severe
2019-11-09 01:00:00,172.5297619047619,150.66554260253906,Severe,Severe
2019-11-09 02:00:00,106.81439393939394,101.57508087158203,Severe,Severe
2019-11-09 03:00:00,35.05833333333333,74.64313507080078,Moderate,Moderate
2019-11-09 04:00:00,177.08125,108.44789123535156,Severe,Severe
2019-11-09 05:00:00,59.016666666666666,49.68645477294922,Moderate,Moderate
2019-11-09 06:00:00,20.96875,21.023895263671875,Moderate,Moderate
2019-11-09 07:00:00,51.26485507246377,27.955642700195312,Moderate,Moderate
2019-11-09 08:00:00,37.16458333333333,34.8559684753418,Moderate,Moderate
2019-11-09 09:00:00,45.665,40.356990814208984,Moderate,Moderate
2019-11-09 10:00:00,103.75500000000001,88.57533264160156,Severe,Moderate
2019-11-09 11:00:00,132.15476190476193,96.98399353027344,Severe,Severe
2019-11-09 12:00:00,141.08388888888888,128.90087890625,Severe,Severe
2019-11-09 13:00:00,175.74702380952382,149.9638214111328,Severe,Severe
2019-11-09 14:00:00,198.17916666666667,181.70648193359375,Severe,Severe
2019-11-09 15:00:00,156.23189655172416,145.96859741210938,Severe,Severe
2019-11-09 16:00:00,187.13040540540538,176.3275909423828,Severe,Severe
2019-11-09 17:00:00,187.8232323232323,164.52084350585938,Severe,Severe
2019-11-09 18:00:00,175.0016203703704,164.93588256835938,Severe,Severe
2019-11-09 19:00:00,154.96333333333334,146.6656036376953,Severe,Severe
2019-11-09 20:00:00,138.65277777777777,129.27493286132812,Severe,Severe
2019-11-09 21:00:00,221.23247863247866,216.68594360351562,Severe,Severe
2019-11-09 22:00:00,182.869375,175.58172607421875,Severe,Severe
2019-11-09 23:00:00,219.62538759689923,225.5712432861328,Severe,Severe
2019-11-10 00:00:00,212.45590277777777,207.3919219970703,Severe,Severe
2019-11-10 01:00:00,180.63392857142858,161.29190063476562,Severe,Severe
2019-11-10 02:00:00,129.27638888888887,83.89730834960938,Severe,Moderate
2019-11-10 03:00:00,73.93854166666667,16.45464324951172,Moderate,Normal
2019-11-10 04:00:00,111.47051282051281,72.0718765258789,Severe,Moderate
2019-11-10 05:00:00,38.06666666666667,33.32014846801758,Moderate,Moderate
2019-11-10 06:00:00,43.59950980392157,38.850948333740234,Moderate,Moderate
2019-11-10 07:00:00,87.145,39.63103103637695,Moderate,Moderate
2019-11-10 08:00:00,31.34895833333333,29.132659912109375,Moderate,Moderate
2019-11-10 09:00:00,25.147777777777776,17.213001251220703,Moderate,Normal
2019-11-10 10:00:00,175.91458333333335,160.22463989257812,Severe,Severe
2019-11-10 11:00:00,106.55576923076923,88.97441101074219,Severe,Moderate
2019-11-10 12:00:00,128.05208333333334,118.4569091796875,Severe,Severe
2019-11-10 13:00:00,162.16304347826085,142.83990478515625,Severe,Severe
2019-11-10 14:00:00,219.4846153846154,213.67108154296875,Severe,Severe
2019-11-10 15:00:00,178.03055555555554,168.8391571044922,Severe,Severe
2019-11-10 16:00:00,176.16008771929828,154.81207275390625,Severe,Severe
2019-11-10 17:00:00,204.24545454545455,167.91314697265625,Severe,Severe
2019-11-10 18:00:00,198.2302380952381,181.07545471191406,Severe,Severe
2019-11-10 19:00:00,142.52208333333334,137.77127075195312,Severe,Severe
2019-11-10 20:00:00,158.83012820512818,149.25987243652344,Severe,Severe
2019-11-10 21:00:00,191.59007936507936,183.07513427734375,Severe,Severe
2019-11-10 22:00:00,207.75794573643412,192.67210388183594,Severe,Severe
2019-11-10 23:00:00,239.51944444444445,236.84518432617188,Severe,Severe
2019-11-11 00:00:00,239.39700000000002,224.31346130371094,Severe,Severe
2019-11-11 01:00:00,90.36354166666666,93.73799133300781,Severe,Severe
2019-11-11 02:00:00,86.95059523809525,75.48198699951172,Moderate,Moderate
2019-11-11 03:00:00,262.45,61.79475784301758,Severe,Moderate
2019-11-11 04:00:00,86.82291666666667,26.252721786499023,Moderate,Moderate
2019-11-11 05:00:00,33.99166666666667,32.155277252197266,Moderate,Moderate
2019-11-11 06:00:00,12.17962962962963,12.715658187866211,Normal,Normal
2019-11-11 07:00:00,61.721376811594205,40.88808822631836,Moderate,Moderate
2019-11-11 08:00:00,60.50333333333333,57.20069885253906,Moderate,Moderate
2019-11-11 09:00:00,44.91127450980392,51.16901397705078,Moderate,Moderate
2019-11-11 10:00:00,110.15238095238097,79.39420318603516,Severe,Moderate
2019-11-11 11:00:00,159.9611111111111,147.46852111816406,Severe,Severe
2019-11-11 12:00:00,164.442,156.56739807128906,Severe,Severe
2019-11-11 13:00:00,180.37179487179486,169.98080444335938,Severe,Severe
2019-11-11 14:00:00,214.21694444444444,196.45692443847656,Severe,Severe
2019-11-11 15:00:00,198.27654320987656,163.9840087890625,Severe,Severe
2019-11-11 16:00:00,215.2989247311828,191.86639404296875,Severe,Severe
2019-11-11 17:00:00,143.68261904761903,107.21553802490234,Severe,Severe
2019-11-11 18:00:00,257.2706349206349,239.9304962158203,Severe,Severe
2019-11-11 19:00:00,151.1890350877193,131.57858276367188,Severe,Severe
2019-11-11 20:00:00,132.74756097560976,119.67850494384766,Severe,Severe
2019-11-11 21:00:00,201.45945945945945,179.30323791503906,Severe,Severe
2019-11-11 22:00:00,207.51401515151517,197.4057159423828,Severe,Severe
2019-11-11 23:00:00,212.50243902439024,208.76901245117188,Severe,Severe
2019-11-12 00:00:00,241.1262345679012,217.53794860839844,Severe,Severe
2019-11-12 01:00:00,278.92944444444436,162.97900390625,Severe,Severe
2019-11-12 02:00:00,69.18070175438596,59.514949798583984,Moderate,Moderate
2019-11-12 03:00:00,43.1375,54.66864776611328,Moderate,Moderate
2019-11-12 04:00:00,88.00714285714285,66.3455581665039,Moderate,Moderate
2019-11-12 05:00:00,32.95192307692308,30.516862869262695,Moderate,Moderate
2019-11-12 06:00:00,26.716228070175443,22.610570907592773,Moderate,Moderate
2019-11-12 07:00:00,42.39429824561403,39.957061767578125,Moderate,Moderate
2019-11-12 08:00:00,50.285185185185185,38.772438049316406,Moderate,Moderate
2019-11-12 09:00:00,16.50877192982456,12.849848747253418,Normal,Normal
2019-11-12 10:00:00,68.60958333333335,56.466102600097656,Moderate,Moderate
2019-11-12 11:00:00,181.49601449275363,168.14295959472656,Severe,Severe
2019-11-12 12:00:00,142.81206896551723,128.01968383789062,Severe,Severe
2019-11-12 13:00:00,169.34777777777782,171.1216583251953,Severe,Severe
2019-11-12 14:00:00,153.7969135802469,146.97361755371094,Severe,Severe
2019-11-12 15:00:00,164.80999999999997,156.83607482910156,Severe,Severe
2019-11-12 16:00:00,158.035101010101,144.7812957763672,Severe,Severe
2019-11-12 17:00:00,207.31408045977008,187.3338165283203,Severe,Severe
2019-11-12 18:00:00,208.48881578947368,205.2539520263672,Severe,Severe
2019-11-12 19:00:00,165.15153508771928,158.05105590820312,Severe,Severe
2019-11-12 20:00:00,145.05193798449613,136.4302215576172,Severe,Severe
2019-11-12 21:00:00,167.8040740740741,156.32833862304688,Severe,Severe
2019-11-12 22:00:00,216.87693798449615,209.27957153320312,Severe,Severe
2019-11-12 23:00:00,208.27777777777777,190.6426544189453,Severe,Severe
2019-11-13 00:00:00,251.92028985507244,223.2760467529297,Severe,Severe
2019-11-13 01:00:00,211.09930555555556,113.21066284179688,Severe,Severe
2019-11-13 02:00:00,98.88802083333333,56.86009979248047,Severe,Moderate
2019-11-13 03:00:00,69.50520833333333,40.648712158203125,Moderate,Moderate
2019-11-13 04:00:00,137.70666666666665,107.48209381103516,Severe,Severe
2019-11-13 05:00:00,55.815625000000004,44.126094818115234,Moderate,Moderate
2019-11-13 06:00:00,5.895833333333333,7.6327924728393555,Normal,Normal
2019-11-13 07:00:00,42.12658730158731,35.78798294067383,Moderate,Moderate
2019-11-13 08:00:00,71.22719298245613,55.25732421875,Moderate,Moderate
2019-11-13 09:00:00,59.24420289855073,41.02169418334961,Moderate,Moderate
2019-11-13 10:00:00,95.65416666666667,76.22999572753906,Severe,Moderate
2019-11-13 11:00:00,106.48916666666666,100.9232177734375,Severe,Severe
2019-11-13 12:00:00,207.38400000000001,175.35101318359375,Severe,Severe
2019-11-13 13:00:00,135.88172043010752,97.74561309814453,Severe,Severe
2019-11-13 14:00:00,252.44055555555553,247.45135498046875,Severe,Severe
2019-11-13 15:00:00,193.69047619047618,189.82383728027344,Severe,Severe
2019-11-13 16:00:00,183.30916666666664,165.14572143554688,Severe,Severe
2019-11-13 17:00:00,142.41014492753627,122.21455383300781,Severe,Severe
2019-11-13 18:00:00,191.54909909909912,186.22683715820312,Severe,Severe
2019-11-13 19:00:00,147.54513888888889,145.65948486328125,Severe,Severe
2019-11-13 20:00:00,187.6641666666667,171.23324584960938,Severe,Severe
2019-11-13 21:00:00,202.48870370370372,192.60813903808594,Severe,Severe
2019-11-13 22:00:00,180.11491228070176,169.5936279296875,Severe,Severe
2019-11-13 23:00:00,224.06111111111107,220.6875457763672,Severe,Severe
2019-11-14 00:00:00,224.16742424242423,195.39556884765625,Severe,Severe
2019-11-14 01:00:00,200.05277777777778,137.90200805664062,Severe,Severe
2019-11-14 02:00:00,151.64444444444447,91.75556945800781,Severe,Severe
2019-11-14 03:00:00,57.25,39.162879943847656,Moderate,Moderate
2019-11-14 04:00:00,89.89761904761905,58.67673110961914,Moderate,Moderate
2019-11-14 05:00:00,4.933333333333334,6.28651237487793,Normal,Normal
2019-11-14 06:00:00,15.808333333333335,5.957239151000977,Normal,Normal
2019-11-14 07:00:00,53.64311594202898,44.389404296875,Moderate,Moderate
2019-11-14 08:00:00,33.02552083333333,30.845970153808594,Moderate,Moderate
2019-11-14 09:00:00,19.687962962962963,16.36183738708496,Normal,Normal
2019-11-14 10:00:00,40.79416666666667,31.057498931884766,Moderate,Moderate
2019-11-14 11:00:00,110.62208333333334,86.84461975097656,Severe,Moderate
2019-11-14 12:00:00,185.3783950617284,165.30885314941406,Severe,Severe
2019-11-14 13:00:00,147.3382183908046,132.55906677246094,Severe,Severe
2019-11-14 14:00:00,222.38440860215056,212.1067352294922,Severe,Severe
2019-11-14 15:00:00,183.16344086021505,168.3043212890625,Severe,Severe
2019-11-14 16:00:00,175.20666666666668,160.6247100830078,Severe,Severe
2019-11-14 17:00:00,252.7280864197531,228.64385986328125,Severe,Severe
2019-11-14 18:00:00,169.10532407407405,169.40660095214844,Severe,Severe
2019-11-14 19:00:00,152.60000000000002,150.54481506347656,Severe,Severe
2019-11-14 20:00:00,157.38587962962964,153.7543487548828,Severe,Severe
2019-11-14 21:00:00,213.19851190476192,198.81747436523438,Severe,Severe
2019-11-14 22:00:00,197.39642857142857,193.72454833984375,Severe,Severe
2019-11-14 23:00:00,223.26916666666665,209.0408172607422,Severe,Severe
2019-11-15 00:00:00,225.7473484848485,201.02725219726562,Severe,Severe
2019-11-15 01:00:00,178.52794117647062,131.43075561523438,Severe,Severe
2019-11-15 02:00:00,109.5095238095238,84.3199462890625,Severe,Moderate
2019-11-15 03:00:00,56.36666666666667,46.280094146728516,Moderate,Moderate
2019-11-15 04:00:00,93.93802083333334,75.35455322265625,Severe,Moderate
2019-11-15 05:00:00,29.44222222222222,21.938161849975586,Moderate,Moderate
2019-11-15 06:00:00,37.91282051282052,26.72683334350586,Moderate,Moderate
2019-11-15 07:00:00,67.80989583333334,43.63128662109375,Moderate,Moderate
2019-11-15 08:00:00,85.68181818181819,52.31460189819336,Moderate,Moderate
2019-11-15 09:00:00,78.805,60.50425338745117,Moderate,Moderate
2019-11-15 10:00:00,90.68640350877192,70.42677307128906,Severe,Moderate
2019-11-15 11:00:00,187.34935897435895,176.52305603027344,Severe,Severe
2019-11-15 12:00:00,155.040625,135.90245056152344,Severe,Severe
2019-11-15 13:00:00,162.4989898989899,143.959228515625,Severe,Severe
2019-11-15 14:00:00,198.2878787878788,179.31092834472656,Severe,Severe
2019-11-15 15:00:00,180.3220238095238,172.2670440673828,Severe,Severe
2019-11-15 16:00:00,160.88173076923073,137.0371856689453,Severe,Severe
2019-11-15 17:00:00,189.2039855072464,179.4270782470703,Severe,Severe
2019-11-15 18:00:00,198.55916666666664,187.89920043945312,Severe,Severe
2019-11-15 19:00:00,151.97286821705427,145.00537109375,Severe,Severe
2019-11-15 20:00:00,177.86846846846848,169.54161071777344,Severe,Severe
2019-11-15 21:00:00,222.33684210526317,191.3558349609375,Severe,Severe
2019-11-15 22:00:00,200.0918859649123,194.91763305664062,Severe,Severe
2019-11-15 23:00:00,233.17936507936506,233.2211456298828,Severe,Severe
2019-11-16 00:00:00,243.93560606060603,212.08473205566406,Severe,Severe
2019-11-16 01:00:00,225.35166666666663,185.92080688476562,Severe,Severe
2019-11-16 02:00:00,116.3609375,50.59916305541992,Severe,Moderate
2019-11-16 03:00:00,38.555555555555564,20.773122787475586,Moderate,Moderate
2019-11-16 04:00:00,145.97666666666666,104.03262329101562,Severe,Severe
2019-11-16 05:00:00,74.56089743589745,28.55231475830078,Moderate,Moderate
2019-11-16 06:00:00,27.17552083333333,22.177593231201172,Moderate,Moderate
2019-11-16 07:00:00,67.77416666666667,45.99443435668945,Moderate,Moderate
2019-11-16 08:00:00,38.63769841269841,30.5974063873291,Moderate,Moderate
2019-11-16 09:00:00,64.57727272727273,57.80255126953125,Moderate,Moderate
2019-11-16 10:00:00,84.70219298245615,69.5113296508789,Moderate,Moderate
2019-11-16 11:00:00,176.93901515151512,155.45730590820312,Severe,Severe
2019-11-16 12:00:00,171.11354166666666,168.09561157226562,Severe,Severe
2019-11-16 13:00:00,95.36111111111111,94.22492218017578,Severe,Severe
2019-11-16 14:00:00,184.22852564102564,172.97366333007812,Severe,Severe
2019-11-16 15:00:00,198.1486111111111,183.9766387939453,Severe,Severe
2019-11-16 16:00:00,170.8566176470588,142.0824432373047,Severe,Severe
2019-11-16 17:00:00,190.43397435897435,140.43258666992188,Severe,Severe
2019-11-16 18:00:00,209.7525462962963,187.2128448486328,Severe,Severe
2019-11-16 19:00:00,188.50788288288288,175.8185577392578,Severe,Severe
2019-11-16 20:00:00,154.5808139534884,126.95433807373047,Severe,Severe
2019-11-16 21:00:00,179.54015151515154,161.51463317871094,Severe,Severe
2019-11-16 22:00:00,177.01239837398373,171.76162719726562,Severe,Severe
2019-11-16 23:00:00,238.03648648648644,219.52894592285156,Severe,Severe
2019-11-17 00:00:00,266.845,241.62960815429688,Severe,Severe
2019-11-17 01:00:00,232.45722222222224,131.44091796875,Severe,Severe
2019-11-17 02:00:00,78.89111111111112,50.82005310058594,Moderate,Moderate
2019-11-17 03:00:00,69.61,47.28034210205078,Moderate,Moderate
2019-11-17 04:00:00,105.04871794871794,100.13300323486328,Severe,Severe
2019-11-17 05:00:00,43.49583333333334,26.666580200195312,Moderate,Moderate
2019-11-17 06:00:00,6.503333333333333,3.6477811336517334,Normal,Normal
2019-11-17 07:00:00,69.79460784313726,63.375179290771484,Moderate,Moderate
2019-11-17 08:00:00,51.213888888888896,8.899380683898926,Moderate,Normal
2019-11-17 09:00:00,63.04963768115942,56.31098556518555,Moderate,Moderate
2019-11-17 10:00:00,109.79722222222223,80.74329376220703,Severe,Moderate
2019-11-17 11:00:00,135.16401515151514,128.20481872558594,Severe,Severe
2019-11-17 12:00:00,116.33444444444444,110.3636703491211,Severe,Severe
2019-11-17 13:00:00,169.7888888888889,147.11241149902344,Severe,Severe
2019-11-17 14:00:00,159.78208333333333,153.75161743164062,Severe,Severe
2019-11-17 15:00:00,180.89215686274508,174.4399871826172,Severe,Severe
2019-11-17 16:00:00,196.44974747474748,177.9276885986328,Severe,Severe
2019-11-17 17:00:00,162.89722222222224,159.1412353515625,Severe,Severe
2019-11-17 18:00:00,177.28479166666665,173.91368103027344,Severe,Severe
2019-11-17 19:00:00,139.36396396396398,141.7434539794922,Severe,Severe
2019-11-17 20:00:00,149.68603603603603,149.739990234375,Severe,Severe
2019-11-17 21:00:00,175.64085365853657,167.6503143310547,Severe,Severe
2019-11-17 22:00:00,217.44833333333332,215.951171875,Severe,Severe
2019-11-17 23:00:00,223.13085585585583,215.5590362548828,Severe,Severe
2019-11-18 00:00:00,230.45757575757577,192.37086486816406,Severe,Severe
2019-11-18 01:00:00,205.41858974358973,125.98938751220703,Severe,Severe
2019-11-18 02:00:00,40.48782051282051,37.508201599121094,Moderate,Moderate
2019-11-18 03:00:00,54.13333333333333,51.41411209106445,Moderate,Moderate
2019-11-18 04:00:00,83.11372549019609,58.5078239440918,Moderate,Moderate
2019-11-18 05:00:00,47.7390625,22.28354263305664,Moderate,Moderate
2019-11-18 06:00:00,45.52592592592592,41.50201416015625,Moderate,Moderate
2019-11-18 07:00:00,36.83253968253969,29.307334899902344,Moderate,Moderate
2019-11-18 08:00:00,57.89385964912281,48.04863357543945,Moderate,Moderate
2019-11-18 09:00:00,43.8050925925926,35.25584030151367,Moderate,Moderate
2019-11-18 10:00:00,82.13194444444444,76.01589965820312,Moderate,Moderate
2019-11-18 11:00:00,146.81136363636367,126.42941284179688,Severe,Severe
2019-11-18 12:00:00,182.05952380952382,172.76498413085938,Severe,Severe
2019-11-18 13:00:00,117.51145833333334,103.28116607666016,Severe,Severe
2019-11-18 14:00:00,199.1454022988506,188.88314819335938,Severe,Severe
2019-11-18 15:00:00,182.77988505747126,180.8544921875,Severe,Severe
2019-11-18 16:00:00,170.20994623655915,142.76705932617188,Severe,Severe
2019-11-18 17:00:00,223.7533333333333,210.22642517089844,Severe,Severe
2019-11-18 18:00:00,199.234188034188,194.10365295410156,Severe,Severe
2019-11-18 19:00:00,137.98916666666668,136.4635467529297,Severe,Severe
2019-11-18 20:00:00,144.60000000000002,139.84226989746094,Severe,Severe
2019-11-18 21:00:00,203.96923076923076,204.01368713378906,Severe,Severe
2019-11-18 22:00:00,194.04857723577237,184.76882934570312,Severe,Severe
2019-11-18 23:00:00,198.41773504273507,188.5084686279297,Severe,Severe
2019-11-19 00:00:00,221.0032051282051,210.7653045654297,Severe,Severe
2019-11-19 01:00:00,270.675641025641,198.46075439453125,Severe,Severe
2019-11-19 02:00:00,97.07833333333333,62.4282112121582,Severe,Moderate
2019-11-19 03:00:00,40.18333333333333,30.93134117126465,Moderate,Moderate
2019-11-19 04:00:00,94.34583333333333,81.52388000488281,Severe,Moderate
2019-11-19 05:00:00,47.77756410256409,25.518999099731445,Moderate,Moderate
2019-11-19 06:00:00,6.234313725490196,3.4394330978393555,Normal,Normal
2019-11-19 07:00:00,61.658680555555556,58.184356689453125,Moderate,Moderate
2019-11-19 08:00:00,23.24848484848485,22.085535049438477,Moderate,Moderate
2019-11-19 09:00:00,63.70119047619048,43.74356460571289,Moderate,Moderate
2019-11-19 10:00:00,88.98333333333333,85.57666778564453,Moderate,Moderate
2019-11-19 11:00:00,128.309649122807,114.73181915283203,Severe,Severe
2019-11-19 12:00:00,130.15833333333333,125.95726776123047,Severe,Severe
2019-11-19 13:00:00,140.97666666666666,140.00228881835938,Severe,Severe
2019-11-19 14:00:00,210.9429012345679,192.05101013183594,Severe,Severe
2019-11-19 15:00:00,157.52733333333333,146.49237060546875,Severe,Severe
2019-11-19 16:00:00,227.04766666666666,225.7437744140625,Severe,Severe
2019-11-19 17:00:00,217.22419354838706,194.30447387695312,Severe,Severe
2019-11-19 18:00:00,186.97714285714287,187.255126953125,Severe,Severe
2019-11-19 19:00:00,126.63472222222225,121.1607666015625,Severe,Severe
2019-11-19 20:00:00,198.20247747747752,182.3603057861328,Severe,Severe
2019-11-19 21:00:00,174.80833333333337,170.7350616455078,Severe,Severe
2019-11-19 22:00:00,199.03012820512822,191.114990234375,Severe,Severe
2019-11-19 23:00:00,239.89436936936937,222.5677032470703,Severe,Severe
2019-11-20 00:00:00,223.94166666666666,233.12429809570312,Severe,Severe
2019-11-20 01:00:00,232.61666666666667,180.0637664794922,Severe,Severe
2019-11-20 02:00:00,79.99464285714286,48.062095642089844,Moderate,Moderate
2019-11-20 03:00:00,40.300000000000004,39.22624588012695,Moderate,Moderate
2019-11-20 04:00:00,124.7950980392157,94.90652465820312,Severe,Severe
2019-11-20 05:00:00,31.795238095238094,7.8698506355285645,Moderate,Normal
2019-11-20 06:00:00,47.81979166666667,23.193283081054688,Moderate,Moderate
2019-11-20 07:00:00,54.48041666666667,52.741600036621094,Moderate,Moderate
2019-11-20 08:00:00,62.04675925925926,46.68746566772461,Moderate,Moderate
2019-11-20 09:00:00,57.47564102564103,74.6212387084961,Moderate,Moderate
2019-11-20 10:00:00,109.15291666666667,89.56962585449219,Severe,Moderate
2019-11-20 11:00:00,74.43111111111111,76.05268859863281,Moderate,Moderate
2019-11-20 12:00:00,160.36052631578949,159.6819305419922,Severe,Severe
2019-11-20 13:00:00,182.175,167.6614227294922,Severe,Severe
2019-11-20 14:00:00,166.11136363636365,146.33843994140625,Severe,Severe
2019-11-20 15:00:00,182.64479166666666,175.5601806640625,Severe,Severe
2019-11-20 16:00:00,215.24930555555557,193.7129364013672,Severe,Severe
2019-11-20 17:00:00,222.4658602150538,197.9738006591797,Severe,Severe
2019-11-20 18:00:00,184.79999999999998,167.7530975341797,Severe,Severe
2019-11-20 19:00:00,141.79573643410856,133.1352081298828,Severe,Severe
2019-11-20 20:00:00,171.18394308943087,167.2119598388672,Severe,Severe
2019-11-20 21:00:00,201.26283783783788,191.59320068359375,Severe,Severe
2019-11-20 22:00:00,210.70877192982456,206.26858520507812,Severe,Severe
2019-11-20 23:00:00,223.715170940171,212.77284240722656,Severe,Severe
2019-11-21 00:00:00,236.4855072463768,231.22874450683594,Severe,Severe
2019-11-21 01:00:00,130.9090909090909,89.23368835449219,Severe,Moderate
2019-11-21 02:00:00,79.89666666666668,62.87836456298828,Moderate,Moderate
2019-11-21 03:00:00,54.22777777777778,47.38380432128906,Moderate,Moderate
2019-11-21 04:00:00,135.21145833333333,95.11831665039062,Severe,Severe
2019-11-21 05:00:00,99.95757575757575,67.26824188232422,Severe,Moderate
2019-11-21 06:00:00,32.353240740740745,18.683956146240234,Moderate,Normal
2019-11-21 07:00:00,38.49246031746031,35.022708892822266,Moderate,Moderate
2019-11-21 08:00:00,12.54277777777778,12.892325401306152,Normal,Normal
2019-11-21 09:00:00,50.022499999999994,45.22351837158203,Moderate,Moderate
2019-11-21 10:00:00,80.87395833333333,70.0845947265625,Moderate,Moderate
2019-11-21 11:00:00,73.39507575757577,66.81880950927734,Moderate,Moderate
2019-11-21 12:00:00,176.84466666666668,175.0933837890625,Severe,Severe
2019-11-21 13:00:00,142.6013440860215,124.8086929321289,Severe,Severe
2019-11-21 14:00:00,221.83541666666667,211.65740966796875,Severe,Severe
2019-11-21 15:00:00,181.86666666666665,161.8566131591797,Severe,Severe
2019-11-21 16:00:00,180.25555555555556,175.69595336914062,Severe,Severe
2019-11-21 17:00:00,227.27166666666665,218.4849090576172,Severe,Severe
2019-11-21 18:00:00,192.01041666666666,189.46253967285156,Severe,Severe
2019-11-21 19:00:00,139.93553921568628,123.15709686279297,Severe,Severe
2019-11-21 20:00:00,202.86206140350876,190.2943115234375,Severe,Severe
2019-11-21 21:00:00,157.82731481481483,138.45684814453125,Severe,Severe
2019-11-21 22:00:00,190.8414285714286,183.05673217773438,Severe,Severe
2019-11-21 23:00:00,211.6388157894737,195.7265167236328,Severe,Severe
2019-11-22 00:00:00,227.22564102564104,201.00277709960938,Severe,Severe
2019-11-22 01:00:00,200.0,156.97508239746094,Severe,Severe
2019-11-22 02:00:00,85.20833333333334,59.23767852783203,Moderate,Moderate
2019-11-22 03:00:00,39.05833333333333,35.6903190612793,Moderate,Moderate
2019-11-22 04:00:00,94.27380952380952,69.17296600341797,Severe,Moderate
2019-11-22 05:00:00,35.85,28.079832077026367,Moderate,Moderate
2019-11-22 06:00:00,19.930555555555554,6.979024887084961,Normal,Normal
2019-11-22 07:00:00,37.21708333333334,23.34170913696289,Moderate,Moderate
2019-11-22 08:00:00,38.96346153846154,28.143474578857422,Moderate,Moderate
2019-11-22 09:00:00,27.56228070175439,22.853759765625,Moderate,Moderate
2019-11-22 10:00:00,113.70231481481483,101.13858032226562,Severe,Severe
2019-11-22 11:00:00,143.2052631578947,129.1822052001953,Severe,Severe
2019-11-22 12:00:00,141.53333333333333,124.51265716552734,Severe,Severe
2019-11-22 13:00:00,125.38602150537635,112.65676879882812,Severe,Severe
2019-11-22 14:00:00,203.93199999999996,194.59751892089844,Severe,Severe
2019-11-22 15:00:00,209.43477011494258,218.50852966308594,Severe,Severe
2019-11-22 16:00:00,133.89741379310345,124.56446075439453,Severe,Severe
2019-11-22 17:00:00,225.9272435897436,204.989501953125,Severe,Severe
2019-11-22 18:00:00,177.25098039215686,175.91554260253906,Severe,Severe
2019-11-22 19:00:00,120.79391891891892,119.64404296875,Severe,Severe
2019-11-22 20:00:00,181.26206140350877,179.64968872070312,Severe,Severe
2019-11-22 21:00:00,190.3556910569106,179.6859893798828,Severe,Severe
2019-11-22 22:00:00,181.080303030303,179.8426513671875,Severe,Severe
2019-11-22 23:00:00,195.61639784946237,190.1972198486328,Severe,Severe
2019-11-23 00:00:00,246.72083333333333,230.8947296142578,Severe,Severe
2019-11-23 01:00:00,160.01000000000002,159.6514434814453,Severe,Severe
2019-11-23 02:00:00,130.10611111111112,67.26575469970703,Severe,Moderate
2019-11-23 03:00:00,23.66060606060606,40.59769821166992,Moderate,Moderate
2019-11-23 04:00:00,132.3679487179487,94.33833312988281,Severe,Severe
2019-11-23 05:00:00,96.79122807017544,76.97389221191406,Severe,Moderate
2019-11-23 06:00:00,19.115909090909092,2.9855775833129883,Normal,Normal
2019-11-23 07:00:00,60.8297619047619,51.33222961425781,Moderate,Moderate
2019-11-23 08:00:00,47.35333333333334,40.47541046142578,Moderate,Moderate
2019-11-23 09:00:00,58.545175438596495,42.3767204284668,Moderate,Moderate
2019-11-23 10:00:00,74.90138888888889,61.17732238769531,Moderate,Moderate
2019-11-23 11:00:00,80.34803921568628,73.19828796386719,Moderate,Moderate
2019-11-23 12:00:00,187.18518518518522,176.71295166015625,Severe,Severe
2019-11-23 13:00:00,132.52983870967745,114.85498809814453,Severe,Severe
2019-11-23 14:00:00,178.01203703703706,151.85704040527344,Severe,Severe
2019-11-23 15:00:00,231.7988888888889,222.76153564453125,Severe,Severe
2019-11-23 16:00:00,162.31975308641975,163.2899627685547,Severe,Severe
2019-11-23 17:00:00,216.30999999999997,202.569580078125,Severe,Severe
2019-11-23 18:00:00,196.37151162790695,190.87596130371094,Severe,Severe
2019-11-23 19:00:00,134.89074074074074,117.98167419433594,Severe,Severe
2019-11-23 20:00:00,192.08041666666668,187.05393981933594,Severe,Severe
2019-11-23 21:00:00,172.58849206349208,161.6841278076172,Severe,Severe
2019-11-23 22:00:00,174.44044117647059,174.4702911376953,Severe,Severe
2019-11-23 23:00:00,236.1627192982456,228.1053924560547,Severe,Severe
2019-11-24 00:00:00,288.4097826086957,265.4599609375,Severe,Severe
2019-11-24 01:00:00,217.23777777777778,146.87710571289062,Severe,Severe
2019-11-24 02:00:00,75.90098039215687,61.40449905395508,Moderate,Moderate
2019-11-24 03:00:00,44.202380952380956,29.723093032836914,Moderate,Moderate
2019-11-24 04:00:00,90.27156862745097,67.00862884521484,Severe,Moderate
2019-11-24 05:00:00,6.44,3.508345127105713,Normal,Normal
2019-11-24 06:00:00,25.167307692307695,24.665958404541016,Moderate,Moderate
2019-11-24 07:00:00,73.27321428571429,47.591670989990234,Moderate,Moderate
2019-11-24 08:00:00,34.38229166666667,27.4357852935791,Moderate,Moderate
2019-11-24 09:00:00,76.61708333333334,50.173255920410156,Moderate,Moderate
2019-11-24 10:00:00,81.02916666666665,68.31747436523438,Moderate,Moderate
2019-11-24 11:00:00,123.57333333333334,106.6771469116211,Severe,Severe
2019-11-24 12:00:00,177.9623188405797,168.19613647460938,Severe,Severe
2019-11-24 13:00:00,120.19798850574712,108.36259460449219,Severe,Severe
2019-11-24 14:00:00,191.22440476190474,179.4292755126953,Severe,Severe
2019-11-24 15:00:00,168.7610294117647,162.63140869140625,Severe,Severe
2019-11-24 16:00:00,181.65857843137255,166.88272094726562,Severe,Severe
2019-11-24 17:00:00,199.7873737373737,186.2240447998047,Severe,Severe
2019-11-24 18:00:00,165.3173611111111,164.51641845703125,Severe,Severe
2019-11-24 19:00:00,103.73736559139786,102.26809692382812,Severe,Severe
2019-11-24 20:00:00,173.70555555555555,170.9928436279297,Severe,Severe
2019-11-24 21:00:00,175.65765765765764,158.0382080078125,Severe,Severe
2019-11-24 22:00:00,210.98976190476193,201.2207794189453,Severe,Severe
2019-11-24 23:00:00,229.93145833333332,224.08938598632812,Severe,Severe
2019-11-25 00:00:00,227.7669871794872,186.4925994873047,Severe,Severe
2019-11-25 01:00:00,185.71923076923076,111.90707397460938,Severe,Severe
2019-11-25 02:00:00,112.50654761904762,64.1625747680664,Severe,Moderate
2019-11-25 03:00:00,32.376666666666665,29.80672836303711,Moderate,Moderate
2019-11-25 04:00:00,91.7952380952381,80.63714599609375,Severe,Moderate
2019-11-25 05:00:00,1.6291666666666667,4.307897090911865,Normal,Normal
2019-11-25 06:00:00,28.612745098039216,6.254215717315674,Moderate,Normal
2019-11-25 07:00:00,26.88872549019608,25.307912826538086,Moderate,Moderate
2019-11-25 08:00:00,63.12894736842105,40.5357780456543,Moderate,Moderate
2019-11-25 09:00:00,29.112500000000004,26.45926284790039,Moderate,Moderate
2019-11-25 10:00:00,133.4202380952381,77.64888000488281,Severe,Moderate
2019-11-25 11:00:00,101.10333333333334,85.7449951171875,Severe,Moderate
2019-11-25 12:00:00,98.16442307692306,99.79428100585938,Severe,Severe
2019-11-25 13:00:00,169.173,161.4647216796875,Severe,Severe
2019-11-25 14:00:00,168.35595238095237,157.59640502929688,Severe,Severe
2019-11-25 15:00:00,201.07006172839505,193.0880126953125,Severe,Severe
2019-11-25 16:00:00,148.49070512820512,134.5817413330078,Severe,Severe
2019-11-25 17:00:00,214.67191358024695,193.39935302734375,Severe,Severe
2019-11-25 18:00:00,190.58626126126123,182.52325439453125,Severe,Severe
2019-11-25 19:00:00,135.5931623931624,122.72312927246094,Severe,Severe
2019-11-25 20:00:00,153.02845528455285,146.18600463867188,Severe,Severe
2019-11-25 21:00:00,217.02192982456143,212.72152709960938,Severe,Severe
2019-11-25 22:00:00,193.90988372093022,186.31639099121094,Severe,Severe
2019-11-25 23:00:00,201.09534313725487,171.21475219726562,Severe,Severe
2019-11-26 00:00:00,252.16805555555553,201.612548828125,Severe,Severe
2019-11-26 01:00:00,234.21166666666667,176.46145629882812,Severe,Severe
2019-11-26 02:00:00,86.5921875,58.03141403198242,Moderate,Moderate
2019-11-26 03:00:00,38.169444444444444,27.45340919494629,Moderate,Moderate
2019-11-26 04:00:00,76.40208333333334,67.19059753417969,Moderate,Moderate
2019-11-26 05:00:00,23.04,8.120965957641602,Moderate,Normal
2019-11-26 06:00:00,43.5780701754386,39.52931594848633,Moderate,Moderate
2019-11-26 07:00:00,40.48935185185186,26.091962814331055,Moderate,Moderate
2019-11-26 08:00:00,34.00769230769231,29.138517379760742,Moderate,Moderate
2019-11-26 09:00:00,62.84351851851852,49.90327072143555,Moderate,Moderate
2019-11-26 10:00:00,123.8015625,108.64409637451172,Severe,Severe
2019-11-26 11:00:00,117.17299999999999,96.5110855102539,Severe,Severe
2019-11-26 12:00:00,153.37533333333334,127.85675811767578,Severe,Severe
2019-11-26 13:00:00,185.47333333333336,182.7222442626953,Severe,Severe
2019-11-26 14:00:00,171.37916666666666,167.1819610595703,Severe,Severe
2019-11-26 15:00:00,183.95119047619048,174.15745544433594,Severe,Severe
2019-11-26 16:00:00,210.00871212121217,186.47642517089844,Severe,Severe
2019-11-26 17:00:00,204.44301075268817,187.93798828125,Severe,Severe
2019-11-26 18:00:00,206.2104166666667,192.485595703125,Severe,Severe
2019-11-26 19:00:00,140.65986842105264,129.00485229492188,Severe,Severe
2019-11-26 20:00:00,144.3830808080808,127.7658462524414,Severe,Severe
2019-11-26 21:00:00,191.62800925925924,166.9590301513672,Severe,Severe
2019-11-26 22:00:00,203.69399224806202,170.0547332763672,Severe,Severe
2019-11-26 23:00:00,200.59562499999998,186.2954559326172,Severe,Severe
2019-11-27 00:00:00,273.0617283950617,229.24310302734375,Severe,Severe
2019-11-27 01:00:00,195.76375000000002,146.05154418945312,Severe,Severe
2019-11-27 02:00:00,80.69558823529411,59.367774963378906,Moderate,Moderate
2019-11-27 03:00:00,34.733333333333334,29.94793128967285,Moderate,Moderate
2019-11-27 04:00:00,141.78030303030303,97.049560546875,Severe,Severe
2019-11-27 05:00:00,57.33452380952381,30.558061599731445,Moderate,Moderate
2019-11-27 06:00:00,80.93083333333334,37.73945999145508,Moderate,Moderate
2019-11-27 07:00:00,68.0969298245614,55.4037971496582,Moderate,Moderate
2019-11-27 08:00:00,48.188596491228076,30.244892120361328,Moderate,Moderate
2019-11-27 09:00:00,64.88684210526317,24.341659545898438,Moderate,Moderate
2019-11-27 10:00:00,93.54342105263159,62.9287223815918,Severe,Moderate
2019-11-27 11:00:00,151.30357142857144,134.09646606445312,Severe,Severe
2019-11-27 12:00:00,139.76893939393938,126.81484985351562,Severe,Severe
2019-11-27 13:00:00,182.91190476190474,149.72506713867188,Severe,Severe
2019-11-27 14:00:00,157.66328125,142.360107421875,Severe,Severe
2019-11-27 15:00:00,227.89866666666668,208.88470458984375,Severe,Severe
2019-11-27 16:00:00,191.6183908045977,161.07717895507812,Severe,Severe
2019-11-27 17:00:00,190.96759259259258,162.9440460205078,Severe,Severe
2019-11-27 18:00:00,207.56302083333333,203.31094360351562,Severe,Severe
2019-11-27 19:00:00,164.54877450980393,141.30926513671875,Severe,Severe
2019-11-27 20:00:00,129.02651515151513,116.57417297363281,Severe,Severe
2019-11-27 21:00:00,196.09298245614036,186.33946228027344,Severe,Severe
2019-11-27 22:00:00,209.70797101449278,200.0692138671875,Severe,Severe
2019-11-27 23:00:00,208.1358796296296,196.45977783203125,Severe,Severe
2019-11-28 00:00:00,274.9101851851852,239.0528106689453,Severe,Severe
2019-11-28 01:00:00,163.41444444444448,140.05702209472656,Severe,Severe
2019-11-28 02:00:00,116.87135416666666,45.86285400390625,Severe,Moderate
2019-11-28 03:00:00,53.577777777777776,49.842864990234375,Moderate,Moderate
2019-11-28 04:00:00,146.11410256410258,126.73784637451172,Severe,Severe
2019-11-28 05:00:00,120.54848484848486,117.9548568725586,Severe,Severe
2019-11-28 06:00:00,26.201851851851856,6.1850128173828125,Moderate,Normal
2019-11-28 07:00:00,40.44754901960784,27.780187606811523,Moderate,Moderate
2019-11-28 08:00:00,60.176315789473676,44.23432922363281,Moderate,Moderate
2019-11-28 09:00:00,50.83583333333333,35.43657302856445,Moderate,Moderate
2019-11-28 10:00:00,51.955000000000005,43.65119171142578,Moderate,Moderate
2019-11-28 11:00:00,118.35138888888889,113.91790771484375,Severe,Severe
2019-11-28 12:00:00,166.27386363636361,136.76171875,Severe,Severe
2019-11-28 13:00:00,149.12404761904764,143.82656860351562,Severe,Severe
2019-11-28 14:00:00,209.90576923076924,199.47586059570312,Severe,Severe
2019-11-28 15:00:00,198.70533333333333,190.1454620361328,Severe,Severe
2019-11-28 16:00:00,212.0604166666667,186.293701171875,Severe,Severe
2019-11-28 17:00:00,197.44971264367814,172.6223602294922,Severe,Severe
2019-11-28 18:00:00,243.71962365591398,235.19033813476562,Severe,Severe
2019-11-28 19:00:00,144.34558823529412,134.87432861328125,Severe,Severe
2019-11-28 20:00:00,146.31517094017096,135.43125915527344,Severe,Severe
2019-11-28 21:00:00,192.82896825396824,168.60256958007812,Severe,Severe
2019-11-28 22:00:00,228.3872807017544,212.5314483642578,Severe,Severe
2019-11-28 23:00:00,234.2747549019608,217.94430541992188,Severe,Severe
2019-11-29 00:00:00,252.44444444444443,218.70652770996094,Severe,Severe
2019-11-29 01:00:00,205.77440476190478,132.38180541992188,Severe,Severe
2019-11-29 02:00:00,108.58928571428571,76.21681213378906,Severe,Moderate
2019-11-29 03:00:00,42.39833333333333,29.244003295898438,Moderate,Moderate
2019-11-29 04:00:00,107.84285714285714,90.2859115600586,Severe,Severe
2019-11-29 05:00:00,0.575,1.1789822578430176,Normal,Normal
2019-11-29 06:00:00,35.06759259259259,20.990283966064453,Moderate,Moderate
2019-11-29 07:00:00,40.20643939393939,25.935047149658203,Moderate,Moderate
2019-11-29 08:00:00,85.04416666666665,61.036590576171875,Moderate,Moderate
2019-11-29 09:00:00,67.09523809523809,49.124210357666016,Moderate,Moderate
2019-11-29 10:00:00,65.79541666666668,56.55261993408203,Moderate,Moderate
2019-11-29 11:00:00,168.93412698412698,151.9284210205078,Severe,Severe
2019-11-29 12:00:00,114.70900000000002,95.57528686523438,Severe,Severe
2019-11-29 13:00:00,145.68655913978495,129.14622497558594,Severe,Severe
2019-11-29 14:00:00,195.1301724137931,178.85009765625,Severe,Severe
2019-11-29 15:00:00,193.25185185185182,188.89553833007812,Severe,Severe
2019-11-29 16:00:00,211.13177083333335,199.93954467773438,Severe,Severe
2019-11-29 17:00:00,144.95166666666668,119.84600830078125,Severe,Severe
2019-11-29 18:00:00,235.2674479166667,215.18740844726562,Severe,Severe
2019-11-29 19:00:00,224.1955555555556,209.23773193359375,Severe,Severe
2019-11-29 20:00:00,168.2110416666667,149.8918914794922,Severe,Severe
2019-11-29 21:00:00,191.36499999999998,181.5277099609375,Severe,Severe
2019-11-29 22:00:00,179.79999999999998,162.46170043945312,Severe,Severe
2019-11-29 23:00:00,213.17926829268293,208.71055603027344,Severe,Severe
2019-12-01 00:00:00,269.2673611111111,239.4791259765625,Severe,Severe
2019-12-01 01:00:00,216.42884615384614,154.37860107421875,Severe,Severe
2019-12-01 02:00:00,130.01008771929824,65.7084732055664,Severe,Moderate
2019-12-01 03:00:00,74.1,11.479970932006836,Moderate,Normal
2019-12-01 04:00:00,80.06547619047619,62.92722702026367,Moderate,Moderate
2019-12-01 05:00:00,43.03939393939394,21.194028854370117,Moderate,Moderate
2019-12-01 06:00:00,20.741111111111113,12.192938804626465,Moderate,Normal
2019-12-01 07:00:00,71.575,38.05292892456055,Moderate,Moderate
2019-12-01 08:00:00,50.50277777777778,30.327119827270508,Moderate,Moderate
2019-12-01 09:00:00,58.08833333333334,40.10945129394531,Moderate,Moderate
2019-12-01 10:00:00,97.55674603174603,93.9769287109375,Severe,Severe
2019-12-01 11:00:00,112.92311827956988,99.0321273803711,Severe,Severe
2019-12-01 12:00:00,194.99264705882354,154.2503662109375,Severe,Severe
2019-12-01 13:00:00,160.81148648648647,154.2029571533203,Severe,Severe
2019-12-01 14:00:00,195.02205882352942,189.54335021972656,Severe,Severe
2019-12-01 15:00:00,168.68950617283951,166.29513549804688,Severe,Severe
2019-12-01 16:00:00,211.6950980392157,171.3043212890625,Severe,Severe
2019-12-01 17:00:00,167.96929824561403,139.96673583984375,Severe,Severe
2019-12-01 18:00:00,196.83070175438596,187.10250854492188,Severe,Severe
2019-12-01 19:00:00,154.39380341880343,138.62892150878906,Severe,Severe
2019-12-01 20:00:00,190.42127192982457,187.06915283203125,Severe,Severe
2019-12-01 21:00:00,193.834068627451,185.67300415039062,Severe,Severe
2019-12-01 22:00:00,205.84838709677416,191.84292602539062,Severe,Severe
2019-12-01 23:00:00,251.15625,228.959228515625,Severe,Severe
2019-12-02 00:00:00,246.6921052631579,227.4893035888672,Severe,Severe
2019-12-02 01:00:00,224.80530303030307,164.89906311035156,Severe,Severe
2019-12-02 02:00:00,144.478125,121.15962219238281,Severe,Severe
2019-12-02 03:00:00,68.11111111111111,49.40227127075195,Moderate,Moderate
2019-12-02 04:00:00,129.06851851851854,88.01304626464844,Severe,Moderate
2019-12-02 05:00:00,45.47083333333333,45.18194580078125,Moderate,Moderate
2019-12-02 06:00:00,31.478645833333335,17.91204833984375,Moderate,Normal
2019-12-02 07:00:00,30.051388888888887,15.27120590209961,Moderate,Normal
2019-12-02 08:00:00,59.63055555555555,37.9285888671875,Moderate,Moderate
2019-12-02 09:00:00,57.526666666666664,43.239105224609375,Moderate,Moderate
2019-12-02 10:00:00,94.45384615384616,69.09098815917969,Severe,Moderate
2019-12-02 11:00:00,95.01521739130436,79.05155181884766,Severe,Moderate
2019-12-02 12:00:00,220.8727272727273,200.85044860839844,Severe,Severe
2019-12-02 13:00:00,168.85861111111112,141.615234375,Severe,Severe
2019-12-02 14:00:00,196.28257575757573,186.1318359375,Severe,Severe
2019-12-02 15:00:00,166.2588888888889,143.91908264160156,Severe,Severe
2019-12-02 16:00:00,195.11691176470586,176.24769592285156,Severe,Severe
2019-12-02 17:00:00,192.33700980392155,163.83358764648438,Severe,Severe
2019-12-02 18:00:00,172.0696759259259,167.10780334472656,Severe,Severe
2019-12-02 19:00:00,173.13378378378374,155.36227416992188,Severe,Severe
2019-12-02 20:00:00,185.24358974358975,177.58970642089844,Severe,Severe
2019-12-02 21:00:00,210.05930232558143,198.60858154296875,Severe,Severe
2019-12-02 22:00:00,190.01491228070176,184.3370361328125,Severe,Severe
2019-12-02 23:00:00,258.633547008547,235.26499938964844,Severe,Severe
2019-12-03 00:00:00,305.3440476190476,283.4187927246094,Severe,Severe
2019-12-03 01:00:00,182.98846153846154,105.09432983398438,Severe,Severe
2019-12-03 02:00:00,75.75441176470588,51.928192138671875,Moderate,Moderate
2019-12-03 03:00:00,36.989999999999995,11.360799789428711,Moderate,Normal
2019-12-03 04:00:00,204.95833333333331,144.159423828125,Severe,Severe
2019-12-03 05:00:00,57.9969696969697,33.81568145751953,Moderate,Moderate
2019-12-03 06:00:00,26.09558823529412,20.907501220703125,Moderate,Moderate
2019-12-03 07:00:00,67.38030303030303,47.04154968261719,Moderate,Moderate
2019-12-03 08:00:00,55.72187500000001,26.91619300842285,Moderate,Moderate
2019-12-03 09:00:00,41.807500000000005,22.964866638183594,Moderate,Moderate
2019-12-03 10:00:00,107.015625,66.6861343383789,Severe,Moderate
2019-12-03 11:00:00,147.60000000000002,131.42039489746094,Severe,Severe
2019-12-03 12:00:00,138.60833333333332,106.5672607421875,Severe,Severe
2019-12-03 13:00:00,137.04195402298853,126.40982055664062,Severe,Severe
2019-12-03 14:00:00,203.15866666666665,177.8534698486328,Severe,Severe
2019-12-03 15:00:00,184.3580459770115,165.71937561035156,Severe,Severe
2019-12-03 16:00:00,192.16190476190476,173.4446258544922,Severe,Severe
2019-12-03 17:00:00,272.8393229166667,221.516357421875,Severe,Severe
2019-12-03 18:00:00,184.524358974359,176.5333709716797,Severe,Severe
2019-12-03 19:00:00,140.4063063063063,132.61215209960938,Severe,Severe
2019-12-03 20:00:00,147.19185606060606,141.9269561767578,Severe,Severe
2019-12-03 21:00:00,178.26841085271317,172.0405731201172,Severe,Severe
2019-12-03 22:00:00,207.16178861788617,185.96795654296875,Severe,Severe
2019-12-03 23:00:00,248.6186403508772,242.43377685546875,Severe,Severe
2019-12-04 00:00:00,269.5095238095238,234.20321655273438,Severe,Severe
2019-12-04 01:00:00,227.07833333333332,167.03836059570312,Severe,Severe
2019-12-04 02:00:00,125.38214285714287,89.46855926513672,Severe,Moderate
2019-12-04 03:00:00,32.95333333333333,23.725231170654297,Moderate,Moderate
2019-12-04 04:00:00,151.42435897435897,101.91565704345703,Severe,Severe
2019-12-04 05:00:00,72.90444444444444,13.534930229187012,Moderate,Normal
2019-12-04 06:00:00,50.61960784313725,18.960844039916992,Moderate,Normal
2019-12-04 07:00:00,70.01145833333334,61.4162712097168,Moderate,Moderate
2019-12-04 08:00:00,40.47083333333333,29.63690185546875,Moderate,Moderate
2019-12-04 09:00:00,45.7,31.125282287597656,Moderate,Moderate
2019-12-04 10:00:00,60.03991228070176,38.92856216430664,Moderate,Moderate
2019-12-04 11:00:00,126.37420634920633,111.43550872802734,Severe,Severe
2019-12-04 12:00:00,181.93690476190477,170.65248107910156,Severe,Severe
2019-12-04 13:00:00,166.2287356321839,156.8919677734375,Severe,Severe
2019-12-04 14:00:00,189.03989898989903,191.5584259033203,Severe,Severe
2019-12-04 15:00:00,224.15238095238095,223.14915466308594,Severe,Severe
2019-12-04 16:00:00,192.23985507246377,189.26699829101562,Severe,Severe
2019-12-04 17:00:00,213.33928571428572,197.9171600341797,Severe,Severe
2019-12-04 18:00:00,190.69227642276425,185.154052734375,Severe,Severe
2019-12-04 19:00:00,110.61622807017545,110.5556869506836,Severe,Severe
2019-12-04 20:00:00,215.5411616161616,214.8031005859375,Severe,Severe
2019-12-04 21:00:00,168.14102564102564,149.92489624023438,Severe,Severe
2019-12-04 22:00:00,184.01666666666665,184.79782104492188,Severe,Severe
2019-12-04 23:00:00,241.107264957265,237.6599578857422,Severe,Severe
2019-12-05 00:00:00,216.70714285714288,197.9779815673828,Severe,Severe
2019-12-05 01:00:00,129.50539215686274,115.2618637084961,Severe,Severe
2019-12-05 02:00:00,67.11805555555556,66.05294036865234,Moderate,Moderate
2019-12-05 03:00:00,63.11666666666667,26.525100708007812,Moderate,Moderate
2019-12-05 04:00:00,114.73055555555555,88.3431625366211,Severe,Moderate
2019-12-05 05:00:00,85.38888888888889,87.58039093017578,Moderate,Moderate
2019-12-05 06:00:00,29.937254901960788,22.001949310302734,Moderate,Moderate
2019-12-05 07:00:00,62.17765151515152,47.1100959777832,Moderate,Moderate
2019-12-05 08:00:00,51.968939393939394,37.82490539550781,Moderate,Moderate
2019-12-05 09:00:00,58.28910256410256,38.822574615478516,Moderate,Moderate
2019-12-05 10:00:00,87.60072463768115,71.95838165283203,Moderate,Moderate
2019-12-05 11:00:00,152.98456790123456,134.20001220703125,Severe,Severe
2019-12-05 12:00:00,144.94305555555556,136.98162841796875,Severe,Severe
2019-12-05 13:00:00,170.5452702702703,157.2801055908203,Severe,Severe
2019-12-05 14:00:00,179.73020833333334,179.7191619873047,Severe,Severe
2019-12-05 15:00:00,151.55689655172412,156.14735412597656,Severe,Severe
2019-12-05 16:00:00,171.31458333333333,168.90940856933594,Severe,Severe
2019-12-05 17:00:00,239.5970238095238,225.63926696777344,Severe,Severe
2019-12-05 18:00:00,147.57555555555555,139.97268676757812,Severe,Severe
2019-12-05 19:00:00,120.01522988505748,121.03556823730469,Severe,Severe
2019-12-05 20:00:00,171.5206896551724,173.3861846923828,Severe,Severe
2019-12-05 21:00:00,212.64738095238093,203.97113037109375,Severe,Severe
2019-12-05 22:00:00,228.03172043010753,204.6114044189453,Severe,Severe
2019-12-05 23:00:00,230.4018018018018,220.55300903320312,Severe,Severe
2019-12-06 00:00:00,267.7323529411765,244.3386688232422,Severe,Severe
2019-12-06 01:00:00,204.29999999999998,117.71942138671875,Severe,Severe
2019-12-06 02:00:00,112.00654761904764,80.9384765625,Severe,Moderate
2019-12-06 03:00:00,52.36875,29.835176467895508,Moderate,Moderate
2019-12-06 04:00:00,94.92619047619048,61.15238571166992,Severe,Moderate
2019-12-06 05:00:00,47.709375,49.53548049926758,Moderate,Moderate
2019-12-06 06:00:00,18.776388888888885,8.133137702941895,Normal,Normal
2019-12-06 07:00:00,55.145634920634926,51.58238983154297,Moderate,Moderate
2019-12-06 08:00:00,63.057142857142864,56.39141082763672,Moderate,Moderate
2019-12-06 09:00:00,88.49270833333334,62.0853271484375,Moderate,Moderate
2019-12-06 10:00:00,93.71590909090911,65.34053802490234,Severe,Moderate
2019-12-06 11:00:00,116.22456140350879,102.6003189086914,Severe,Severe
2019-12-06 12:00:00,158.66577380952376,145.52798461914062,Severe,Severe
2019-12-06 13:00:00,142.8925,125.31636810302734,Severe,Severe
2019-12-06 14:00:00,203.63766666666663,195.12367248535156,Severe,Severe
2019-12-06 15:00:00,176.84259259259258,172.68211364746094,Severe,Severe
2019-12-06 16:00:00,166.94753086419752,152.88031005859375,Severe,Severe
2019-12-06 17:00:00,178.759375,154.558837890625,Severe,Severe
2019-12-06 18:00:00,193.9730392156863,191.01898193359375,Severe,Severe
2019-12-06 19:00:00,178.63888888888889,167.6620330810547,Severe,Severe
2019-12-06 20:00:00,158.1048780487805,141.7418212890625,Severe,Severe
2019-12-06 21:00:00,187.06359649122808,185.4945068359375,Severe,Severe
2019-12-06 22:00:00,213.3378787878788,204.06973266601562,Severe,Severe
2019-12-06 23:00:00,239.38740740740747,224.5258026123047,Severe,Severe
2019-12-07 00:00:00,241.15096153846156,205.75308227539062,Severe,Severe
2019-12-07 01:00:00,189.8940476190476,146.93045043945312,Severe,Severe
2019-12-07 02:00:00,58.0875,60.34047317504883,Moderate,Moderate
2019-12-07 03:00:00,115.03125,29.47107696533203,Severe,Moderate
2019-12-07 04:00:00,151.23819444444445,142.4666290283203,Severe,Severe
2019-12-07 05:00:00,24.651041666666668,18.800466537475586,Moderate,Normal
2019-12-07 06:00:00,23.102777777777778,10.315221786499023,Moderate,Normal
2019-12-07 07:00:00,69.27236842105263,47.68663024902344,Moderate,Moderate
2019-12-07 08:00:00,32.772549019607844,26.60822105407715,Moderate,Moderate
2019-12-07 09:00:00,39.74035087719298,41.40507888793945,Moderate,Moderate
2019-12-07 10:00:00,92.17689393939395,79.17748260498047,Severe,Moderate
2019-12-07 11:00:00,94.20708333333333,77.34373474121094,Severe,Moderate
2019-12-07 12:00:00,176.6911111111111,164.14199829101562,Severe,Severe
2019-12-07 13:00:00,176.57884615384617,151.05198669433594,Severe,Severe
2019-12-07 14:00:00,211.34913793103448,203.00872802734375,Severe,Severe
2019-12-07 15:00:00,174.0015873015873,169.76031494140625,Severe,Severe
2019-12-07 16:00:00,160.19435483870967,152.71292114257812,Severe,Severe
2019-12-07 17:00:00,221.91175213675217,196.0647430419922,Severe,Severe
2019-12-07 18:00:00,188.26441441441443,186.89735412597656,Severe,Severe
2019-12-07 19:00:00,139.69471544715446,125.47467803955078,Severe,Severe
2019-12-07 20:00:00,125.48504273504273,119.5707015991211,Severe,Severe
2019-12-07 21:00:00,218.55750000000003,210.92880249023438,Severe,Severe
2019-12-07 22:00:00,193.99523809523808,185.82882690429688,Severe,Severe
2019-12-07 23:00:00,231.7344017094017,222.57546997070312,Severe,Severe
2019-12-08 00:00:00,223.44195402298854,198.45913696289062,Severe,Severe
2019-12-08 01:00:00,214.95444444444445,180.48977661132812,Severe,Severe
2019-12-08 02:00:00,101.65166666666666,60.29523849487305,Severe,Moderate
2019-12-08 03:00:00,131.22083333333333,106.25337982177734,Severe,Severe
2019-12-08 04:00:00,72.69259259259259,62.78406524658203,Moderate,Moderate
2019-12-08 05:00:00,24.84313725490196,18.235733032226562,Moderate,Normal
2019-12-08 06:00:00,34.67277777777778,24.27029800415039,Moderate,Moderate
2019-12-08 07:00:00,46.00989583333333,40.80875015258789,Moderate,Moderate
2019-12-08 08:00:00,44.33148148148148,27.84712028503418,Moderate,Moderate
2019-12-08 09:00:00,54.21736111111111,42.31598663330078,Moderate,Moderate
2019-12-08 10:00:00,106.84659090909089,84.64879608154297,Severe,Moderate
2019-12-08 11:00:00,129.71468253968254,119.41421508789062,Severe,Severe
2019-12-08 12:00:00,148.84135802469135,140.96864318847656,Severe,Severe
2019-12-08 13:00:00,168.42474747474748,165.000732421875,Severe,Severe
2019-12-08 14:00:00,205.27345679012345,203.79061889648438,Severe,Severe
2019-12-08 15:00:00,179.39999999999998,175.84231567382812,Severe,Severe
2019-12-08 16:00:00,158.63311403508771,152.46060180664062,Severe,Severe
2019-12-08 17:00:00,201.32649572649572,170.96145629882812,Severe,Severe
2019-12-08 18:00:00,194.39868421052634,193.8183135986328,Severe,Severe
2019-12-08 19:00:00,102.38070175438598,97.98030853271484,Severe,Severe
2019-12-08 20:00:00,173.06363636363636,159.994384765625,Severe,Severe
2019-12-08 21:00:00,194.6230263157895,192.0202178955078,Severe,Severe
2019-12-08 22:00:00,216.31111111111107,213.25558471679688,Severe,Severe
2019-12-08 23:00:00,221.91666666666663,200.10208129882812,Severe,Severe
2019-12-09 00:00:00,258.04814814814813,219.18466186523438,Severe,Severe
2019-12-09 01:00:00,154.07777777777778,84.8503646850586,Severe,Moderate
2019-12-09 02:00:00,69.18484848484849,84.86940002441406,Moderate,Moderate
2019-12-09 03:00:00,56.12777777777777,29.291343688964844,Moderate,Moderate
2019-12-09 04:00:00,112.1794871794872,116.45852661132812,Severe,Severe
2019-12-09 05:00:00,32.731944444444444,26.078651428222656,Moderate,Moderate
2019-12-09 06:00:00,48.58039215686274,26.547006607055664,Moderate,Moderate
2019-12-09 07:00:00,59.76507936507936,49.48970031738281,Moderate,Moderate
2019-12-09 08:00:00,76.99027777777779,36.857181549072266,Moderate,Moderate
2019-12-09 09:00:00,64.34280303030303,66.45267486572266,Moderate,Moderate
2019-12-09 10:00:00,84.55588235294118,77.23924255371094,Moderate,Moderate
2019-12-09 11:00:00,81.22857142857143,79.73702239990234,Moderate,Moderate
2019-12-09 12:00:00,165.40902777777777,147.19488525390625,Severe,Severe
2019-12-09 13:00:00,142.95606060606062,139.09239196777344,Severe,Severe
2019-12-09 14:00:00,215.75916666666666,212.46287536621094,Severe,Severe
2019-12-09 15:00:00,167.80201149425287,154.9669952392578,Severe,Severe
2019-12-09 16:00:00,190.49705882352941,165.330810546875,Severe,Severe
2019-12-09 17:00:00,179.71458333333334,174.36895751953125,Severe,Severe
2019-12-09 18:00:00,193.20555555555558,188.6210479736328,Severe,Severe
2019-12-09 19:00:00,116.67857142857144,111.82221984863281,Severe,Severe
2019-12-09 20:00:00,174.46971544715447,168.45448303222656,Severe,Severe
2019-12-09 21:00:00,195.440243902439,186.8074951171875,Severe,Severe
2019-12-09 22:00:00,208.2232456140351,198.05712890625,Severe,Severe
2019-12-09 23:00:00,222.95833333333334,212.81402587890625,Severe,Severe
2019-12-10 00:00:00,261.677,237.58070373535156,Severe,Severe
2019-12-10 01:00:00,207.02447916666665,178.4735565185547,Severe,Severe
2019-12-10 02:00:00,78.44656862745099,49.139137268066406,Moderate,Moderate
2019-12-10 03:00:00,51.811458333333334,34.287532806396484,Moderate,Moderate
2019-12-10 04:00:00,18.00952380952381,14.573297500610352,Normal,Normal
2019-12-10 05:00:00,31.88974358974359,26.563304901123047,Moderate,Moderate
2019-12-10 06:00:00,34.059259259259264,25.190872192382812,Moderate,Moderate
2019-12-10 07:00:00,46.69429824561403,43.94016647338867,Moderate,Moderate
2019-12-10 08:00:00,33.36,25.703807830810547,Moderate,Moderate
2019-12-10 09:00:00,137.76960784313727,108.9530258178711,Severe,Severe
2019-12-10 10:00:00,81.14782608695653,62.07261657714844,Moderate,Moderate
2019-12-10 11:00:00,76.01541666666667,70.49580383300781,Moderate,Moderate
2019-12-10 12:00:00,176.4851851851852,172.13035583496094,Severe,Severe
2019-12-10 13:00:00,213.63189655172417,188.1484832763672,Severe,Severe
2019-12-10 14:00:00,145.38777777777779,137.68487548828125,Severe,Severe
2019-12-10 15:00:00,199.76388888888889,195.27406311035156,Severe,Severe
2019-12-10 16:00:00,136.52407407407406,118.48565673828125,Severe,Severe
2019-12-10 17:00:00,220.49393939393943,203.66920471191406,Severe,Severe
2019-12-10 18:00:00,203.86636904761903,193.1111297607422,Severe,Severe
2019-12-10 19:00:00,150.92095238095237,126.90591430664062,Severe,Severe
2019-12-10 20:00:00,144.952037037037,132.18496704101562,Severe,Severe
2019-12-10 21:00:00,162.2854166666667,157.7709503173828,Severe,Severe
2019-12-10 22:00:00,230.6409090909091,222.51849365234375,Severe,Severe
2019-12-10 23:00:00,251.64953703703702,250.86260986328125,Severe,Severe
2019-12-11 00:00:00,278.0652777777778,262.0226745605469,Severe,Severe
2019-12-11 01:00:00,187.96555555555557,150.24862670898438,Severe,Severe
2019-12-11 02:00:00,106.3077380952381,60.747859954833984,Severe,Moderate
2019-12-11 03:00:00,34.11,22.89407730102539,Moderate,Moderate
2019-12-11 04:00:00,65.64833333333334,30.626815795898438,Moderate,Moderate
2019-12-11 05:00:00,103.47222222222223,56.61534118652344,Severe,Moderate
2019-12-11 06:00:00,45.59047619047619,22.48368263244629,Moderate,Moderate
2019-12-11 07:00:00,40.83802083333334,21.633277893066406,Moderate,Moderate
2019-12-11 08:00:00,64.18088235294118,46.159603118896484,Moderate,Moderate
2019-12-11 09:00:00,49.2061403508772,44.27740478515625,Moderate,Moderate
2019-12-11 10:00:00,88.58872549019607,65.47074127197266,Moderate,Moderate
2019-12-11 11:00:00,145.8572463768116,137.04104614257812,Severe,Severe
2019-12-11 12:00:00,151.9325980392157,141.41481018066406,Severe,Severe
2019-12-11 13:00:00,139.1193548387097,132.23931884765625,Severe,Severe
2019-12-11 14:00:00,198.23010752688168,187.76333618164062,Severe,Severe
2019-12-11 15:00:00,193.89192708333331,202.57846069335938,Severe,Severe
2019-12-11 16:00:00,175.73188405797103,141.527099609375,Severe,Severe
2019-12-11 17:00:00,209.4051724137931,198.5284423828125,Severe,Severe
2019-12-11 18:00:00,189.38714285714283,179.30630493164062,Severe,Severe
2019-12-11 19:00:00,102.96444444444445,94.96403503417969,Severe,Severe
2019-12-11 20:00:00,118.25833333333333,99.429443359375,Severe,Severe
2019-12-11 21:00:00,68.37222222222222,86.3460693359375,Moderate,Moderate
2019-12-12 09:00:00,148.20833333333334,63.5794792175293,Severe,Moderate
2019-12-12 10:00:00,112.05069444444443,85.15816497802734,Severe,Moderate
2019-12-12 11:00:00,139.61098484848483,119.37202453613281,Severe,Severe
2019-12-12 12:00:00,137.8967261904762,125.92195129394531,Severe,Severe
2019-12-12 13:00:00,189.4041666666667,169.8965301513672,Severe,Severe
2019-12-12 14:00:00,225.7640625,214.43630981445312,Severe,Severe
2019-12-12 15:00:00,183.09791666666666,175.44947814941406,Severe,Severe
2019-12-12 16:00:00,189.19065656565655,167.9571533203125,Severe,Severe
2019-12-12 17:00:00,216.3970430107527,178.60568237304688,Severe,Severe
2019-12-12 18:00:00,198.96436781609194,186.20458984375,Severe,Severe
2019-12-12 19:00:00,149.96338383838383,128.08364868164062,Severe,Severe
2019-12-12 20:00:00,161.98716216216218,148.07608032226562,Severe,Severe
2019-12-12 21:00:00,159.26184210526318,145.83778381347656,Severe,Severe
2019-12-12 22:00:00,197.663963963964,185.94981384277344,Severe,Severe
2019-12-12 23:00:00,231.1964285714286,215.51522827148438,Severe,Severe
2019-12-13 00:00:00,227.32063492063494,221.0758514404297,Severe,Severe
2019-12-13 01:00:00,246.5449074074074,164.6724853515625,Severe,Severe
2019-12-13 02:00:00,57.3736111111111,45.40679168701172,Moderate,Moderate
2019-12-13 03:00:00,43.43666666666667,25.80179786682129,Moderate,Moderate
2019-12-13 04:00:00,100.18906249999999,64.76260375976562,Severe,Moderate
2019-12-13 05:00:00,2.162121212121212,1.6761913299560547,Normal,Normal
2019-12-13 06:00:00,21.627898550724634,12.927409172058105,Moderate,Normal
2019-12-13 07:00:00,60.96008771929825,46.42744445800781,Moderate,Moderate
2019-12-13 08:00:00,34.9675,24.703344345092773,Moderate,Moderate
2019-12-13 09:00:00,104.2219298245614,80.99993896484375,Severe,Moderate
2019-12-13 10:00:00,65.88166666666666,39.10293960571289,Moderate,Moderate
2019-12-13 11:00:00,92.19333333333334,70.34556579589844,Severe,Moderate
2019-12-13 12:00:00,146.3721264367816,132.77369689941406,Severe,Severe
2019-12-13 13:00:00,139.766,132.0810089111328,Severe,Severe
2019-12-13 14:00:00,174.89833333333334,169.88926696777344,Severe,Severe
2019-12-13 15:00:00,170.47083333333333,157.39605712890625,Severe,Severe
2019-12-13 16:00:00,202.46801075268817,174.81304931640625,Severe,Severe
2019-12-13 17:00:00,187.708908045977,165.06358337402344,Severe,Severe
2019-12-13 18:00:00,228.3157657657658,216.7674560546875,Severe,Severe
2019-12-13 19:00:00,160.02350427350427,146.78189086914062,Severe,Severe
2019-12-13 20:00:00,148.15873983739837,143.60739135742188,Severe,Severe
2019-12-13 21:00:00,174.01319444444448,156.11117553710938,Severe,Severe
2019-12-13 22:00:00,210.4784722222222,194.40467834472656,Severe,Severe
2019-12-13 23:00:00,229.99770833333332,217.63388061523438,Severe,Severe
2019-12-14 00:00:00,275.09057971014494,223.24942016601562,Severe,Severe
2019-12-14 01:00:00,290.7269230769231,175.26785278320312,Severe,Severe
2019-12-14 02:00:00,132.6861111111111,70.04131317138672,Severe,Moderate
2019-12-14 03:00:00,62.61136363636364,33.95590591430664,Moderate,Moderate
2019-12-14 04:00:00,136.1287037037037,109.7755355834961,Severe,Severe
2019-12-14 05:00:00,42.03,27.081764221191406,Moderate,Moderate
2019-12-14 06:00:00,62.94888888888889,31.084745407104492,Moderate,Moderate
2019-12-14 07:00:00,31.898666666666667,8.879817962646484,Moderate,Normal
2019-12-14 08:00:00,60.60392156862745,48.42052459716797,Moderate,Moderate
2019-12-14 09:00:00,72.19533333333332,57.8211669921875,Moderate,Moderate
2019-12-14 10:00:00,77.52864583333334,68.81539916992188,Moderate,Moderate
2019-12-14 11:00:00,119.85555555555554,101.22013092041016,Severe,Severe
2019-12-14 12:00:00,140.71089743589744,119.36441040039062,Severe,Severe
2019-12-14 13:00:00,161.93459595959598,133.12229919433594,Severe,Severe
2019-12-14 14:00:00,183.41102150537634,176.1151580810547,Severe,Severe
2019-12-14 15:00:00,189.752688172043,183.11819458007812,Severe,Severe
2019-12-14 16:00:00,187.31160714285716,169.15139770507812,Severe,Severe
2019-12-14 17:00:00,208.27317708333334,194.737548828125,Severe,Severe
2019-12-14 18:00:00,175.15041666666667,164.5309600830078,Severe,Severe
2019-12-14 19:00:00,193.37166666666667,167.01206970214844,Severe,Severe
2019-12-14 20:00:00,149.0333333333333,140.44532775878906,Severe,Severe
2019-12-14 21:00:00,207.06260162601623,195.3817901611328,Severe,Severe
2019-12-14 22:00:00,210.54416666666665,200.73146057128906,Severe,Severe
2019-12-14 23:00:00,224.6694444444444,220.3601531982422,Severe,Severe
2019-12-15 00:00:00,255.37400000000002,223.81893920898438,Severe,Severe
2019-12-15 01:00:00,238.68888888888887,165.3427734375,Severe,Severe
2019-12-15 02:00:00,190.76458333333335,98.60167694091797,Severe,Severe
2019-12-15 03:00:00,167.73333333333332,129.6588897705078,Severe,Severe
2019-12-15 04:00:00,141.06111111111113,77.578369140625,Severe,Moderate
2019-12-15 05:00:00,8.652380952380954,1.4045747518539429,Normal,Normal
2019-12-15 06:00:00,21.194907407407406,25.81869125366211,Moderate,Moderate
2019-12-15 07:00:00,53.58088235294118,40.491905212402344,Moderate,Moderate
2019-12-15 08:00:00,21.84927536231884,19.832603454589844,Moderate,Normal
2019-12-15 09:00:00,72.5923076923077,56.91107940673828,Moderate,Moderate
2019-12-15 10:00:00,100.90507246376814,86.17814636230469,Severe,Moderate
2019-12-15 11:00:00,114.775,107.26940155029297,Severe,Severe
2019-12-15 12:00:00,156.7469135802469,143.29888916015625,Severe,Severe
2019-12-15 13:00:00,156.35769230769236,139.94482421875,Severe,Severe
2019-12-15 14:00:00,209.5961904761905,200.15126037597656,Severe,Severe
2019-12-15 15:00:00,163.10591397849464,163.3260498046875,Severe,Severe
2019-12-15 16:00:00,170.63355855855855,158.2890167236328,Severe,Severe
2019-12-15 17:00:00,152.210101010101,138.1145782470703,Severe,Severe
2019-12-15 18:00:00,225.06495726495726,219.46461486816406,Severe,Severe
2019-12-15 19:00:00,131.06842105263158,125.64015197753906,Severe,Severe
2019-12-15 20:00:00,165.79247967479674,152.8926544189453,Severe,Severe
2019-12-15 21:00:00,185.46056910569106,180.9495391845703,Severe,Severe
2019-12-15 22:00:00,223.56025641025641,225.85125732421875,Severe,Severe
2019-12-15 23:00:00,206.27029914529916,207.0989227294922,Severe,Severe
2019-12-16 00:00:00,259.18533333333335,225.03298950195312,Severe,Severe
2019-12-16 01:00:00,140.17361111111111,118.10015106201172,Severe,Severe
2019-12-16 02:00:00,107.56666666666668,72.81494903564453,Severe,Moderate
2019-12-16 03:00:00,58.077777777777776,38.94291305541992,Moderate,Moderate
2019-12-16 04:00:00,136.60277777777776,92.88932037353516,Severe,Severe
2019-12-16 05:00:00,36.43076923076923,28.65210723876953,Moderate,Moderate
2019-12-16 06:00:00,39.83529411764705,40.509307861328125,Moderate,Moderate
2019-12-16 07:00:00,92.61111111111111,64.59382629394531,Severe,Moderate
2019-12-16 08:00:00,54.25416666666667,38.67296600341797,Moderate,Moderate
2019-12-16 09:00:00,64.65507246376811,61.638465881347656,Moderate,Moderate
2019-12-16 10:00:00,127.71568627450979,94.25068664550781,Severe,Severe
2019-12-16 11:00:00,95.92954545454545,93.09182739257812,Severe,Severe
2019-12-16 12:00:00,176.3060606060606,154.28440856933594,Severe,Severe
2019-12-16 13:00:00,142.079,134.9641571044922,Severe,Severe
2019-12-16 14:00:00,195.94340277777778,187.1339111328125,Severe,Severe
2019-12-16 15:00:00,167.10779569892475,153.1484832763672,Severe,Severe
2019-12-16 16:00:00,173.0470238095238,135.3054962158203,Severe,Severe
2019-12-16 17:00:00,194.76639784946238,179.77671813964844,Severe,Severe
2019-12-16 18:00:00,224.09895833333331,213.10015869140625,Severe,Severe
2019-12-16 19:00:00,152.4495614035088,145.79443359375,Severe,Severe
2019-12-16 20:00:00,178.3698717948718,171.29063415527344,Severe,Severe
2019-12-16 21:00:00,199.95277777777778,186.76397705078125,Severe,Severe
2019-12-16 22:00:00,216.8357723577236,211.760498046875,Severe,Severe
2019-12-16 23:00:00,215.36395833333336,203.2694091796875,Severe,Severe
2019-12-17 00:00:00,258.89444444444445,249.12234497070312,Severe,Severe
2019-12-17 01:00:00,174.725,132.64541625976562,Severe,Severe
2019-12-17 02:00:00,109.65555555555555,87.20247650146484,Severe,Moderate
2019-12-17 03:00:00,52.47777777777778,37.14711380004883,Moderate,Moderate
2019-12-17 04:00:00,83.415,58.86408615112305,Moderate,Moderate
2019-12-17 05:00:00,21.725757575757573,1.862733006477356,Moderate,Normal
2019-12-17 06:00:00,30.308854166666666,25.59937858581543,Moderate,Moderate
2019-12-17 07:00:00,44.49166666666667,34.717437744140625,Moderate,Moderate
2019-12-17 08:00:00,59.16274509803922,47.457637786865234,Moderate,Moderate
2019-12-17 09:00:00,82.11022727272729,64.17355346679688,Moderate,Moderate
2019-12-17 10:00:00,70.03514492753625,63.1384391784668,Moderate,Moderate
2019-12-17 11:00:00,113.48026315789471,100.03971099853516,Severe,Severe
2019-12-17 12:00:00,197.88133333333332,164.4360809326172,Severe,Severe
2019-12-17 13:00:00,155.8989898989899,141.29161071777344,Severe,Severe
2019-12-17 14:00:00,147.94135802469134,136.09410095214844,Severe,Severe
2019-12-17 15:00:00,169.25480769230768,147.04798889160156,Severe,Severe
2019-12-17 16:00:00,212.39374999999998,194.42454528808594,Severe,Severe
2019-12-17 17:00:00,191.38333333333333,163.50633239746094,Severe,Severe
2019-12-17 18:00:00,240.58904761904762,225.5404052734375,Severe,Severe
2019-12-17 19:00:00,156.74978632478633,143.72044372558594,Severe,Severe
2019-12-17 20:00:00,182.0590277777778,174.4496307373047,Severe,Severe
2019-12-17 21:00:00,171.74543650793652,164.67906188964844,Severe,Severe
2019-12-17 22:00:00,229.73063063063063,228.49282836914062,Severe,Severe
2019-12-17 23:00:00,243.64004065040652,225.4189453125,Severe,Severe
2019-12-18 00:00:00,248.29772727272723,215.03964233398438,Severe,Severe
2019-12-18 01:00:00,262.8309523809524,223.12216186523438,Severe,Severe
2019-12-18 02:00:00,189.2166666666667,113.04007720947266,Severe,Severe
2019-12-18 03:00:00,58.37222222222223,52.81789779663086,Moderate,Moderate
2019-12-18 04:00:00,240.0,115.36775970458984,Severe,Severe
2019-12-18 05:00:00,40.18333333333333,32.147586822509766,Moderate,Moderate
2019-12-18 06:00:00,33.25277777777778,20.819759368896484,Moderate,Moderate
2019-12-18 07:00:00,65.58041666666666,59.3868293762207,Moderate,Moderate
2019-12-18 08:00:00,45.38991228070175,27.796720504760742,Moderate,Moderate
2019-12-18 09:00:00,76.76287878787879,67.4688949584961,Moderate,Moderate
2019-12-18 10:00:00,102.93876811594203,75.70341491699219,Severe,Moderate
2019-12-18 11:00:00,140.9942028985507,136.51113891601562,Severe,Severe
2019-12-18 12:00:00,167.89967948717947,164.659423828125,Severe,Severe
2019-12-18 13:00:00,140.04310344827587,136.8601837158203,Severe,Severe
2019-12-18 14:00:00,152.3577380952381,146.7113494873047,Severe,Severe
2019-12-18 15:00:00,170.58928571428572,171.3042755126953,Severe,Severe
2019-12-18 16:00:00,176.24642857142857,155.0961456298828,Severe,Severe
2019-12-18 17:00:00,223.3171875,203.56655883789062,Severe,Severe
2019-12-18 18:00:00,209.03430232558136,209.6872100830078,Severe,Severe
2019-12-18 19:00:00,119.21319444444443,113.87259674072266,Severe,Severe
2019-12-18 20:00:00,168.81600877192983,167.0799102783203,Severe,Severe
2019-12-18 21:00:00,183.49479166666669,184.71339416503906,Severe,Severe
2019-12-18 22:00:00,169.29188596491227,165.9282989501953,Severe,Severe
2019-12-18 23:00:00,224.91041666666666,222.74871826171875,Severe,Severe
2019-12-19 00:00:00,270.7943181818182,247.03799438476562,Severe,Severe
2019-12-19 01:00:00,175.52916666666667,133.53121948242188,Severe,Severe
2019-12-19 02:00:00,44.274305555555564,38.15898513793945,Moderate,Moderate
2019-12-19 03:00:00,34.52833333333333,40.93022918701172,Moderate,Moderate
2019-12-19 04:00:00,105.98958333333334,87.42102813720703,Severe,Moderate
2019-12-19 05:00:00,80.33571428571429,63.006229400634766,Moderate,Moderate
2019-12-19 06:00:00,15.768333333333334,7.938633918762207,Normal,Normal
2019-12-19 07:00:00,44.38333333333334,21.251220703125,Moderate,Moderate
2019-12-19 08:00:00,109.70092592592593,74.48812103271484,Severe,Moderate
2019-12-19 09:00:00,84.20992063492065,71.12889099121094,Moderate,Moderate
2019-12-19 10:00:00,87.86309523809524,46.53654098510742,Moderate,Moderate
2019-12-19 11:00:00,112.12395833333333,85.14759063720703,Severe,Moderate
2019-12-19 12:00:00,170.081884057971,140.69993591308594,Severe,Severe
2019-12-19 13:00:00,156.23333333333335,141.81568908691406,Severe,Severe
2019-12-19 14:00:00,190.0005555555555,186.8155975341797,Severe,Severe
2019-12-19 15:00:00,207.39428571428573,196.36256408691406,Severe,Severe
2019-12-19 16:00:00,247.0514705882353,244.8995361328125,Severe,Severe
2019-12-19 17:00:00,173.60277777777776,140.37783813476562,Severe,Severe
2019-12-19 18:00:00,203.25094696969697,192.95957946777344,Severe,Severe
2019-12-19 19:00:00,160.25945945945944,150.0712432861328,Severe,Severe
2019-12-19 20:00:00,178.64427083333334,170.01864624023438,Severe,Severe
2019-12-19 21:00:00,192.90701754385964,182.24940490722656,Severe,Severe
2019-12-19 22:00:00,209.64745370370372,195.5330047607422,Severe,Severe
2019-12-19 23:00:00,217.48896396396398,209.39407348632812,Severe,Severe
2019-12-20 00:00:00,257.42579365079365,221.7198486328125,Severe,Severe
2019-12-20 01:00:00,176.1093137254902,119.0526351928711,Severe,Severe
2019-12-20 02:00:00,113.03802083333332,62.16615676879883,Severe,Moderate
2019-12-20 03:00:00,45.20333333333333,33.48172378540039,Moderate,Moderate
2019-12-20 04:00:00,76.60208333333334,65.80091857910156,Moderate,Moderate
2019-12-20 05:00:00,5.5718749999999995,2.976869583129883,Normal,Normal
2019-12-20 06:00:00,35.25392156862745,27.485118865966797,Moderate,Moderate
2019-12-20 07:00:00,10.814814814814817,9.123984336853027,Normal,Normal
2019-12-20 08:00:00,62.983333333333334,45.89369201660156,Moderate,Moderate
2019-12-20 09:00:00,82.81583333333334,62.556556701660156,Moderate,Moderate
2019-12-20 10:00:00,95.68771929824561,69.54588317871094,Severe,Moderate
2019-12-20 11:00:00,52.70131578947369,30.265512466430664,Moderate,Moderate
2019-12-20 12:00:00,151.07666666666665,123.4337158203125,Severe,Severe
2019-12-20 13:00:00,184.37528735632185,164.12930297851562,Severe,Severe
2019-12-20 14:00:00,185.67380952380952,177.5702362060547,Severe,Severe
2019-12-20 15:00:00,167.6328431372549,150.998046875,Severe,Severe
2019-12-20 16:00:00,191.65384615384616,172.92901611328125,Severe,Severe
2019-12-20 17:00:00,220.36111111111111,186.17385864257812,Severe,Severe
2019-12-20 18:00:00,215.04527777777778,203.746337890625,Severe,Severe
2019-12-20 19:00:00,184.40472972972972,167.4445343017578,Severe,Severe
2019-12-20 20:00:00,189.26791666666668,179.5407257080078,Severe,Severe
2019-12-20 21:00:00,194.15043859649123,170.3638916015625,Severe,Severe
2019-12-20 22:00:00,198.24981060606058,157.57350158691406,Severe,Severe
2019-12-20 23:00:00,210.01754385964912,198.81072998046875,Severe,Severe
2019-12-21 00:00:00,201.0434027777778,204.0697021484375,Severe,Severe
2019-12-21 01:00:00,255.27333333333337,160.89059448242188,Severe,Severe
2019-12-21 02:00:00,96.67916666666666,67.50051879882812,Severe,Moderate
2019-12-21 03:00:00,62.920833333333334,28.10279655456543,Moderate,Moderate
2019-12-21 04:00:00,101.05833333333332,71.05955505371094,Severe,Moderate
2019-12-21 05:00:00,76.45333333333335,42.34996795654297,Moderate,Moderate
2019-12-21 06:00:00,94.72857142857143,33.955081939697266,Severe,Moderate
2019-12-21 07:00:00,58.6725,48.91252136230469,Moderate,Moderate
2019-12-21 08:00:00,55.69166666666666,38.390472412109375,Moderate,Moderate
2019-12-21 09:00:00,70.92065217391306,42.965641021728516,Moderate,Moderate
2019-12-21 10:00:00,103.56309523809524,73.72785186767578,Severe,Moderate
2019-12-21 11:00:00,104.72403846153847,98.83924102783203,Severe,Severe
2019-12-21 12:00:00,170.55111111111108,152.791748046875,Severe,Severe
2019-12-21 13:00:00,133.05,124.78076171875,Severe,Severe
2019-12-21 14:00:00,161.27971014492755,159.54881286621094,Severe,Severe
2019-12-21 15:00:00,204.59345238095239,192.7163848876953,Severe,Severe
2019-12-21 16:00:00,218.68958333333333,199.3707275390625,Severe,Severe
2019-12-21 17:00:00,200.737962962963,189.46449279785156,Severe,Severe
2019-12-21 18:00:00,158.69812499999998,149.9356231689453,Severe,Severe
2019-12-21 19:00:00,168.18287037037035,151.9829864501953,Severe,Severe
2019-12-21 20:00:00,184.38700980392156,168.3324432373047,Severe,Severe
2019-12-21 21:00:00,153.7171568627451,138.82952880859375,Severe,Severe
2019-12-21 22:00:00,211.03547008547008,195.71763610839844,Severe,Severe
2019-12-21 23:00:00,225.96228070175437,214.23829650878906,Severe,Severe
2019-12-22 00:00:00,235.39666666666668,213.5165557861328,Severe,Severe
2019-12-22 01:00:00,304.61538461538464,223.31417846679688,Severe,Severe
2019-12-22 02:00:00,240.1652777777778,121.8653793334961,Severe,Severe
2019-12-22 03:00:00,69.93541666666667,33.64033889770508,Moderate,Moderate
2019-12-22 04:00:00,2.3333333333333335,1.3687262535095215,Normal,Normal
2019-12-22 05:00:00,66.140625,41.809391021728516,Moderate,Moderate
2019-12-22 06:00:00,19.336309523809526,9.13537883758545,Normal,Normal
2019-12-22 07:00:00,45.9125,27.9521484375,Moderate,Moderate
2019-12-22 08:00:00,56.968859649122805,44.5367317199707,Moderate,Moderate
2019-12-22 09:00:00,56.85833333333333,36.26436233520508,Moderate,Moderate
2019-12-22 10:00:00,81.79313725490196,74.25848388671875,Moderate,Moderate
2019-12-22 11:00:00,162.88771929824563,149.72315979003906,Severe,Severe
2019-12-22 12:00:00,142.05229885057472,134.55917358398438,Severe,Severe
2019-12-22 13:00:00,167.3528735632184,157.2329559326172,Severe,Severe
2019-12-22 14:00:00,229.61538461538464,217.54847717285156,Severe,Severe
2019-12-22 15:00:00,145.10466666666667,131.2481231689453,Severe,Severe
2019-12-22 16:00:00,221.73636363636365,201.8531494140625,Severe,Severe
2019-12-22 17:00:00,215.36666666666667,183.9805145263672,Severe,Severe
2019-12-22 18:00:00,188.5418918918919,179.65382385253906,Severe,Severe
2019-12-22 19:00:00,157.42104166666667,145.0928497314453,Severe,Severe
2019-12-22 20:00:00,153.84562499999998,148.45925903320312,Severe,Severe
2019-12-22 21:00:00,227.8163461538462,218.77603149414062,Severe,Severe
2019-12-22 22:00:00,207.0063063063063,179.4823455810547,Severe,Severe
2019-12-22 23:00:00,212.26036036036035,194.0341796875,Severe,Severe
2019-12-23 00:00:00,259.32192982456144,238.94122314453125,Severe,Severe
2019-12-23 01:00:00,208.41302083333335,171.0021514892578,Severe,Severe
2019-12-23 02:00:00,114.10535714285713,61.6764030456543,Severe,Moderate
2019-12-23 03:00:00,83.80000000000001,32.785091400146484,Moderate,Moderate
2019-12-23 04:00:00,105.67500000000001,43.0733642578125,Severe,Moderate
2019-12-23 05:00:00,6.571428571428571,1.6821727752685547,Normal,Normal
2019-12-23 06:00:00,61.21944444444445,38.25321960449219,Moderate,Moderate
2019-12-23 07:00:00,48.583730158730155,40.25286102294922,Moderate,Moderate
2019-12-23 08:00:00,53.03774509803922,48.9779167175293,Moderate,Moderate
2019-12-23 09:00:00,62.21805555555555,54.05751419067383,Moderate,Moderate
2019-12-23 10:00:00,100.58072916666667,68.2850341796875,Severe,Moderate
2019-12-23 11:00:00,83.29791666666667,71.7170181274414,Moderate,Moderate
2019-12-23 12:00:00,176.74367816091953,166.5697784423828,Severe,Severe
2019-12-23 13:00:00,134.29333333333335,134.30743408203125,Severe,Severe
2019-12-23 14:00:00,204.2532828282828,196.3824920654297,Severe,Severe
2019-12-23 15:00:00,169.9900641025641,153.61355590820312,Severe,Severe
2019-12-23 16:00:00,191.11319444444447,180.35858154296875,Severe,Severe
2019-12-23 17:00:00,190.1995098039216,180.2516326904297,Severe,Severe
2019-12-23 18:00:00,171.540404040404,169.71812438964844,Severe,Severe
2019-12-23 19:00:00,157.14541666666668,152.0744171142578,Severe,Severe
2019-12-23 20:00:00,185.14188596491226,185.99713134765625,Severe,Severe
2019-12-23 21:00:00,174.29145299145299,173.0222625732422,Severe,Severe
2019-12-23 22:00:00,208.0883333333333,207.8769073486328,Severe,Severe
2019-12-23 23:00:00,211.8905405405405,206.1634063720703,Severe,Severe
2019-12-24 00:00:00,265.7644927536232,248.28086853027344,Severe,Severe
2019-12-24 01:00:00,215.79583333333332,182.68251037597656,Severe,Severe
2019-12-24 02:00:00,103.75482456140351,44.643951416015625,Severe,Moderate
2019-12-24 03:00:00,108.56833333333334,69.63526916503906,Severe,Moderate
2019-12-24 04:00:00,115.2878787878788,98.0009765625,Severe,Severe
2019-12-24 05:00:00,11.942857142857141,7.395569324493408,Normal,Normal
2019-12-24 06:00:00,56.212500000000006,38.567039489746094,Moderate,Moderate
2019-12-24 07:00:00,60.94777777777777,50.68050003051758,Moderate,Moderate
2019-12-24 08:00:00,53.34166666666667,51.34286880493164,Moderate,Moderate
2019-12-24 09:00:00,76.85708333333334,73.63883972167969,Moderate,Moderate
2019-12-24 10:00:00,40.71354166666667,34.05695724487305,Moderate,Moderate
2019-12-24 11:00:00,74.99635416666666,71.591064453125,Moderate,Moderate
2019-12-24 12:00:00,161.21999999999997,156.31443786621094,Severe,Severe
2019-12-24 13:00:00,175.00861111111115,162.5750274658203,Severe,Severe
2019-12-24 14:00:00,185.82611111111112,165.08889770507812,Severe,Severe
2019-12-24 15:00:00,196.31614583333334,175.02455139160156,Severe,Severe
2019-12-24 16:00:00,193.83448275862068,186.56724548339844,Severe,Severe
2019-12-24 17:00:00,191.77083333333334,185.77455139160156,Severe,Severe
2019-12-24 18:00:00,191.98619047619047,187.7457275390625,Severe,Severe
2019-12-24 19:00:00,114.27222222222223,109.39720916748047,Severe,Severe
2019-12-24 20:00:00,182.07571428571427,177.46875,Severe,Severe
2019-12-24 21:00:00,195.6530701754386,189.67001342773438,Severe,Severe
2019-12-24 22:00:00,194.72151162790698,183.10580444335938,Severe,Severe
2019-12-24 23:00:00,229.57428571428574,224.0777130126953,Severe,Severe
2019-12-25 00:00:00,227.7400641025641,208.71206665039062,Severe,Severe
2019-12-25 01:00:00,226.8482142857143,189.19932556152344,Severe,Severe
2019-12-25 02:00:00,97.95572916666666,46.625892639160156,Severe,Moderate
2019-12-25 03:00:00,65.75185185185185,37.60967254638672,Moderate,Moderate
2019-12-25 04:00:00,123.46060606060605,107.02334594726562,Severe,Severe
2019-12-25 05:00:00,8.761904761904761,4.337435245513916,Normal,Normal
2019-12-25 06:00:00,83.92850877192984,41.485923767089844,Moderate,Moderate
2019-12-25 07:00:00,54.41811594202898,58.25614547729492,Moderate,Moderate
2019-12-25 08:00:00,41.801449275362316,39.226463317871094,Moderate,Moderate
2019-12-25 09:00:00,60.64927536231883,61.875732421875,Moderate,Moderate
2019-12-25 10:00:00,78.63416666666667,67.28150177001953,Moderate,Moderate
2019-12-25 11:00:00,146.62430555555557,144.70619201660156,Severe,Severe
2019-12-25 12:00:00,179.20208333333332,172.5566864013672,Severe,Severe
2019-12-25 13:00:00,146.3813725490196,145.61439514160156,Severe,Severe
2019-12-25 14:00:00,183.9206896551724,184.20880126953125,Severe,Severe
2019-12-25 15:00:00,171.584068627451,162.48109436035156,Severe,Severe
2019-12-25 16:00:00,174.18463541666665,175.52407836914062,Severe,Severe
2019-12-25 17:00:00,228.65945945945944,217.6107940673828,Severe,Severe
2019-12-25 18:00:00,136.7527777777778,138.8858642578125,Severe,Severe
2019-12-25 19:00:00,131.07354166666667,132.45596313476562,Severe,Severe
2019-12-25 20:00:00,194.6727642276423,194.85870361328125,Severe,Severe
2019-12-25 21:00:00,170.78026315789472,175.45130920410156,Severe,Severe
2019-12-25 22:00:00,194.40166666666667,195.8566436767578,Severe,Severe
2019-12-25 23:00:00,225.7623931623932,208.32066345214844,Severe,Severe
2019-12-26 00:00:00,240.40601851851847,238.67425537109375,Severe,Severe
2019-12-26 01:00:00,100.11388888888888,96.17300415039062,Severe,Severe
2019-12-26 02:00:00,91.82604166666667,56.06986999511719,Severe,Moderate
2019-12-26 03:00:00,103.58,72.43546295166016,Severe,Moderate
2019-12-26 04:00:00,160.16153846153844,78.01567840576172,Severe,Moderate
2019-12-26 05:00:00,43.37083333333333,31.348562240600586,Moderate,Moderate
2019-12-26 06:00:00,118.4308823529412,80.07376098632812,Severe,Moderate
2019-12-26 07:00:00,67.95434782608694,56.422481536865234,Moderate,Moderate
2019-12-26 08:00:00,59.861403508771936,42.10880661010742,Moderate,Moderate
2019-12-26 09:00:00,42.43333333333333,40.28605651855469,Moderate,Moderate
2019-12-26 10:00:00,84.99843750000001,70.73676300048828,Moderate,Moderate
2019-12-26 11:00:00,142.17196969696968,131.71551513671875,Severe,Severe
2019-12-26 12:00:00,141.1565476190476,111.6085205078125,Severe,Severe
2019-12-26 13:00:00,184.5894230769231,164.66688537597656,Severe,Severe
2019-12-26 14:00:00,162.51095238095238,145.633056640625,Severe,Severe
2019-12-26 15:00:00,153.4038888888889,151.44943237304688,Severe,Severe
2019-12-26 16:00:00,194.29444444444445,184.63177490234375,Severe,Severe
2019-12-26 17:00:00,227.80353535353535,226.2765655517578,Severe,Severe
2019-12-26 18:00:00,165.24761904761903,163.52316284179688,Severe,Severe
2019-12-26 19:00:00,149.85367647058823,150.16656494140625,Severe,Severe
2019-12-26 20:00:00,187.053125,189.05377197265625,Severe,Severe
2019-12-26 21:00:00,154.18552631578945,150.4871826171875,Severe,Severe
2019-12-26 22:00:00,224.4331140350877,217.0841827392578,Severe,Severe
2019-12-26 23:00:00,287.70181159420287,267.8659973144531,Severe,Severe
2019-12-27 00:00:00,196.34814814814817,168.39317321777344,Severe,Severe
2019-12-27 01:00:00,139.63653846153846,130.69898986816406,Severe,Severe
2019-12-27 02:00:00,93.084375,55.524009704589844,Severe,Moderate
2019-12-27 03:00:00,131.38333333333333,39.94386291503906,Severe,Moderate
2019-12-27 04:00:00,103.27037037037037,100.38601684570312,Severe,Severe
2019-12-27 05:00:00,9.037500000000001,4.9928741455078125,Normal,Normal
2019-12-27 06:00:00,19.184803921568626,15.514368057250977,Normal,Normal
2019-12-27 07:00:00,47.55729166666667,46.22136688232422,Moderate,Moderate
2019-12-27 08:00:00,55.94561403508772,44.86350631713867,Moderate,Moderate
2019-12-27 09:00:00,87.73968253968253,73.3154525756836,Moderate,Moderate
2019-12-27 10:00:00,85.48214285714286,49.4112663269043,Moderate,Moderate
2019-12-27 11:00:00,129.4598484848485,116.2135009765625,Severe,Severe
2019-12-27 12:00:00,152.1483333333333,125.69247436523438,Severe,Severe
2019-12-27 13:00:00,190.73111111111112,174.5451202392578,Severe,Severe
2019-12-27 14:00:00,186.2893333333333,164.86062622070312,Severe,Severe
2019-12-27 15:00:00,208.96944444444443,199.73573303222656,Severe,Severe
2019-12-27 16:00:00,214.88305555555556,208.2640838623047,Severe,Severe
2019-12-27 17:00:00,163.76619047619047,153.39816284179688,Severe,Severe
2019-12-27 18:00:00,215.79617117117118,207.5682373046875,Severe,Severe
2019-12-27 19:00:00,163.65535714285713,159.9989013671875,Severe,Severe
2019-12-27 20:00:00,156.5027777777778,158.15170288085938,Severe,Severe
2019-12-27 21:00:00,178.23706140350873,165.2062225341797,Severe,Severe
2019-12-27 22:00:00,213.33157894736843,203.980224609375,Severe,Severe
2019-12-27 23:00:00,231.08690476190478,224.74053955078125,Severe,Severe
2019-12-28 00:00:00,262.99895833333335,247.3854522705078,Severe,Severe
2019-12-28 01:00:00,254.02651515151513,235.9729461669922,Severe,Severe
2019-12-28 02:00:00,180.53444444444446,65.69381713867188,Severe,Moderate
2019-12-28 03:00:00,106.26333333333332,70.84870910644531,Severe,Moderate
2019-12-28 05:00:00,18.07222222222222,2.250498056411743,Normal,Normal
2019-12-28 06:00:00,25.617156862745098,22.674598693847656,Moderate,Moderate
2019-12-28 07:00:00,50.00079365079366,34.584510803222656,Moderate,Moderate
2019-12-28 08:00:00,9.038541666666667,6.8734283447265625,Normal,Normal
2019-12-28 09:00:00,81.1675925925926,66.2782211303711,Moderate,Moderate
2019-12-28 10:00:00,75.06742424242424,36.09305191040039,Moderate,Moderate
2019-12-28 11:00:00,101.94601449275362,97.1056137084961,Severe,Severe
2019-12-28 12:00:00,125.06842105263159,112.65784454345703,Severe,Severe
2019-12-28 13:00:00,206.6290229885057,200.23419189453125,Severe,Severe
2019-12-28 14:00:00,169.76944444444445,160.47955322265625,Severe,Severe
2019-12-28 15:00:00,204.49166666666665,196.82460021972656,Severe,Severe
2019-12-28 16:00:00,223.79285714285712,207.5929412841797,Severe,Severe
2019-12-28 17:00:00,206.58181818181816,176.37599182128906,Severe,Severe
2019-12-28 18:00:00,207.4227272727273,195.9682159423828,Severe,Severe
2019-12-28 19:00:00,132.71140350877192,123.32198333740234,Severe,Severe
2019-12-28 20:00:00,188.19861111111112,180.86256408691406,Severe,Severe
2019-12-28 21:00:00,181.72857142857143,182.3016815185547,Severe,Severe
2019-12-28 22:00:00,185.33461538461538,174.69532775878906,Severe,Severe
2019-12-28 23:00:00,230.19059139784943,227.27867126464844,Severe,Severe
2019-12-29 00:00:00,226.99965277777778,211.9203338623047,Severe,Severe
2019-12-29 01:00:00,205.33625,154.40966796875,Severe,Severe
2019-12-29 02:00:00,88.275,56.38996887207031,Moderate,Moderate
2019-12-29 03:00:00,72.59444444444445,33.11723709106445,Moderate,Moderate
2019-12-29 04:00:00,80.89999999999999,37.61410140991211,Moderate,Moderate
2019-12-29 05:00:00,60.3371794871795,49.00856018066406,Moderate,Moderate
2019-12-29 06:00:00,8.066666666666666,6.709197998046875,Normal,Normal
2019-12-29 07:00:00,58.02564102564103,54.28322219848633,Moderate,Moderate
2019-12-29 08:00:00,46.73368055555556,39.293190002441406,Moderate,Moderate
2019-12-29 09:00:00,81.46916666666667,65.87226867675781,Moderate,Moderate
2019-12-29 10:00:00,60.86635802469136,53.3631591796875,Moderate,Moderate
2019-12-29 11:00:00,127.13950617283952,105.63085174560547,Severe,Severe
2019-12-29 12:00:00,200.35619047619048,184.9469757080078,Severe,Severe
2019-12-29 13:00:00,161.17612612612612,160.94676208496094,Severe,Severe
2019-12-29 14:00:00,212.9924731182796,215.67088317871094,Severe,Severe
2019-12-29 15:00:00,134.4113888888889,144.36807250976562,Severe,Severe
2019-12-29 16:00:00,153.84517543859653,149.0212860107422,Severe,Severe
2019-12-29 17:00:00,237.39166666666668,221.53387451171875,Severe,Severe
2019-12-29 18:00:00,174.07547619047617,173.83242797851562,Severe,Severe
2019-12-29 19:00:00,111.15405405405407,109.7151870727539,Severe,Severe
2019-12-29 20:00:00,173.78910256410256,176.84323120117188,Severe,Severe
2019-12-29 21:00:00,205.12581300813008,201.36061096191406,Severe,Severe
2019-12-29 22:00:00,211.39617117117115,209.10401916503906,Severe,Severe
2019-12-29 23:00:00,233.6213963963964,225.65989685058594,Severe,Severe
2019-12-30 00:00:00,252.34375,219.7322998046875,Severe,Severe
2019-12-30 01:00:00,161.46470588235294,134.07669067382812,Severe,Severe
2019-12-30 02:00:00,122.64722222222223,68.583984375,Severe,Moderate
2019-12-30 03:00:00,64.1111111111111,48.71247863769531,Moderate,Moderate
2019-12-30 04:00:00,63.10666666666667,67.44366455078125,Moderate,Moderate
2019-12-30 05:00:00,8.271794871794873,2.331505537033081,Normal,Normal
2019-12-30 06:00:00,3.386904761904762,3.2678754329681396,Normal,Normal
2019-12-30 07:00:00,43.775925925925925,27.586719512939453,Moderate,Moderate
2019-12-30 08:00:00,32.179761904761904,34.22587966918945,Moderate,Moderate
2019-12-30 09:00:00,54.273809523809526,41.45650863647461,Moderate,Moderate
2019-12-30 10:00:00,86.88333333333334,58.03702926635742,Moderate,Moderate
2019-12-30 11:00:00,103.61174242424241,62.38253402709961,Severe,Moderate
2019-12-30 12:00:00,118.49675925925925,80.10481262207031,Severe,Moderate
2019-12-30 13:00:00,161.6564393939394,116.89435577392578,Severe,Severe
2019-12-30 14:00:00,197.7462365591398,169.47779846191406,Severe,Severe
2019-12-30 15:00:00,190.88431372549022,156.6485595703125,Severe,Severe
2019-12-30 16:00:00,188.59070512820514,161.14239501953125,Severe,Severe
2019-12-30 17:00:00,254.01250000000002,213.95887756347656,Severe,Severe
2019-12-30 18:00:00,175.54273504273505,130.979248046875,Severe,Severe
2019-12-30 19:00:00,117.32761904761907,105.44755554199219,Severe,Severe
2019-12-30 20:00:00,195.82708333333332,185.67481994628906,Severe,Severe
2019-12-30 21:00:00,200.05083333333332,192.09588623046875,Severe,Severe
2019-12-30 22:00:00,240.98235294117646,226.98240661621094,Severe,Severe
2019-12-30 23:00:00,244.33112745098038,234.15745544433594,Severe,Severe
